Patient Id,Patient Admission Date,Patient First Initial,Patient Last Name,Patient Gender,Patient Age,Patient Race,Department referrence,Patient Admission Flag,Patient Satisfaction Score,Patient Waittime,Patients CM,Clean department,Month,Day of Week,Age Group
145-39-5406,2024-03-20 08:47:00,H,Glasspool,M,69,White,H,True,10.0,39,False,H,March,Wednesday,Senior
316-34-3057,2024-06-15 11:29:00,X,Methuen,M,4,Native American/Alaska Native,X,True,,27,False,X,June,Saturday,Child
897-46-3852,2024-06-20 09:13:00,P,Schubuser,F,56,African American,P,True,9.0,55,False,P,June,Thursday,Adult
358-31-9711,2024-04-02 22:34:00,U,Titcombe,F,24,Native American/Alaska Native,U,True,8.0,31,False,U,April,Tuesday,Adult
289-26-0537,2024-04-09 17:48:00,Y,Gionettitti,M,5,African American,Y,True,,10,False,Y,April,Tuesday,Child
255-51-2877,2023-04-20 00:13:00,H,Buff,M,58,Asian,H,True,,59,False,H,April,Thursday,Adult
465-97-0990,2023-08-23 08:26:00,F,Perrat,F,68,White,F,True,,43,False,F,August,Wednesday,Senior
157-31-7520,2023-07-29 16:57:00,K,Gwillim,F,47,Two or More Races,K,True,,23,False,K,July,Saturday,Adult
432-34-5614,2024-02-19 06:54:00,E,Dewhirst,F,79,White,E,True,1.0,42,False,E,February,Monday,Senior
609-17-8678,2024-11-10 05:25:00,M,Crebo,M,62,African American,M,True,,51,False,M,November,Sunday,Senior
497-14-6812,2024-07-26 01:45:00,Q,Churchard,F,73,White,Q,True,,34,False,Q,July,Friday,Senior
393-38-9502,2024-10-03 22:02:00,N,Corpes,F,16,White,N,True,,39,False,N,October,Thursday,Teen
288-05-6370,2023-12-11 16:00:00,R,Brixey,F,16,Native American/Alaska Native,R,True,,53,False,R,December,Monday,Teen
784-54-9931,2023-06-25 09:40:00,M,Goudie,M,46,Pacific Islander,M,True,,45,False,M,June,Sunday,Adult
662-21-6522,2023-04-05 13:16:00,G,Stanlack,M,69,White,G,True,,49,True,G,April,Wednesday,Senior
628-73-1801,2023-09-19 01:53:00,C,McMurty,M,37,Declined to Identify,C,True,,57,False,C,September,Tuesday,Adult
370-19-2271,2024-05-25 22:11:00,I,Scothorn,F,50,Asian,I,True,,35,False,I,May,Saturday,Adult
458-98-8860,2023-06-25 18:59:00,J,Helgass,M,37,Declined to Identify,J,True,,55,False,J,June,Sunday,Adult
728-31-2493,2023-04-09 16:15:00,W,Chittock,F,70,Asian,W,True,,50,False,W,April,Sunday,Senior
823-34-5523,2023-11-16 23:46:00,F,Prendergast,M,55,Asian,F,True,2.0,40,False,F,November,Thursday,Adult
621-70-7472,2023-06-30 05:22:00,T,Bissiker,F,63,Native American/Alaska Native,T,True,,25,False,T,June,Friday,Senior
344-36-7156,2023-05-22 16:48:00,M,Mandell,F,44,Asian,M,True,2.0,51,True,M,May,Monday,Adult
455-21-3671,2023-11-17 07:24:00,D,Coste,F,11,Declined to Identify,D,True,4.0,30,False,D,November,Friday,Child
259-10-0339,2024-01-26 05:58:00,Q,Dodridge,M,8,Asian,Q,True,,16,False,Q,January,Friday,Child
720-54-2625,2023-05-24 14:42:00,C,Pavie,F,4,Native American/Alaska Native,C,True,,23,True,C,May,Wednesday,Child
661-92-7059,2023-12-04 21:02:00,Z,Sleightholm,M,42,African American,Z,True,0.0,51,False,Z,December,Monday,Adult
598-53-3927,2024-04-09 02:30:00,S,Noads,F,68,African American,S,True,,58,False,S,April,Tuesday,Senior
715-74-5338,2023-12-16 13:02:00,J,Filkin,M,22,Pacific Islander,J,True,,25,False,J,December,Saturday,Adult
669-74-2146,2024-11-03 17:06:00,C,Bilby,F,58,Declined to Identify,C,True,,55,False,C,November,Sunday,Adult
693-38-2084,2024-07-07 14:58:00,H,Kehoe,F,72,African American,H,True,,37,False,H,July,Sunday,Senior
548-93-9953,2024-02-04 13:19:00,S,O'Neill,F,73,Two or More Races,S,True,,46,False,S,February,Sunday,Senior
334-76-4005,2023-06-30 22:38:00,J,Sibbit,M,35,White,J,True,,40,False,J,June,Friday,Adult
846-66-7490,2024-05-08 15:17:00,T,Clissett,M,48,White,T,True,,53,False,T,May,Wednesday,Adult
278-49-6531,2024-05-08 01:33:00,L,Vannacci,F,74,White,L,True,0.0,20,False,L,May,Wednesday,Senior
600-62-3412,2024-01-16 20:05:00,H,Ponting,M,14,Two or More Races,H,True,,52,False,H,January,Tuesday,Teen
745-62-9973,2024-08-01 23:55:00,D,Bleacher,F,37,Declined to Identify,D,True,,49,False,D,August,Thursday,Adult
384-70-5840,2023-12-14 21:22:00,B,Drinkeld,M,25,African American,B,True,,10,False,B,December,Thursday,Adult
285-41-0221,2024-12-07 13:12:00,N,Aggiss,M,39,Two or More Races,N,True,,52,False,N,December,Saturday,Adult
124-73-3676,2024-01-06 10:34:00,K,Bilofsky,M,48,Declined to Identify,K,True,,35,False,K,January,Saturday,Adult
878-55-0051,2023-06-07 19:47:00,R,Harrington,F,22,African American,R,True,,16,False,R,June,Wednesday,Adult
206-25-4281,2024-06-15 13:40:00,D,Yarrington,F,72,Declined to Identify,D,True,7.0,33,False,D,June,Saturday,Senior
472-28-5842,2023-12-10 15:03:00,N,Gulliman,F,41,Pacific Islander,N,True,,16,False,N,December,Sunday,Adult
553-27-8559,2023-05-27 06:13:00,Q,Garnsworthy,F,8,African American,Q,True,,59,True,Q,May,Saturday,Child
319-83-9008,2024-03-23 13:43:00,H,Hesbrook,F,70,Native American/Alaska Native,H,True,,39,False,H,March,Saturday,Senior
434-16-5502,2023-08-04 12:59:00,N,Romanet,F,50,White,N,True,,37,False,N,August,Friday,Adult
672-89-2190,2023-03-09 18:39:00,K,Rushmare,F,33,Declined to Identify,K,True,3.0,16,False,K,March,Thursday,Adult
135-05-4896,2023-07-29 17:37:00,P,Pow,M,17,Two or More Races,P,True,,56,False,P,July,Saturday,Teen
760-33-4176,2024-10-08 02:38:00,Q,Dear,F,45,White,Q,True,,57,False,Q,October,Tuesday,Adult
624-71-9493,2023-11-10 01:56:00,X,Leake,F,53,White,X,True,,21,False,X,November,Friday,Adult
479-42-8894,2023-04-18 22:46:00,Z,Friman,F,15,White,Z,True,,29,False,Z,April,Tuesday,Teen
324-75-4743,2024-08-09 10:26:00,T,Aldridge,M,48,Pacific Islander,T,True,,13,False,T,August,Friday,Adult
207-15-4815,2024-05-26 06:51:00,O,Brattan,F,20,Asian,O,True,,53,False,O,May,Sunday,Adult
407-45-1728,2024-05-15 21:10:00,L,Bourcq,M,45,Asian,L,True,,37,False,L,May,Wednesday,Adult
354-75-9525,2024-09-25 16:11:00,L,Shayes,F,76,African American,L,True,,19,False,L,September,Wednesday,Senior
298-72-2588,2024-10-24 04:53:00,E,Lillistone,M,74,Two or More Races,E,True,9.0,48,False,E,October,Thursday,Senior
794-74-3955,2024-10-15 10:41:00,E,Cunningham,M,15,Declined to Identify,E,True,,57,False,E,October,Tuesday,Teen
213-04-4901,2024-04-22 04:59:00,L,Zum Felde,M,21,Asian,L,True,,13,False,L,April,Monday,Adult
683-46-5079,2024-05-03 14:01:00,B,Gostridge,M,47,Declined to Identify,B,True,,45,False,B,May,Friday,Adult
843-56-0384,2024-06-16 17:00:00,I,Fairrie,M,60,Asian,I,True,,41,False,I,June,Sunday,Adult
882-39-1200,2023-09-19 05:19:00,P,Walak,M,10,Two or More Races,P,True,,55,False,P,September,Tuesday,Child
697-90-3233,2024-03-23 11:13:00,W,Escale,M,54,Two or More Races,W,True,10.0,58,False,W,March,Saturday,Adult
481-99-0791,2024-01-14 06:07:00,Y,Silveston,F,15,White,Y,True,7.0,12,False,Y,January,Sunday,Teen
218-42-0736,2024-04-26 09:19:00,T,Dickin,M,55,Declined to Identify,T,True,,30,False,T,April,Friday,Adult
111-19-4529,2023-08-08 11:23:00,Q,Khoter,M,11,White,Q,True,,48,False,Q,August,Tuesday,Child
490-74-0642,2024-08-28 22:40:00,F,Deshorts,M,7,Asian,F,True,,31,False,F,August,Wednesday,Child
498-99-8689,2023-08-14 11:22:00,J,McAmish,M,49,Pacific Islander,J,True,,18,False,J,August,Monday,Adult
705-01-2168,2023-09-13 20:55:00,S,Jowitt,F,70,African American,S,True,,55,False,S,September,Wednesday,Senior
119-28-5124,2023-04-18 14:57:00,O,Pocklington,F,16,Asian,O,True,,51,False,O,April,Tuesday,Teen
509-88-2899,2023-09-23 23:51:00,F,Brudenell,M,14,Two or More Races,F,True,4.0,23,False,F,September,Saturday,Teen
258-48-2258,2023-06-22 23:33:00,T,Lyons,M,41,African American,T,True,4.0,46,False,T,June,Thursday,Adult
369-33-5075,2023-10-20 00:48:00,H,Esposi,M,8,African American,H,True,,37,False,H,October,Friday,Child
643-90-3414,2024-08-10 15:51:00,U,Mangham,M,64,Pacific Islander,U,True,,59,False,U,August,Saturday,Senior
412-29-6293,2024-11-05 15:52:00,J,Gianneschi,F,76,Two or More Races,J,True,,34,False,J,November,Tuesday,Senior
844-81-9989,2024-03-22 02:48:00,C,Veldens,F,17,African American,C,True,,27,False,C,March,Friday,Teen
839-13-8580,2023-05-09 10:18:00,X,Barbery,M,38,Two or More Races,X,True,,55,False,X,May,Tuesday,Adult
367-52-9587,2023-03-07 20:27:00,R,Millan,F,75,White,R,True,,34,False,R,March,Tuesday,Senior
621-85-6677,2024-08-05 18:03:00,X,Klimowicz,M,77,Native American/Alaska Native,X,True,0.0,17,False,X,August,Monday,Senior
563-01-2494,2024-06-01 20:40:00,D,Blaasch,M,34,Asian,D,True,,40,False,D,June,Saturday,Adult
570-11-3903,2024-07-03 10:00:00,X,Audiss,F,26,Asian,X,True,1.0,16,False,X,July,Wednesday,Adult
292-45-8684,2023-04-17 11:37:00,K,Hilliam,F,51,White,K,True,6.0,25,False,K,April,Monday,Adult
721-19-3123,2023-07-19 03:23:00,I,Franzelini,F,9,African American,I,True,,23,False,I,July,Wednesday,Child
652-33-9813,2024-06-15 03:46:00,D,Hovie,F,71,Two or More Races,D,True,,51,False,D,June,Saturday,Senior
809-14-6629,2023-11-17 06:23:00,N,Kinmond,M,51,African American,N,True,,33,False,N,November,Friday,Adult
304-72-3326,2024-06-13 20:15:00,O,Brito,F,73,Asian,O,True,0.0,10,False,O,June,Thursday,Senior
231-20-7799,2023-02-06 07:44:00,V,Puddifer,F,46,White,V,True,5.0,50,False,V,February,Monday,Adult
597-41-0817,2023-04-17 08:03:00,T,Titman,F,13,White,T,True,1.0,32,False,T,April,Monday,Teen
496-23-9655,2023-11-10 03:24:00,X,Maffin,F,15,Declined to Identify,X,True,9.0,15,False,X,November,Friday,Teen
636-90-6357,2023-10-17 13:28:00,B,Lambarth,M,57,White,B,True,2.0,35,False,B,October,Tuesday,Adult
300-34-2747,2023-10-12 21:12:00,B,Durrant,M,16,Pacific Islander,B,True,4.0,34,False,B,October,Thursday,Teen
178-52-1500,2024-06-29 14:27:00,K,Beavington,M,4,White,K,True,,59,False,K,June,Saturday,Child
521-84-1782,2023-11-19 19:44:00,A,Fidal,F,32,African American,A,True,7.0,14,False,A,November,Sunday,Adult
818-26-8196,2024-09-18 17:49:00,B,MacNally,M,26,African American,B,True,8.0,38,False,B,September,Wednesday,Adult
808-11-5508,2024-10-25 10:33:00,U,Peat,F,9,Declined to Identify,U,True,,37,False,U,October,Friday,Child
439-25-2191,2024-10-10 04:29:00,M,Plews,F,10,White,M,True,,26,False,M,October,Thursday,Child
186-28-5457,2024-10-14 06:03:00,L,Downing,F,24,Two or More Races,L,True,,11,False,L,October,Monday,Adult
854-61-3541,2024-08-21 01:01:00,U,Lightman,M,27,White,U,True,,11,False,U,August,Wednesday,Adult
368-53-4901,2024-08-31 06:38:00,I,Rubinsztein,M,26,White,I,True,7.0,59,False,I,August,Saturday,Adult
826-27-1762,2024-07-08 13:33:00,I,Melluish,M,79,African American,I,True,,29,False,I,July,Monday,Senior
335-73-2892,2023-08-26 08:32:00,Y,Ricks,M,15,Asian,Y,True,2.0,56,False,Y,August,Saturday,Teen
331-09-2284,2024-08-07 17:17:00,X,Laity,M,43,African American,X,True,0.0,47,False,X,August,Wednesday,Adult
888-46-1367,2023-04-10 11:46:00,W,Levee,F,14,African American,W,True,,19,False,W,April,Monday,Teen
577-17-4945,2024-06-09 21:58:00,Y,McGraw,M,59,White,Y,True,,34,False,Y,June,Sunday,Adult
113-60-6899,2024-07-07 07:16:00,W,Itscovitz,M,58,Declined to Identify,W,True,,36,False,W,July,Sunday,Adult
646-67-2143,2023-12-08 02:20:00,K,Halkyard,M,25,Two or More Races,K,True,,59,False,K,December,Friday,Adult
148-47-0490,2023-08-13 22:16:00,T,Friberg,M,64,Native American/Alaska Native,T,True,,42,False,T,August,Sunday,Senior
345-87-0533,2023-07-25 11:43:00,A,Alyukin,M,20,Declined to Identify,A,True,,34,False,A,July,Tuesday,Adult
603-14-9459,2024-05-13 14:35:00,A,Milier,M,69,White,A,True,,55,False,A,May,Monday,Senior
628-78-9167,2024-03-24 18:56:00,X,Pamphilon,M,26,White,X,True,,57,False,X,March,Sunday,Adult
814-60-0292,2024-09-14 10:47:00,Z,Gobourn,M,16,African American,Z,True,,11,False,Z,September,Saturday,Teen
306-67-0367,2023-10-20 19:52:00,J,Bullier,M,45,White,J,True,1.0,42,False,J,October,Friday,Adult
658-82-9991,2024-09-29 04:06:00,O,Roscher,M,7,Pacific Islander,O,True,9.0,45,False,O,September,Sunday,Child
770-82-7913,2024-09-04 13:10:00,N,Longworth,M,66,White,N,True,,45,False,N,September,Wednesday,Senior
659-64-3380,2024-09-07 04:33:00,C,Wahner,F,61,Asian,C,True,,58,False,C,September,Saturday,Senior
195-51-9264,2024-12-10 01:08:00,C,Lympany,F,47,White,C,True,,40,False,C,December,Tuesday,Adult
240-68-3060,2023-12-04 02:01:00,I,Tootell,M,66,White,I,True,,29,False,I,December,Monday,Senior
866-26-1903,2024-08-15 13:07:00,Q,Jerson,M,8,Asian,Q,True,3.0,24,False,Q,August,Thursday,Child
275-36-1151,2024-07-29 20:34:00,C,Tumilson,F,9,White,C,True,,21,False,C,July,Monday,Child
314-59-3768,2024-06-27 16:24:00,L,Ragsdale,F,24,Declined to Identify,L,True,,31,False,L,June,Thursday,Adult
310-26-9113,2024-02-08 04:10:00,C,Simpole,F,16,African American,C,True,,11,False,C,February,Thursday,Teen
698-47-1909,2023-07-26 02:49:00,C,Whittock,M,47,Two or More Races,C,True,,41,False,C,July,Wednesday,Adult
378-02-5523,2024-06-08 18:30:00,A,Gouldie,M,23,African American,A,True,0.0,23,False,A,June,Saturday,Adult
769-87-4732,2024-01-26 06:23:00,X,Bizley,F,51,African American,X,True,,52,False,X,January,Friday,Adult
120-71-9392,2024-10-06 09:44:00,K,Haet,M,26,White,K,True,,53,False,K,October,Sunday,Adult
200-22-3513,2024-05-08 02:17:00,O,Jansen,M,32,Declined to Identify,O,True,8.0,15,False,O,May,Wednesday,Adult
415-95-3806,2024-10-23 20:01:00,D,Bantham,F,76,African American,D,True,,49,False,D,October,Wednesday,Senior
635-96-2790,2024-01-29 11:24:00,H,Hookes,F,6,African American,H,True,9.0,23,False,H,January,Monday,Child
229-85-2969,2023-09-11 10:04:00,K,Najera,F,17,Two or More Races,K,True,,58,False,K,September,Monday,Teen
341-84-3922,2023-08-08 09:43:00,K,Carson,F,10,White,K,True,,40,False,K,August,Tuesday,Child
442-29-0481,2023-07-31 01:19:00,Q,Radish,F,55,Declined to Identify,Q,True,,47,False,Q,July,Monday,Adult
340-37-0758,2023-12-21 14:38:00,R,Feldman,F,73,White,R,True,,29,False,R,December,Thursday,Senior
260-54-7458,2024-06-15 10:40:00,O,Chesnay,F,29,Asian,O,True,,50,False,O,June,Saturday,Adult
421-27-7766,2023-07-24 13:00:00,O,Mc Coughan,M,51,White,O,True,,22,False,O,July,Monday,Adult
194-48-7359,2023-04-19 05:00:00,F,Stowers,M,60,White,F,True,,38,False,F,April,Wednesday,Adult
145-05-0045,2024-10-25 15:51:00,K,Jeffery,F,38,African American,K,True,5.0,15,False,K,October,Friday,Adult
497-86-6002,2024-09-20 12:11:00,W,Coll,M,72,White,W,True,,33,False,W,September,Friday,Senior
659-67-6667,2024-10-21 14:00:00,J,Schermick,F,72,White,J,True,,52,False,J,October,Monday,Senior
544-69-9655,2023-11-16 08:06:00,G,Westcarr,M,75,Asian,G,True,,48,False,G,November,Thursday,Senior
887-86-8057,2024-03-22 13:28:00,W,Isaak,F,16,Asian,W,True,,14,False,W,March,Friday,Teen
795-38-6179,2024-07-03 11:47:00,J,Beade,M,8,Native American/Alaska Native,J,True,10.0,25,False,J,July,Wednesday,Child
706-66-3236,2024-10-22 07:43:00,A,McIlwain,M,71,Two or More Races,A,True,,25,False,A,October,Tuesday,Senior
562-98-3699,2024-03-04 03:30:00,L,Yglesia,M,28,White,L,True,4.0,25,False,L,March,Monday,Adult
180-35-8890,2024-01-03 08:58:00,S,Vigurs,F,22,Declined to Identify,S,True,8.0,31,False,S,January,Wednesday,Adult
359-98-5533,2024-08-23 23:49:00,E,Kobiela,F,16,Two or More Races,E,True,,58,False,E,August,Friday,Teen
790-27-9833,2024-01-15 11:10:00,C,McClory,F,29,African American,C,True,,14,False,C,January,Monday,Adult
432-40-5889,2024-07-16 12:28:00,A,Capenor,M,19,White,A,True,,26,False,A,July,Tuesday,Adult
236-99-6309,2024-06-30 03:31:00,I,Feak,F,60,Native American/Alaska Native,I,True,4.0,18,False,I,June,Sunday,Adult
662-90-5190,2024-03-25 15:16:00,O,Blore,M,71,Asian,O,True,,46,False,O,March,Monday,Senior
770-08-4969,2024-05-05 08:57:00,N,Bidewell,M,77,White,N,True,,26,False,N,May,Sunday,Senior
893-18-5714,2023-11-21 14:41:00,O,Gambie,F,49,Asian,O,True,,48,False,O,November,Tuesday,Adult
190-91-2664,2024-08-17 11:53:00,C,Goullee,F,14,Pacific Islander,C,True,,20,False,C,August,Saturday,Teen
213-46-3828,2023-05-18 15:35:00,X,Urlich,M,6,Asian,X,True,,11,True,X,May,Thursday,Child
808-75-2972,2024-06-10 05:24:00,X,Spellesy,M,6,Declined to Identify,X,True,,36,False,X,June,Monday,Child
496-69-3161,2023-11-08 01:22:00,A,Shark,F,48,Declined to Identify,A,True,,49,False,A,November,Wednesday,Adult
239-37-0566,2024-02-27 17:03:00,S,Banton,M,10,White,S,True,,17,False,S,February,Tuesday,Child
469-30-6816,2024-08-10 01:00:00,G,Preuvost,M,34,African American,G,True,,26,False,G,August,Saturday,Adult
502-54-3350,2024-01-14 15:13:00,Z,Row,F,42,African American,Z,True,,55,False,Z,January,Sunday,Adult
876-70-2288,2024-05-06 10:39:00,G,Sallery,F,3,African American,G,True,7.0,31,False,G,May,Monday,Child
767-42-4576,2023-06-22 18:20:00,M,End,M,22,African American,M,True,,22,False,M,June,Thursday,Adult
251-38-8325,2024-05-24 14:50:00,X,Marjoram,F,37,White,X,True,,53,False,X,May,Friday,Adult
708-71-9586,2024-07-01 21:39:00,A,Vigrass,M,29,Native American/Alaska Native,A,True,3.0,29,False,A,July,Monday,Adult
215-50-7038,2024-06-17 02:49:00,R,Agney,M,34,Native American/Alaska Native,R,True,,59,False,R,June,Monday,Adult
210-58-4747,2023-04-30 09:37:00,N,Massingberd,M,43,White,N,True,8.0,50,False,N,April,Sunday,Adult
854-45-3713,2024-01-07 16:18:00,B,Riggulsford,F,39,Two or More Races,B,True,5.0,16,False,B,January,Sunday,Adult
574-65-3712,2024-06-16 18:38:00,J,Massow,F,25,Two or More Races,J,True,,42,False,J,June,Sunday,Adult
270-55-3429,2023-10-27 00:06:00,X,Giraudot,M,27,Pacific Islander,X,True,,59,False,X,October,Friday,Adult
676-03-2440,2023-05-27 20:26:00,B,Tarn,F,13,Asian,B,True,,11,True,B,May,Saturday,Teen
719-63-6159,2023-08-13 13:57:00,O,Reuven,F,54,Two or More Races,O,True,,46,False,O,August,Sunday,Adult
634-41-8155,2023-03-12 23:00:00,D,Mason,M,39,African American,D,True,0.0,54,False,D,March,Sunday,Adult
554-84-1081,2024-10-18 07:15:00,J,Barrow,M,27,Pacific Islander,J,True,,58,False,J,October,Friday,Adult
260-11-2849,2023-10-20 00:19:00,D,Vinson,F,66,Two or More Races,D,True,2.0,39,False,D,October,Friday,Senior
205-60-1987,2023-12-22 22:25:00,U,Luckman,M,32,African American,U,True,,23,False,U,December,Friday,Adult
607-91-4614,2023-08-22 01:15:00,Z,Florez,F,12,Asian,Z,True,7.0,34,False,Z,August,Tuesday,Child
575-64-1293,2024-07-19 21:30:00,F,Mellem,F,55,Two or More Races,F,True,9.0,25,False,F,July,Friday,Adult
710-50-4562,2024-08-02 17:24:00,P,Benedite,F,47,Asian,P,True,,29,False,P,August,Friday,Adult
257-20-4587,2023-06-06 01:01:00,P,Theobald,M,61,Asian,P,True,,19,False,P,June,Tuesday,Senior
352-67-4305,2024-04-15 07:12:00,K,Eyer,M,71,African American,K,True,,37,False,K,April,Monday,Senior
146-69-4652,2023-05-21 06:02:00,I,Singyard,F,34,White,I,True,,28,True,I,May,Sunday,Adult
802-59-5463,2023-12-17 06:30:00,R,Smythin,F,24,African American,R,True,4.0,32,False,R,December,Sunday,Adult
469-84-4163,2023-12-29 01:29:00,P,Rossoni,F,47,Two or More Races,P,True,,19,False,P,December,Friday,Adult
189-09-4142,2024-05-18 11:18:00,J,Deneve,M,51,Declined to Identify,J,True,6.0,48,False,J,May,Saturday,Adult
636-29-5268,2024-05-20 15:29:00,D,Shawel,F,19,Two or More Races,D,True,,30,False,D,May,Monday,Adult
658-20-0202,2024-02-29 22:02:00,A,Say,F,50,Declined to Identify,A,True,,34,False,A,February,Thursday,Adult
846-58-8376,2023-06-20 11:51:00,G,Bazley,F,8,White,G,True,0.0,59,False,G,June,Tuesday,Child
278-01-6800,2023-08-07 17:42:00,E,Scogin,M,66,Asian,E,True,,42,False,E,August,Monday,Senior
403-48-2643,2023-09-21 07:14:00,T,Kimbury,F,62,African American,T,True,,40,False,T,September,Thursday,Senior
574-05-3924,2023-12-22 23:41:00,Z,Medd,F,28,Declined to Identify,Z,True,1.0,17,False,Z,December,Friday,Adult
606-55-9151,2023-10-12 06:02:00,T,Lerven,F,59,Two or More Races,T,True,,54,False,T,October,Thursday,Adult
389-27-5303,2023-11-29 07:02:00,B,Nevet,M,20,White,B,True,,56,False,B,November,Wednesday,Adult
335-84-9373,2024-03-27 11:41:00,C,Haglinton,M,8,African American,C,True,,29,False,C,March,Wednesday,Child
117-02-4931,2023-08-27 16:16:00,N,Tenbrug,M,4,White,N,True,,53,False,N,August,Sunday,Child
400-48-7366,2024-11-05 03:33:00,H,Mattioli,F,64,African American,H,True,9.0,32,False,H,November,Tuesday,Senior
514-75-2742,2024-01-24 13:49:00,S,Royle,F,29,White,S,True,,41,False,S,January,Wednesday,Adult
781-40-0701,2024-02-03 19:16:00,A,Kuhne,M,26,Declined to Identify,A,True,,55,False,A,February,Saturday,Adult
444-03-4235,2023-07-22 02:29:00,G,Aiskrigg,F,29,African American,G,True,,12,False,G,July,Saturday,Adult
892-25-8683,2024-08-15 07:01:00,G,Colliard,M,14,African American,G,True,7.0,60,False,G,August,Thursday,Teen
160-14-1320,2023-04-24 22:49:00,K,de Vaen,M,73,White,K,True,3.0,31,False,K,April,Monday,Senior
198-35-6734,2024-04-19 17:22:00,U,Eykel,M,49,White,U,True,,38,False,U,April,Friday,Adult
428-14-7095,2024-06-07 01:46:00,F,Peres,F,39,African American,F,True,,37,False,F,June,Friday,Adult
132-48-1247,2023-04-15 18:40:00,G,Eastabrook,F,58,Asian,G,True,,50,False,G,April,Saturday,Adult
411-11-8513,2024-07-31 06:01:00,P,Alessandretti,M,57,Two or More Races,P,True,,34,False,P,July,Wednesday,Adult
176-14-4067,2023-07-25 05:51:00,Q,Bland,M,4,Declined to Identify,Q,True,2.0,38,False,Q,July,Tuesday,Child
318-27-1087,2023-10-23 13:36:00,Q,Busain,F,74,African American,Q,True,,24,False,Q,October,Monday,Senior
254-34-7286,2024-10-08 13:12:00,Z,Sawl,F,34,White,Z,True,,38,False,Z,October,Tuesday,Adult
278-84-3772,2023-05-20 06:10:00,Z,Todarini,F,9,Two or More Races,Z,True,,26,True,Z,May,Saturday,Child
689-35-5574,2024-03-08 03:46:00,S,Flippini,M,65,White,S,True,3.0,40,False,S,March,Friday,Senior
783-65-6030,2024-07-05 21:26:00,D,O'Carrol,F,30,Two or More Races,D,True,,54,False,D,July,Friday,Adult
551-80-9262,2024-08-05 16:46:00,K,Deelay,F,8,Pacific Islander,K,True,,38,False,K,August,Monday,Child
541-01-7660,2023-07-18 03:58:00,L,Skyram,M,56,Asian,L,True,,50,False,L,July,Tuesday,Adult
799-44-2163,2024-04-17 10:17:00,Z,Taber,F,7,White,Z,True,,53,False,Z,April,Wednesday,Child
645-05-4509,2023-07-14 00:12:00,S,Moseley,M,4,White,S,True,7.0,56,False,S,July,Friday,Child
890-83-9216,2024-08-24 15:09:00,H,Membry,F,59,Pacific Islander,H,True,,53,False,H,August,Saturday,Adult
354-25-6792,2024-02-20 09:46:00,S,Coathup,M,7,Two or More Races,S,True,8.0,29,False,S,February,Tuesday,Child
112-44-3497,2023-05-09 20:43:00,Q,Sartain,F,9,Two or More Races,Q,True,,42,False,Q,May,Tuesday,Child
274-80-8104,2023-10-16 11:49:00,M,Hadigate,M,44,African American,M,True,,12,False,M,October,Monday,Adult
427-82-7478,2023-04-15 16:38:00,O,Greenstead,M,53,White,O,True,,39,False,O,April,Saturday,Adult
496-43-4865,2023-12-10 06:55:00,L,Woodstock,M,22,Asian,L,True,0.0,59,False,L,December,Sunday,Adult
520-32-2321,2024-10-21 12:05:00,X,Antrack,F,35,Two or More Races,X,True,4.0,13,False,X,October,Monday,Adult
112-97-3102,2024-10-10 22:27:00,A,Dumbellow,M,66,Declined to Identify,A,True,,43,False,A,October,Thursday,Senior
535-11-6522,2023-04-11 19:45:00,D,D'Ambrosi,F,16,Two or More Races,D,True,,17,False,D,April,Tuesday,Teen
794-76-5261,2023-04-23 19:13:00,R,Breming,F,28,White,R,True,8.0,39,False,R,April,Sunday,Adult
638-43-3145,2023-12-20 00:55:00,B,Backs,M,39,African American,B,True,,29,False,B,December,Wednesday,Adult
459-36-1115,2024-05-08 05:14:00,O,Grimsditch,F,38,Declined to Identify,O,True,,57,False,O,May,Wednesday,Adult
175-55-7298,2024-04-20 20:48:00,M,Stapleford,M,56,African American,M,True,3.0,13,False,M,April,Saturday,Adult
193-59-9441,2023-06-22 08:43:00,B,Dumbellow,M,37,Asian,B,True,,50,False,B,June,Thursday,Adult
849-83-7668,2023-06-27 05:28:00,G,Ogilvie,F,5,White,G,True,,43,False,G,June,Tuesday,Child
274-30-2230,2024-04-17 12:16:00,W,Bodham,M,24,African American,W,True,,42,False,W,April,Wednesday,Adult
242-37-3166,2023-04-27 15:44:00,H,Shorto,M,10,White,H,True,0.0,55,False,H,April,Thursday,Child
875-62-3505,2023-12-17 20:04:00,C,Renouf,M,7,Native American/Alaska Native,C,True,,47,False,C,December,Sunday,Child
661-56-7551,2023-04-18 09:55:00,W,Wollard,M,33,Asian,W,True,,52,False,W,April,Tuesday,Adult
528-57-6645,2023-05-20 12:27:00,R,Luty,F,44,Asian,R,True,4.0,60,True,R,May,Saturday,Adult
715-45-1813,2023-07-08 02:46:00,M,Sandcraft,F,48,African American,M,True,,31,False,M,July,Saturday,Adult
457-45-2849,2023-12-21 07:20:00,D,Stert,M,8,Pacific Islander,D,True,,41,False,D,December,Thursday,Child
692-49-3211,2023-08-30 23:34:00,P,De Rye Barrett,M,69,African American,P,True,4.0,38,False,P,August,Wednesday,Senior
621-48-6458,2023-01-08 09:48:00,N,Kinsella,F,38,African American,N,True,,54,False,N,January,Sunday,Adult
691-12-9990,2024-05-19 06:56:00,H,Abrahim,F,33,White,H,True,,22,False,H,May,Sunday,Adult
888-70-5454,2024-06-22 05:21:00,Q,Bolsteridge,F,16,African American,Q,True,,41,False,Q,June,Saturday,Teen
323-30-5176,2024-09-07 21:39:00,S,Roz,M,54,White,S,True,7.0,56,False,S,September,Saturday,Adult
452-96-1280,2024-11-10 19:53:00,C,Paolucci,F,33,African American,C,True,,39,False,C,November,Sunday,Adult
763-87-4222,2023-05-06 12:44:00,C,Gabbitas,F,73,African American,C,True,8.0,11,False,C,May,Saturday,Senior
728-15-5341,2023-10-28 15:00:00,R,Kiely,M,12,Asian,R,True,,17,False,R,October,Saturday,Child
166-20-2794,2023-08-28 09:40:00,U,Percy,M,68,White,U,True,,44,False,U,August,Monday,Senior
501-78-1934,2023-11-30 10:12:00,H,Heigl,F,16,African American,H,True,,36,False,H,November,Thursday,Teen
167-17-2338,2024-09-28 01:53:00,Y,Brunotti,M,48,Native American/Alaska Native,Y,True,,44,False,Y,September,Saturday,Adult
288-91-8881,2023-07-24 01:41:00,Z,Scotchbourouge,F,42,White,Z,True,,20,False,Z,July,Monday,Adult
156-04-1460,2024-01-06 23:55:00,V,Caress,M,21,African American,V,True,10.0,22,False,V,January,Saturday,Adult
404-61-7141,2024-01-29 07:54:00,G,Schuler,F,46,Native American/Alaska Native,G,True,,47,False,G,January,Monday,Adult
310-75-2760,2024-02-06 05:52:00,B,Mayhow,M,78,Pacific Islander,B,True,7.0,59,False,B,February,Tuesday,Senior
797-10-7600,2024-02-18 11:41:00,V,Malletratt,M,1,Two or More Races,V,True,9.0,28,False,V,February,Sunday,Child
110-77-9670,2023-10-12 04:39:00,D,Skacel,M,36,African American,D,True,,42,False,D,October,Thursday,Adult
556-92-5924,2024-01-09 13:38:00,I,Fulstow,F,37,Declined to Identify,I,True,,52,False,I,January,Tuesday,Adult
298-10-7060,2023-09-15 13:09:00,O,Martygin,F,34,African American,O,True,,15,False,O,September,Friday,Adult
490-07-8452,2023-05-17 07:02:00,F,Fawthrop,M,1,Two or More Races,F,True,10.0,48,True,F,May,Wednesday,Child
172-88-6642,2024-09-07 11:43:00,O,Boggon,M,53,African American,O,True,8.0,42,False,O,September,Saturday,Adult
864-61-2647,2024-10-09 20:45:00,X,Bonnesen,M,35,Two or More Races,X,True,5.0,16,False,X,October,Wednesday,Adult
131-71-6388,2023-10-21 18:42:00,A,Kunzler,M,60,White,A,True,,16,False,A,October,Saturday,Adult
462-37-3053,2024-03-05 16:14:00,A,Hempel,M,41,Declined to Identify,A,True,,23,False,A,March,Tuesday,Adult
353-11-2559,2023-02-12 20:38:00,V,Pollington,F,49,Asian,V,True,10.0,15,False,V,February,Sunday,Adult
130-62-4906,2023-04-21 02:44:00,Q,Spurrior,F,50,White,Q,True,,15,False,Q,April,Friday,Adult
306-59-8935,2024-07-13 04:50:00,O,Urpeth,M,44,Native American/Alaska Native,O,True,,39,False,O,July,Saturday,Adult
249-32-3203,2023-04-22 12:30:00,C,Rasell,F,50,Two or More Races,C,True,,24,False,C,April,Saturday,Adult
262-69-4482,2023-02-04 05:05:00,U,Llopis,M,38,Declined to Identify,U,True,,14,False,U,February,Saturday,Adult
510-69-5252,2023-12-05 16:52:00,Y,Mabon,M,51,White,Y,True,,33,True,Y,December,Tuesday,Adult
799-21-2876,2024-05-29 10:50:00,X,Dillaway,F,19,Pacific Islander,X,True,,39,False,X,May,Wednesday,Adult
373-37-3790,2024-11-07 23:07:00,J,Sumers,M,67,Two or More Races,J,True,3.0,56,False,J,November,Thursday,Senior
421-39-9248,2024-04-16 05:11:00,H,Bogges,M,13,White,H,True,8.0,33,False,H,April,Tuesday,Teen
373-70-7925,2024-06-02 17:59:00,W,Dives,M,16,White,W,True,,37,False,W,June,Sunday,Teen
610-55-3526,2023-09-04 01:07:00,Y,Ovid,M,29,White,Y,True,,14,False,Y,September,Monday,Adult
525-36-7812,2024-02-20 22:36:00,G,Thorley,M,58,White,G,True,,14,False,G,February,Tuesday,Adult
114-16-7000,2023-07-11 23:11:00,J,Kimm,M,27,African American,J,True,,45,False,J,July,Tuesday,Adult
444-83-4739,2023-01-05 00:54:00,Q,Airey,F,44,White,Q,True,,30,True,Q,January,Thursday,Adult
699-99-8759,2023-05-19 14:05:00,Y,Stebbing,F,27,White,Y,True,,31,True,Y,May,Friday,Adult
476-99-7972,2023-06-26 09:09:00,D,Janisson,F,68,African American,D,True,,15,False,D,June,Monday,Senior
828-49-0441,2024-01-02 08:13:00,U,Jensen,M,19,African American,U,True,,38,False,U,January,Tuesday,Adult
522-31-4708,2024-07-26 11:30:00,Q,Stennet,M,63,Pacific Islander,Q,True,,43,False,Q,July,Friday,Senior
646-17-3871,2023-07-31 08:03:00,J,Dunston,F,26,African American,J,True,7.0,36,False,J,July,Monday,Adult
878-36-7830,2023-06-25 20:05:00,J,Pietrzyk,M,19,White,J,True,6.0,50,False,J,June,Sunday,Adult
524-75-8060,2024-10-23 11:06:00,R,Simpson,F,4,White,R,True,,39,False,R,October,Wednesday,Child
181-45-7803,2024-09-04 00:12:00,O,Cisland,F,21,African American,O,True,,23,False,O,September,Wednesday,Adult
342-04-5123,2024-07-14 22:37:00,M,Aronowitz,F,55,African American,M,True,5.0,55,False,M,July,Sunday,Adult
628-20-1693,2023-12-04 07:08:00,H,Klimke,F,18,White,H,True,,11,False,H,December,Monday,Teen
184-21-1948,2024-07-17 03:40:00,K,Guppey,F,50,Two or More Races,K,True,,46,False,K,July,Wednesday,Adult
359-44-3613,2024-03-26 21:21:00,S,Lafflin,F,20,African American,S,True,,43,False,S,March,Tuesday,Adult
280-60-4794,2024-05-18 12:07:00,Z,Gillingham,M,22,Asian,Z,True,,55,False,Z,May,Saturday,Adult
502-81-1725,2024-10-25 18:47:00,W,Boulder,F,13,Pacific Islander,W,True,8.0,50,False,W,October,Friday,Teen
489-43-8448,2024-12-06 00:37:00,O,Bunstone,M,10,White,O,True,,21,False,O,December,Friday,Child
834-50-2690,2023-08-29 07:12:00,C,Kieff,M,31,African American,C,True,,42,False,C,August,Tuesday,Adult
264-22-2247,2023-05-06 10:10:00,O,Gorhardt,F,14,Two or More Races,O,True,8.0,12,False,O,May,Saturday,Teen
825-23-7126,2024-02-22 10:52:00,W,Clarke-Williams,F,42,Two or More Races,W,True,,54,False,W,February,Thursday,Adult
716-80-7186,2024-05-05 05:26:00,S,Venners,M,29,African American,S,True,,60,False,S,May,Sunday,Adult
752-35-4165,2024-01-05 08:43:00,C,Glewe,F,22,Asian,C,True,,54,False,C,January,Friday,Adult
267-10-5957,2024-11-01 20:49:00,O,Guslon,F,26,Asian,O,True,,14,False,O,November,Friday,Adult
732-27-6608,2024-07-14 21:58:00,N,Guirard,M,32,Pacific Islander,N,True,,17,False,N,July,Sunday,Adult
548-78-6274,2024-08-30 07:21:00,Z,Housegoe,M,70,White,Z,True,,57,False,Z,August,Friday,Senior
255-46-2640,2024-09-05 01:51:00,K,Kinglesyd,F,2,Two or More Races,K,True,0.0,24,False,K,September,Thursday,Child
744-26-5135,2024-02-03 16:08:00,H,Francais,M,29,White,H,True,,32,False,H,February,Saturday,Adult
852-35-5869,2023-11-30 14:20:00,T,Brennon,F,15,Asian,T,True,,54,False,T,November,Thursday,Teen
551-35-9369,2024-01-03 12:16:00,B,Simonetto,F,9,African American,B,True,10.0,47,False,B,January,Wednesday,Child
294-07-5007,2023-08-23 20:27:00,R,Perkins,F,75,African American,R,True,,22,False,R,August,Wednesday,Senior
526-03-2526,2023-05-06 02:56:00,V,Yarr,M,54,African American,V,True,0.0,59,False,V,May,Saturday,Adult
532-60-7967,2024-05-17 13:23:00,I,Burberry,F,63,African American,I,True,,40,False,I,May,Friday,Senior
603-11-0846,2023-09-26 01:09:00,C,MattiCCI,F,50,White,C,True,,28,False,C,September,Tuesday,Adult
867-06-8022,2023-09-29 13:22:00,W,Tours,M,34,Declined to Identify,W,True,,50,False,W,September,Friday,Adult
602-04-0876,2023-07-08 04:12:00,P,Egalton,M,23,White,P,True,,44,False,P,July,Saturday,Adult
712-25-4902,2023-07-07 03:21:00,J,Skarman,M,6,White,J,True,2.0,32,False,J,July,Friday,Child
201-90-2001,2024-08-07 19:41:00,M,De Avenell,M,30,White,M,True,,14,False,M,August,Wednesday,Adult
374-26-1067,2024-02-16 15:38:00,V,Maillard,M,12,White,V,True,,40,False,V,February,Friday,Child
825-76-3394,2024-07-18 22:29:00,Y,Kerrey,M,63,White,Y,True,0.0,45,False,Y,July,Thursday,Senior
274-62-9187,2023-12-04 19:25:00,O,Esland,M,42,White,O,True,,27,False,O,December,Monday,Adult
169-56-6778,2023-10-22 16:04:00,H,Blitz,M,65,White,H,True,6.0,27,False,H,October,Sunday,Senior
294-30-6567,2023-04-14 20:19:00,E,Winterborne,M,21,Two or More Races,E,True,,42,False,E,April,Friday,Adult
694-56-2971,2024-12-01 21:42:00,V,Doldon,M,1,Pacific Islander,V,True,7.0,24,False,V,December,Sunday,Child
499-95-0291,2023-07-23 09:38:00,J,Garner,F,29,Pacific Islander,J,True,,28,False,J,July,Sunday,Adult
105-08-1976,2024-07-23 16:49:00,J,Klyn,F,16,Native American/Alaska Native,J,True,,58,False,J,July,Tuesday,Teen
270-90-4999,2024-08-07 23:12:00,J,Devericks,F,38,Two or More Races,J,True,,48,False,J,August,Wednesday,Adult
416-45-5565,2023-11-18 07:01:00,I,Buckby,F,20,White,I,True,,40,False,I,November,Saturday,Adult
253-84-5746,2023-01-08 07:12:00,Q,Celli,F,22,Declined to Identify,Q,True,,29,False,Q,January,Sunday,Adult
593-36-2410,2024-06-15 11:51:00,G,Wrightson,F,23,Asian,G,True,8.0,23,False,G,June,Saturday,Adult
864-78-5560,2024-05-19 19:44:00,Q,Coleson,M,14,Asian,Q,True,,13,False,Q,May,Sunday,Teen
107-25-3448,2024-05-08 22:13:00,H,Littrik,F,72,African American,H,True,,21,False,H,May,Wednesday,Senior
846-58-7999,2024-05-30 06:14:00,R,Munby,M,27,African American,R,True,8.0,14,False,R,May,Thursday,Adult
435-77-6310,2024-06-19 12:17:00,C,Pedrol,M,25,Two or More Races,C,True,,45,False,C,June,Wednesday,Adult
689-47-4564,2024-01-18 10:41:00,Q,McColm,F,17,White,Q,True,,57,False,Q,January,Thursday,Teen
320-85-0898,2024-02-16 08:05:00,G,Paull,M,78,Native American/Alaska Native,G,True,1.0,28,False,G,February,Friday,Senior
140-30-2555,2024-02-16 02:25:00,L,Vasilchenko,F,19,White,L,True,,58,False,L,February,Friday,Adult
388-34-2380,2024-11-02 01:32:00,E,Normanton,F,46,African American,E,True,,12,False,E,November,Saturday,Adult
251-72-9605,2024-01-24 19:28:00,I,Gentry,F,35,Two or More Races,I,True,,54,False,I,January,Wednesday,Adult
367-68-2505,2024-09-27 09:06:00,D,Humpherson,F,6,Two or More Races,D,True,,40,False,D,September,Friday,Child
782-34-4167,2023-04-17 09:04:00,X,Osgarby,F,36,White,X,True,9.0,50,False,X,April,Monday,Adult
660-86-2261,2024-08-01 19:38:00,E,McKeown,F,27,Asian,E,True,,55,False,E,August,Thursday,Adult
307-95-7194,2024-09-27 06:11:00,A,Riddall,M,2,African American,A,True,,46,False,A,September,Friday,Child
411-32-4858,2023-10-23 07:22:00,J,MacTrusty,M,67,Asian,J,True,7.0,40,False,J,October,Monday,Senior
471-83-4980,2023-04-09 00:21:00,Z,Lomax,M,53,African American,Z,True,2.0,37,False,Z,April,Sunday,Adult
506-94-2779,2024-05-22 09:48:00,B,Cornew,F,74,White,B,True,,51,False,B,May,Wednesday,Senior
706-09-4564,2024-08-06 10:01:00,U,Vickars,M,26,White,U,True,,19,False,U,August,Tuesday,Adult
463-17-9883,2024-01-23 09:41:00,X,Lasty,M,56,Pacific Islander,X,True,0.0,18,False,X,January,Tuesday,Adult
740-14-6005,2023-10-11 06:23:00,T,Dunk,M,9,African American,T,True,0.0,24,False,T,October,Wednesday,Child
501-24-5548,2023-09-26 02:35:00,W,Towey,F,3,African American,W,True,4.0,27,False,W,September,Tuesday,Child
332-44-9371,2023-08-05 20:03:00,X,Cubbino,M,18,African American,X,True,,36,True,X,August,Saturday,Teen
256-95-4828,2023-06-15 03:28:00,R,Kimmings,F,28,White,R,True,9.0,37,False,R,June,Thursday,Adult
715-12-7760,2023-04-28 14:56:00,C,Ovey,M,49,Two or More Races,C,True,5.0,43,False,C,April,Friday,Adult
498-19-8616,2024-01-03 23:41:00,P,Lambe,M,30,Declined to Identify,P,True,,43,False,P,January,Wednesday,Adult
160-49-1316,2023-12-23 00:34:00,X,Glanton,F,32,Two or More Races,X,True,,51,False,X,December,Saturday,Adult
760-59-1309,2024-08-29 16:55:00,Z,Oakley,M,52,Two or More Races,Z,True,,49,False,Z,August,Thursday,Adult
591-83-7831,2023-05-17 10:22:00,Q,Bentick,F,62,Native American/Alaska Native,Q,True,8.0,21,True,Q,May,Wednesday,Senior
735-59-0676,2024-07-21 21:29:00,H,Artist,M,49,Pacific Islander,H,True,,34,False,H,July,Sunday,Adult
343-75-3388,2024-01-20 11:54:00,M,Damrel,F,40,Asian,M,True,,32,False,M,January,Saturday,Adult
331-25-4113,2023-11-05 00:20:00,A,Ettridge,M,28,Pacific Islander,A,True,,14,True,A,November,Sunday,Adult
107-19-6298,2024-08-15 17:50:00,K,Clendennen,M,28,Asian,K,True,,10,False,K,August,Thursday,Adult
568-76-0444,2024-01-22 16:43:00,U,Doxsey,F,74,Two or More Races,U,True,,18,False,U,January,Monday,Senior
516-65-1574,2024-01-16 10:54:00,F,Colwell,F,50,Declined to Identify,F,True,7.0,35,False,F,January,Tuesday,Adult
190-99-7486,2023-05-26 09:55:00,I,Follitt,F,78,White,I,True,,22,True,I,May,Friday,Senior
302-11-3266,2023-05-14 18:54:00,L,Toal,F,24,White,L,True,,30,True,L,May,Sunday,Adult
233-24-4968,2024-09-21 20:59:00,Q,Knapman,M,49,Asian,Q,True,,56,False,Q,September,Saturday,Adult
718-40-9446,2024-07-31 15:22:00,A,Mitrikhin,F,31,Two or More Races,A,True,1.0,55,False,A,July,Wednesday,Adult
245-02-8824,2024-04-18 20:25:00,A,Winfindine,M,12,White,A,True,6.0,50,False,A,April,Thursday,Child
706-58-1402,2024-02-28 09:28:00,J,Garfitt,NC,66,Asian,J,True,,50,False,J,February,Wednesday,Senior
618-67-3994,2024-02-24 08:23:00,O,Stummeyer,F,56,Two or More Races,O,True,,54,False,O,February,Saturday,Adult
880-75-5124,2023-08-15 11:23:00,B,von Hagt,F,59,Two or More Races,B,True,,47,False,B,August,Tuesday,Adult
417-60-6491,2023-11-06 09:21:00,E,Creegan,M,11,African American,E,True,,58,False,E,November,Monday,Child
356-85-1950,2023-07-08 18:04:00,K,Auger,F,10,African American,K,True,,36,False,K,July,Saturday,Child
195-71-6230,2023-08-20 21:09:00,E,Holtham,F,13,Pacific Islander,E,True,0.0,47,False,E,August,Sunday,Teen
397-44-2425,2023-03-06 01:27:00,O,Tincombe,M,17,Two or More Races,O,True,5.0,12,False,O,March,Monday,Teen
539-86-9387,2024-08-25 15:56:00,M,Baudasso,F,69,Asian,M,True,,32,False,M,August,Sunday,Senior
266-73-6494,2023-01-10 11:36:00,P,Cockshutt,F,13,Declined to Identify,P,True,9.0,40,False,P,January,Tuesday,Teen
177-05-5852,2023-06-05 23:25:00,I,Delatour,M,71,White,I,True,,25,True,I,June,Monday,Senior
575-74-8288,2023-10-13 20:19:00,J,Sharpless,F,26,Two or More Races,J,True,,36,False,J,October,Friday,Adult
334-31-4472,2023-08-04 17:26:00,C,Spracklin,M,61,White,C,True,,30,False,C,August,Friday,Senior
614-04-9706,2023-10-30 22:37:00,P,Schusterl,F,78,White,P,True,,19,False,P,October,Monday,Senior
540-50-5144,2023-07-31 17:43:00,G,Wickham,M,21,Declined to Identify,G,True,,45,False,G,July,Monday,Adult
812-85-8608,2023-05-27 01:39:00,H,McKeurton,M,53,Asian,H,True,0.0,50,True,H,May,Saturday,Adult
619-68-4925,2024-08-08 11:45:00,I,Laborda,F,22,African American,I,True,,12,False,I,August,Thursday,Adult
106-50-3710,2023-07-21 05:31:00,L,Casiroli,F,50,Two or More Races,L,True,,25,False,L,July,Friday,Adult
892-34-1050,2023-03-06 01:38:00,C,Braunroth,M,73,African American,C,True,,60,False,C,March,Monday,Senior
307-56-5381,2023-03-10 11:22:00,D,Bossingham,F,47,White,D,True,,28,False,D,March,Friday,Adult
505-14-5247,2024-03-05 11:14:00,V,Gidden,M,14,Pacific Islander,V,True,2.0,17,False,V,March,Tuesday,Teen
671-14-7147,2023-09-24 12:52:00,S,Rogliero,F,12,White,S,True,,29,False,S,September,Sunday,Child
483-71-2239,2023-12-30 17:51:00,D,Downie,M,8,Declined to Identify,D,True,0.0,21,False,D,December,Saturday,Child
298-33-9030,2023-12-28 02:20:00,A,Raithmill,F,63,Two or More Races,A,True,5.0,19,False,A,December,Thursday,Senior
485-81-8334,2023-10-29 21:36:00,X,Tewkesberrie,M,39,White,X,True,,47,False,X,October,Sunday,Adult
108-25-6001,2024-06-08 17:48:00,T,Snedker,F,10,White,T,True,,11,False,T,June,Saturday,Child
215-03-5942,2023-09-08 08:03:00,V,Inns,F,3,Pacific Islander,V,True,,29,False,V,September,Friday,Child
219-91-7181,2024-01-20 04:10:00,H,Stanway,F,68,Two or More Races,H,True,,27,False,H,January,Saturday,Senior
607-44-6875,2023-06-25 07:56:00,L,Vedekhov,F,35,African American,L,True,8.0,35,False,L,June,Sunday,Adult
158-72-1114,2024-02-06 10:26:00,O,Blakeney,M,64,Two or More Races,O,True,3.0,32,False,O,February,Tuesday,Senior
388-69-8923,2024-01-13 19:05:00,G,Tanby,F,72,White,G,True,,33,False,G,January,Saturday,Senior
728-66-8875,2024-01-15 13:10:00,X,Burness,F,68,Asian,X,True,,36,False,X,January,Monday,Senior
361-42-4250,2023-11-18 21:20:00,J,Haddick,F,69,Declined to Identify,J,True,,59,False,J,November,Saturday,Senior
316-95-8309,2023-05-28 17:46:00,O,Ambrosini,M,79,African American,O,True,8.0,55,True,O,May,Sunday,Senior
653-67-0050,2023-10-30 10:20:00,Y,Duggon,F,16,African American,Y,True,,21,False,Y,October,Monday,Teen
239-59-8659,2023-12-10 22:55:00,K,Gapp,F,78,Asian,K,True,9.0,43,False,K,December,Sunday,Senior
241-34-9948,2023-05-14 01:04:00,W,Tabor,F,10,White,W,True,,51,True,W,May,Sunday,Child
171-54-7134,2024-12-09 03:14:00,X,Rouby,F,64,Native American/Alaska Native,X,True,,36,False,X,December,Monday,Senior
644-14-3306,2024-04-01 22:50:00,C,Wellan,M,27,Asian,C,True,4.0,23,False,C,April,Monday,Adult
659-59-5114,2024-11-06 07:25:00,Y,Oakden,M,18,Declined to Identify,Y,True,,59,False,Y,November,Wednesday,Teen
706-06-7749,2024-04-14 22:38:00,E,Campelli,F,40,Asian,E,True,6.0,13,False,E,April,Sunday,Adult
248-21-1787,2023-02-04 09:15:00,C,Benez,F,60,White,C,True,,60,False,C,February,Saturday,Adult
806-82-0501,2024-03-27 00:28:00,P,Offield,F,7,Native American/Alaska Native,P,True,,24,False,P,March,Wednesday,Child
271-74-6084,2024-04-15 01:32:00,W,Wycliff,F,62,African American,W,True,,56,False,W,April,Monday,Senior
112-21-1867,2024-05-24 15:47:00,R,Haulkham,F,32,African American,R,True,,44,False,R,May,Friday,Adult
745-14-6527,2024-07-19 13:27:00,F,Theze,M,17,White,F,True,,10,False,F,July,Friday,Teen
210-95-8263,2023-08-09 15:00:00,Q,Simon,M,49,Two or More Races,Q,True,,33,False,Q,August,Wednesday,Adult
253-01-4563,2023-12-22 00:30:00,U,Godspeede,M,24,Native American/Alaska Native,U,True,,43,False,U,December,Friday,Adult
306-08-1494,2023-05-22 09:41:00,C,MacInnes,F,69,Two or More Races,C,True,,60,True,C,May,Monday,Senior
242-70-5420,2024-08-23 16:04:00,X,Caroll,F,9,White,X,True,,35,False,X,August,Friday,Child
362-30-0094,2023-01-10 15:34:00,X,Outibridge,M,65,Native American/Alaska Native,X,True,,39,False,X,January,Tuesday,Senior
651-84-7603,2024-10-27 15:34:00,X,Dunston,F,59,African American,X,True,10.0,29,False,X,October,Sunday,Adult
551-02-4054,2023-06-06 04:23:00,O,Gull,F,65,African American,O,True,,59,False,O,June,Tuesday,Senior
140-28-2291,2024-03-17 16:29:00,Y,Neame,M,3,African American,Y,True,9.0,32,False,Y,March,Sunday,Child
290-95-7276,2024-09-15 00:37:00,Q,Heselwood,F,26,African American,Q,True,,49,False,Q,September,Sunday,Adult
750-10-6392,2024-08-29 06:21:00,W,Babin,F,64,White,W,True,,43,False,W,August,Thursday,Senior
809-85-4177,2024-01-15 20:53:00,J,Deluca,M,65,Declined to Identify,J,True,1.0,33,False,J,January,Monday,Senior
181-41-7605,2024-08-09 10:45:00,K,Pesterfield,M,27,Two or More Races,K,True,,18,False,K,August,Friday,Adult
353-36-6428,2024-07-24 02:03:00,P,Durrant,M,29,Pacific Islander,P,True,,42,False,P,July,Wednesday,Adult
290-26-3161,2024-10-23 11:11:00,F,Ivanshintsev,M,3,Two or More Races,F,True,0.0,26,False,F,October,Wednesday,Child
724-23-4445,2024-08-20 21:13:00,X,Orrom,F,45,Asian,X,True,,25,False,X,August,Tuesday,Adult
404-78-8737,2024-07-14 01:28:00,A,O'Fallowne,M,75,Declined to Identify,A,True,,25,False,A,July,Sunday,Senior
642-92-2378,2024-03-05 03:16:00,I,O' Meara,F,39,White,I,True,5.0,29,False,I,March,Tuesday,Adult
631-49-3222,2023-05-21 05:58:00,N,Stump,F,13,Declined to Identify,N,True,,27,True,N,May,Sunday,Teen
684-93-8823,2023-04-23 19:21:00,K,Childe,M,74,White,K,True,,51,False,K,April,Sunday,Senior
740-20-2785,2023-05-25 18:01:00,V,Biddulph,F,34,Declined to Identify,V,True,,39,True,V,May,Thursday,Adult
167-30-0521,2023-06-28 13:24:00,L,Mablestone,M,76,White,L,True,,53,False,L,June,Wednesday,Senior
827-97-4092,2024-02-17 00:38:00,O,Sibbering,M,26,Asian,O,True,9.0,59,False,O,February,Saturday,Adult
427-34-8170,2024-10-13 15:10:00,E,Braybrookes,F,79,Asian,E,True,,21,False,E,October,Sunday,Senior
364-28-5162,2023-01-10 15:20:00,I,De Ambrosis,F,28,Pacific Islander,I,True,7.0,18,False,I,January,Tuesday,Adult
214-51-5890,2023-05-08 15:00:00,H,Swalowe,F,45,White,H,True,,40,False,H,May,Monday,Adult
231-02-7602,2023-10-15 14:44:00,R,Spelling,M,22,White,R,True,,32,False,R,October,Sunday,Adult
430-40-6651,2023-03-07 09:04:00,E,Bentz,M,76,White,E,True,3.0,50,False,E,March,Tuesday,Senior
568-02-0607,2023-08-27 00:37:00,L,Creamer,F,8,African American,L,True,,41,False,L,August,Sunday,Child
857-68-5135,2024-06-04 12:00:00,C,Scott,F,4,African American,C,True,6.0,47,False,C,June,Tuesday,Child
633-74-7415,2023-11-10 12:34:00,O,Amor,F,17,White,O,True,4.0,37,False,O,November,Friday,Teen
768-43-9102,2023-08-07 00:55:00,S,Marrow,F,12,Declined to Identify,S,True,2.0,46,False,S,August,Monday,Child
851-96-4883,2024-05-08 10:47:00,E,Mealiffe,F,57,African American,E,True,,29,False,E,May,Wednesday,Adult
389-89-2868,2024-03-06 20:34:00,U,Brandassi,F,61,Two or More Races,U,True,,29,False,U,March,Wednesday,Senior
387-40-4388,2024-05-30 06:44:00,K,Cruise,M,31,White,K,True,,44,False,K,May,Thursday,Adult
759-40-6832,2023-03-06 14:37:00,K,Luparto,M,10,Two or More Races,K,True,,43,False,K,March,Monday,Child
454-48-2824,2023-11-20 03:57:00,Z,Kernell,F,7,Two or More Races,Z,True,,46,False,Z,November,Monday,Child
357-72-8460,2023-01-05 07:01:00,T,Fannon,F,56,Two or More Races,T,True,,56,True,T,January,Thursday,Adult
241-06-7024,2023-01-10 15:44:00,E,Cutress,F,19,African American,E,True,1.0,60,False,E,January,Tuesday,Adult
618-10-2399,2023-04-11 03:38:00,B,Portail,M,30,Two or More Races,B,True,0.0,40,False,B,April,Tuesday,Adult
242-26-0614,2024-02-21 07:28:00,U,Terram,M,59,African American,U,True,,50,False,U,February,Wednesday,Adult
344-60-3150,2024-04-02 13:53:00,F,Butts,M,15,African American,F,True,,16,False,F,April,Tuesday,Teen
207-52-3908,2023-11-19 14:19:00,M,Dikels,F,20,White,M,True,7.0,33,False,M,November,Sunday,Adult
288-28-0528,2023-12-24 13:24:00,G,Denne,M,73,Two or More Races,G,True,,47,False,G,December,Sunday,Senior
596-31-5134,2024-05-22 13:54:00,Q,Danielkiewicz,F,1,Declined to Identify,Q,True,,21,False,Q,May,Wednesday,Child
353-44-5247,2023-07-25 23:16:00,E,Braunes,M,11,Pacific Islander,E,True,7.0,58,False,E,July,Tuesday,Child
636-33-2409,2023-12-14 00:00:00,D,Budik,F,57,Declined to Identify,D,True,,41,False,D,December,Thursday,Adult
411-40-4241,2023-05-30 10:22:00,H,Longland,F,62,Asian,H,True,,49,True,H,May,Tuesday,Senior
451-17-9647,2023-11-14 04:15:00,I,Lethbury,M,1,Declined to Identify,I,True,,36,False,I,November,Tuesday,Child
733-31-0767,2024-03-22 12:20:00,M,Mullany,M,53,Asian,M,True,,29,False,M,March,Friday,Adult
511-19-0295,2023-07-29 02:58:00,D,Langston,M,28,Pacific Islander,D,True,,45,False,D,July,Saturday,Adult
603-46-9977,2024-09-28 17:53:00,Q,Elfe,F,49,African American,Q,True,,15,False,Q,September,Saturday,Adult
477-57-4070,2023-04-18 04:45:00,G,Potteridge,M,57,African American,G,True,2.0,33,False,G,April,Tuesday,Adult
632-44-8851,2024-02-22 16:06:00,Q,Aicken,F,32,Declined to Identify,Q,True,,39,False,Q,February,Thursday,Adult
482-14-6628,2023-12-16 15:02:00,V,Trengove,M,50,African American,V,True,,52,False,V,December,Saturday,Adult
500-11-7409,2024-09-03 16:51:00,I,Wasielewicz,M,76,White,I,True,,49,False,I,September,Tuesday,Senior
340-20-9334,2024-01-24 02:42:00,K,Ham,F,25,Two or More Races,K,True,,57,False,K,January,Wednesday,Adult
448-51-7664,2023-07-10 11:17:00,H,Wheeliker,M,39,Pacific Islander,H,True,10.0,59,False,H,July,Monday,Adult
331-93-9295,2023-04-28 05:36:00,J,Vain,F,76,White,J,True,,41,False,J,April,Friday,Senior
106-58-3767,2024-09-21 05:30:00,Z,Briance,F,10,African American,Z,True,,43,False,Z,September,Saturday,Child
399-73-4231,2023-07-25 23:02:00,A,Alejandro,F,27,White,A,True,,12,False,A,July,Tuesday,Adult
386-79-2013,2023-12-18 20:43:00,T,McIlharga,M,55,Native American/Alaska Native,T,True,1.0,31,False,T,December,Monday,Adult
264-80-8420,2023-02-09 00:03:00,V,Readmire,M,15,White,V,True,,41,False,V,February,Thursday,Teen
758-87-8577,2024-01-22 12:37:00,G,Haseldine,F,44,Asian,G,True,,30,False,G,January,Monday,Adult
432-64-7259,2024-04-21 16:10:00,C,Wharlton,F,35,Declined to Identify,C,True,,55,False,C,April,Sunday,Adult
881-97-4043,2024-02-27 05:13:00,R,McFadin,F,78,White,R,True,9.0,42,False,R,February,Tuesday,Senior
577-64-5812,2024-12-10 02:07:00,C,Pairpoint,M,33,African American,C,True,,59,False,C,December,Tuesday,Adult
518-18-8369,2024-09-29 14:57:00,F,Mickleburgh,F,63,Asian,F,True,,11,False,F,September,Sunday,Senior
192-58-1232,2023-06-26 22:56:00,Q,Gleadhell,F,27,Two or More Races,Q,True,,42,False,Q,June,Monday,Adult
114-36-5111,2024-02-21 22:55:00,R,Tilburn,F,44,White,R,True,,30,False,R,February,Wednesday,Adult
163-41-6583,2023-10-30 15:15:00,O,Bilby,F,25,African American,O,True,,12,False,O,October,Monday,Adult
534-52-3938,2024-05-06 18:50:00,J,Felmingham,M,34,Two or More Races,J,True,6.0,41,False,J,May,Monday,Adult
530-98-5548,2023-05-29 17:41:00,J,Melmeth,F,64,Declined to Identify,J,True,,42,True,J,May,Monday,Senior
880-96-7672,2024-07-28 21:08:00,M,Huncoot,M,53,Two or More Races,M,True,8.0,23,False,M,July,Sunday,Adult
543-30-7171,2024-12-08 08:26:00,F,Canty,M,12,White,F,True,,60,False,F,December,Sunday,Child
249-15-9115,2023-08-09 19:16:00,K,Whopples,F,54,Two or More Races,K,True,,18,False,K,August,Wednesday,Adult
729-02-7030,2024-03-26 18:38:00,M,Satch,F,59,Asian,M,True,,44,False,M,March,Tuesday,Adult
808-17-1359,2024-10-27 19:57:00,U,Hargey,M,76,White,U,True,5.0,13,False,U,October,Sunday,Senior
540-89-3110,2024-09-28 10:17:00,R,Elderton,F,60,Two or More Races,R,True,,10,False,R,September,Saturday,Adult
100-40-2709,2024-08-05 04:58:00,O,Cammack,M,77,White,O,True,,48,False,O,August,Monday,Senior
867-83-3947,2024-08-09 07:37:00,S,Pash,M,29,Pacific Islander,S,True,,55,False,S,August,Friday,Adult
849-01-9695,2024-05-21 17:14:00,H,Emmanuele,F,5,Two or More Races,H,True,,37,False,H,May,Tuesday,Child
601-32-8756,2024-03-05 04:49:00,I,Sissel,F,8,Asian,I,True,7.0,54,False,I,March,Tuesday,Child
409-67-0369,2023-07-14 16:51:00,E,ducarme,F,78,African American,E,True,,40,False,E,July,Friday,Senior
821-39-6737,2023-10-14 13:39:00,F,Yockney,F,44,White,F,True,,48,False,F,October,Saturday,Adult
197-60-5950,2024-07-25 17:01:00,H,Rudland,M,34,White,H,True,,59,False,H,July,Thursday,Adult
612-42-2700,2023-07-21 08:56:00,L,Torald,M,6,White,L,True,,29,False,L,July,Friday,Child
607-43-0418,2024-03-24 22:41:00,P,Queyeiro,F,27,White,P,True,8.0,29,False,P,March,Sunday,Adult
403-72-3420,2024-09-19 00:21:00,Y,Hallihan,M,32,African American,Y,True,7.0,15,False,Y,September,Thursday,Adult
204-52-5423,2024-07-13 15:30:00,W,Lobe,F,11,White,W,True,,55,False,W,July,Saturday,Child
469-38-1832,2023-06-16 09:08:00,M,Tutton,F,32,Two or More Races,M,True,,51,False,M,June,Friday,Adult
295-25-4846,2024-11-09 09:13:00,C,Kepp,M,72,Two or More Races,C,True,8.0,53,False,C,November,Saturday,Senior
730-22-5135,2024-10-13 23:15:00,H,Trubshaw,F,43,Native American/Alaska Native,H,True,,53,False,H,October,Sunday,Adult
408-14-1967,2023-11-25 11:35:00,H,McCanny,F,66,Asian,H,True,,19,False,H,November,Saturday,Senior
186-82-0440,2024-06-02 10:37:00,T,Rought,M,56,Declined to Identify,T,True,,40,False,T,June,Sunday,Adult
338-56-5549,2023-09-09 19:25:00,F,Cod,M,56,African American,F,True,,59,False,F,September,Saturday,Adult
424-43-5485,2024-09-10 23:25:00,Z,McClarence,M,16,White,Z,True,,15,False,Z,September,Tuesday,Teen
109-57-9083,2023-07-16 10:50:00,O,Gohn,F,28,Pacific Islander,O,True,,12,False,O,July,Sunday,Adult
129-82-0895,2023-08-09 05:59:00,B,Hargie,M,56,White,B,True,,42,False,B,August,Wednesday,Adult
786-39-5598,2024-02-21 09:05:00,M,Thurner,F,38,White,M,True,,55,False,M,February,Wednesday,Adult
684-05-3448,2023-08-28 06:12:00,F,Boggish,F,33,Native American/Alaska Native,F,True,5.0,45,False,F,August,Monday,Adult
381-53-8528,2023-09-19 16:49:00,A,Roundtree,F,51,White,A,True,,36,False,A,September,Tuesday,Adult
411-83-5149,2024-01-21 21:20:00,U,Tumielli,F,47,Declined to Identify,U,True,,17,False,U,January,Sunday,Adult
280-13-7317,2023-05-16 07:54:00,C,Woolveridge,M,18,Declined to Identify,C,True,3.0,11,True,C,May,Tuesday,Teen
123-29-1223,2024-07-28 13:37:00,G,Kingdom,F,10,African American,G,True,,18,False,G,July,Sunday,Child
398-34-3572,2024-06-24 17:48:00,X,Mouncey,F,31,Two or More Races,X,True,,25,False,X,June,Monday,Adult
554-96-3589,2023-08-23 17:42:00,K,Willowby,M,70,African American,K,True,9.0,49,False,K,August,Wednesday,Senior
530-22-6924,2023-09-15 22:42:00,W,McFadin,F,61,Pacific Islander,W,True,,42,False,W,September,Friday,Senior
449-69-8456,2024-07-10 06:43:00,V,Robic,F,29,White,V,True,4.0,10,False,V,July,Wednesday,Adult
280-93-8703,2024-03-18 16:26:00,C,Izat,F,67,African American,C,True,8.0,42,False,C,March,Monday,Senior
167-77-4307,2024-01-23 15:26:00,F,Tunniclisse,M,57,African American,F,True,,60,False,F,January,Tuesday,Adult
532-77-3729,2023-12-15 15:01:00,E,Grimsdith,M,28,African American,E,True,,49,False,E,December,Friday,Adult
310-55-5331,2024-08-07 00:03:00,J,Goneau,M,9,African American,J,True,5.0,16,False,J,August,Wednesday,Child
887-74-5024,2023-11-26 01:49:00,Q,Rathe,F,51,Two or More Races,Q,True,,38,False,Q,November,Sunday,Adult
379-45-8010,2024-10-23 16:28:00,Q,Rapi,F,45,African American,Q,True,,53,False,Q,October,Wednesday,Adult
353-77-6257,2023-02-04 23:10:00,V,Van Der Walt,M,75,White,V,True,7.0,33,False,V,February,Saturday,Senior
366-93-1146,2024-01-26 16:26:00,G,Greeding,M,49,African American,G,True,10.0,52,False,G,January,Friday,Adult
636-59-9872,2024-07-03 23:19:00,M,Djekovic,M,40,Pacific Islander,M,True,,38,False,M,July,Wednesday,Adult
707-40-6053,2024-09-27 21:34:00,O,Bahde,F,26,Declined to Identify,O,True,,37,False,O,September,Friday,Adult
142-10-3821,2023-11-04 21:35:00,U,Oxenham,F,3,Declined to Identify,U,True,,24,False,U,November,Saturday,Child
707-65-0931,2024-02-27 07:37:00,W,Danford,F,55,African American,W,True,,25,False,W,February,Tuesday,Adult
608-50-7377,2023-05-10 08:07:00,S,Adnam,F,73,White,S,True,,12,False,S,May,Wednesday,Senior
125-27-8454,2023-12-09 13:18:00,N,Seeney,F,48,White,N,True,,53,False,N,December,Saturday,Adult
593-21-1380,2023-01-07 06:50:00,L,Crawshay,M,40,Two or More Races,L,True,,16,False,L,January,Saturday,Adult
241-01-9916,2023-12-29 00:02:00,G,Tavernor,M,28,Asian,G,True,1.0,26,False,G,December,Friday,Adult
314-47-2091,2024-12-03 08:45:00,Z,Weyman,M,35,African American,Z,True,,44,False,Z,December,Tuesday,Adult
312-60-6865,2023-07-30 01:34:00,J,Twinborne,M,30,White,J,True,10.0,29,False,J,July,Sunday,Adult
343-40-4924,2023-09-15 12:42:00,L,Almack,M,29,Two or More Races,L,True,,51,False,L,September,Friday,Adult
229-08-8535,2024-09-27 13:33:00,O,Portchmouth,F,36,Asian,O,True,,27,False,O,September,Friday,Adult
428-76-6409,2023-08-08 08:53:00,H,Duffy,M,26,Pacific Islander,H,True,3.0,13,False,H,August,Tuesday,Adult
859-84-2585,2024-06-21 11:39:00,J,Flarity,M,7,White,J,True,,12,False,J,June,Friday,Child
203-99-0377,2023-10-29 14:39:00,U,Tomasian,F,29,Declined to Identify,U,True,,16,False,U,October,Sunday,Adult
673-87-9658,2023-01-12 03:20:00,O,Trumper,M,53,Two or More Races,O,True,,57,False,O,January,Thursday,Adult
602-61-9639,2023-07-28 07:41:00,X,Housegoe,F,51,Declined to Identify,X,True,,17,False,X,July,Friday,Adult
454-08-5050,2024-03-10 10:20:00,Z,Gibbens,F,67,Native American/Alaska Native,Z,True,6.0,48,False,Z,March,Sunday,Senior
523-22-4909,2024-02-22 00:10:00,D,Brimilcome,M,23,Two or More Races,D,True,,47,False,D,February,Thursday,Adult
407-21-4291,2023-09-15 23:14:00,A,MacMechan,M,55,African American,A,True,4.0,40,False,A,September,Friday,Adult
812-30-7792,2024-08-05 07:37:00,N,Bestwall,M,18,Pacific Islander,N,True,,13,False,N,August,Monday,Teen
760-40-8441,2024-01-27 13:47:00,C,Place,M,62,African American,C,True,4.0,43,False,C,January,Saturday,Senior
278-30-2643,2024-02-25 01:03:00,W,Draysey,F,47,African American,W,True,,14,False,W,February,Sunday,Adult
646-30-8991,2023-02-12 12:39:00,D,Coppard,F,13,African American,D,True,2.0,52,False,D,February,Sunday,Teen
389-47-4560,2023-03-05 19:06:00,Z,Klaggeman,M,79,White,Z,True,,25,True,Z,March,Sunday,Senior
795-71-2961,2024-11-04 09:32:00,J,Englishby,F,39,Native American/Alaska Native,J,True,,16,False,J,November,Monday,Adult
696-43-9529,2023-08-20 08:35:00,S,Drewet,M,57,African American,S,True,,14,False,S,August,Sunday,Adult
536-05-9082,2023-04-06 07:23:00,E,Gepheart,F,20,Two or More Races,E,True,4.0,24,False,E,April,Thursday,Adult
842-53-5003,2023-03-09 13:49:00,E,Ricketts,M,74,Declined to Identify,E,True,3.0,56,False,E,March,Thursday,Senior
649-05-0980,2023-07-18 17:30:00,K,Berriman,F,75,Two or More Races,K,True,1.0,20,False,K,July,Tuesday,Senior
253-73-0692,2024-01-24 03:12:00,U,Sidden,M,2,Declined to Identify,U,True,,33,False,U,January,Wednesday,Child
751-06-2730,2024-06-27 11:20:00,S,Threadgill,M,6,African American,S,True,3.0,30,False,S,June,Thursday,Child
719-37-8355,2023-09-30 07:11:00,I,Hatt,F,9,White,I,True,,41,False,I,September,Saturday,Child
722-84-3095,2023-05-21 20:20:00,F,Plank,F,76,Two or More Races,F,True,,43,True,F,May,Sunday,Senior
747-96-6784,2023-06-25 05:25:00,E,Ethington,M,68,Two or More Races,E,True,10.0,45,False,E,June,Sunday,Senior
170-62-0653,2024-09-13 18:47:00,S,Trevain,F,44,White,S,True,5.0,42,False,S,September,Friday,Adult
530-18-6594,2023-06-04 15:50:00,B,Delion,M,69,African American,B,True,,21,False,B,June,Sunday,Senior
306-12-0501,2023-10-08 16:51:00,B,Korba,F,5,Two or More Races,B,True,,37,False,B,October,Sunday,Child
255-92-8939,2023-09-08 20:30:00,V,Dy,M,65,Two or More Races,V,True,8.0,26,False,V,September,Friday,Senior
171-23-3641,2024-07-26 19:21:00,H,Witcomb,M,77,Two or More Races,H,True,,24,False,H,July,Friday,Senior
450-28-3332,2024-01-10 04:30:00,B,Hindes,M,26,White,B,True,,17,False,B,January,Wednesday,Adult
569-24-2406,2024-05-16 19:09:00,Y,Whether,M,48,Asian,Y,True,,32,False,Y,May,Thursday,Adult
697-73-4767,2024-01-16 13:56:00,B,Clewes,F,57,White,B,True,,32,False,B,January,Tuesday,Adult
844-86-6653,2023-12-11 04:29:00,F,Trett,M,3,White,F,True,3.0,38,False,F,December,Monday,Child
502-06-9989,2023-07-30 03:40:00,C,Ikringill,M,10,White,C,True,,57,False,C,July,Sunday,Child
460-55-2507,2023-08-29 19:35:00,H,Goodisson,F,44,African American,H,True,1.0,32,False,H,August,Tuesday,Adult
429-32-3098,2023-04-16 20:13:00,Z,Alldridge,F,76,White,Z,True,,13,False,Z,April,Sunday,Senior
433-42-5910,2024-02-04 05:05:00,V,Schout,F,74,Asian,V,True,8.0,39,False,V,February,Sunday,Senior
294-28-2369,2024-08-03 08:21:00,U,Motto,F,48,White,U,True,,46,False,U,August,Saturday,Adult
191-36-0112,2023-08-07 22:56:00,L,Stoker,M,39,White,L,True,5.0,42,False,L,August,Monday,Adult
558-14-1217,2024-12-07 19:18:00,G,Lead,M,53,Native American/Alaska Native,G,True,8.0,51,False,G,December,Saturday,Adult
139-07-0452,2024-09-21 09:29:00,K,McGarva,M,20,Declined to Identify,K,True,3.0,57,False,K,September,Saturday,Adult
665-04-6942,2024-04-26 09:01:00,C,Leyden,M,40,White,C,True,,23,False,C,April,Friday,Adult
392-82-1935,2024-10-30 03:49:00,Z,Ernshaw,F,23,White,Z,True,,24,False,Z,October,Wednesday,Adult
738-27-0084,2023-08-13 01:56:00,N,Proom,F,37,Declined to Identify,N,True,,51,False,N,August,Sunday,Adult
320-36-7101,2023-06-20 13:43:00,T,Fudge,M,37,Asian,T,True,,32,False,T,June,Tuesday,Adult
378-74-2509,2023-10-18 20:03:00,F,Watkinson,M,30,African American,F,True,2.0,53,False,F,October,Wednesday,Adult
151-94-5863,2023-07-13 05:19:00,T,Union,F,34,White,T,True,,43,False,T,July,Thursday,Adult
838-07-1763,2023-02-06 16:17:00,Y,Piwall,F,6,White,Y,True,,20,False,Y,February,Monday,Child
745-60-8922,2023-04-13 01:32:00,O,Jacson,M,31,Two or More Races,O,True,,14,False,O,April,Thursday,Adult
162-86-9521,2024-12-01 06:56:00,A,Cudihy,M,68,Native American/Alaska Native,A,True,,33,False,A,December,Sunday,Senior
602-37-2587,2023-12-30 21:56:00,Q,Lutwyche,F,73,African American,Q,True,4.0,20,False,Q,December,Saturday,Senior
148-56-6438,2023-03-12 02:05:00,Q,Farloe,F,56,Two or More Races,Q,True,,28,False,Q,March,Sunday,Adult
674-39-3958,2023-06-14 22:10:00,L,Corradino,F,63,White,L,True,0.0,46,False,L,June,Wednesday,Senior
276-38-4682,2024-11-02 23:23:00,O,Theodore,F,13,Declined to Identify,O,True,,40,False,O,November,Saturday,Teen
475-56-5117,2023-07-10 22:48:00,A,Zelner,M,31,Two or More Races,A,True,,18,False,A,July,Monday,Adult
232-81-4919,2023-07-08 15:21:00,T,Simonich,F,61,Pacific Islander,T,True,,44,False,T,July,Saturday,Senior
616-41-9787,2024-01-09 10:15:00,Q,Nanetti,M,54,African American,Q,True,,34,False,Q,January,Tuesday,Adult
334-65-8008,2024-07-10 15:40:00,K,Abrahams,M,7,White,K,True,,56,False,K,July,Wednesday,Child
745-02-2194,2023-05-30 11:48:00,Q,MacSkeagan,F,39,African American,Q,True,,17,True,Q,May,Tuesday,Adult
583-91-6038,2023-11-17 07:19:00,W,Salmond,M,76,African American,W,True,,30,False,W,November,Friday,Senior
120-29-3911,2024-03-19 18:39:00,P,Corradini,M,78,Two or More Races,P,True,1.0,52,False,P,March,Tuesday,Senior
586-91-2074,2024-09-17 05:53:00,D,Emmitt,M,21,Declined to Identify,D,True,,22,False,D,September,Tuesday,Adult
557-57-3240,2023-06-22 12:26:00,I,Gethins,M,42,African American,I,True,,55,False,I,June,Thursday,Adult
634-94-1438,2024-05-01 22:58:00,P,Baudichon,M,27,Two or More Races,P,True,,49,False,P,May,Wednesday,Adult
524-89-7434,2024-02-04 04:00:00,I,Laven,M,37,White,I,True,,33,False,I,February,Sunday,Adult
121-57-0594,2024-07-09 02:40:00,S,de Verson,M,5,African American,S,True,,17,False,S,July,Tuesday,Child
251-33-7796,2024-02-25 20:02:00,H,Scown,M,12,African American,H,True,,22,False,H,February,Sunday,Child
805-72-1704,2023-10-11 06:16:00,Y,Whitear,F,32,Declined to Identify,Y,True,5.0,11,False,Y,October,Wednesday,Adult
500-12-4114,2023-01-07 22:29:00,E,Connal,M,56,White,E,True,,15,False,E,January,Saturday,Adult
472-80-8183,2024-08-13 03:57:00,E,Simner,M,19,White,E,True,1.0,52,False,E,August,Tuesday,Adult
445-48-0091,2023-01-09 08:46:00,J,Beckingham,F,42,Declined to Identify,J,True,,11,False,J,January,Monday,Adult
632-20-4911,2024-05-14 23:40:00,Q,Penwright,M,25,African American,Q,True,0.0,35,False,Q,May,Tuesday,Adult
331-48-0116,2023-09-15 23:10:00,T,Arnao,F,54,White,T,True,,31,False,T,September,Friday,Adult
792-04-6423,2024-09-09 14:00:00,K,Brittan,F,59,White,K,True,,56,False,K,September,Monday,Adult
595-46-8071,2024-10-03 04:22:00,C,Drieu,F,11,Two or More Races,C,True,,39,False,C,October,Thursday,Child
896-82-2567,2024-07-28 04:44:00,X,Schoffel,F,9,White,X,True,,48,False,X,July,Sunday,Child
580-30-1480,2023-12-23 18:24:00,Z,Bartrum,F,7,Two or More Races,Z,True,,27,False,Z,December,Saturday,Child
697-21-0978,2023-09-16 22:37:00,X,Cicetti,M,14,African American,X,True,,38,False,X,September,Saturday,Teen
178-03-0288,2023-09-13 05:11:00,F,Kunz,F,73,Two or More Races,F,True,,25,False,F,September,Wednesday,Senior
564-64-5838,2024-09-19 04:40:00,M,Driffill,F,40,Asian,M,True,,44,False,M,September,Thursday,Adult
423-95-8777,2024-02-15 13:39:00,X,Doogan,F,28,African American,X,True,,52,False,X,February,Thursday,Adult
879-96-5283,2024-11-09 13:26:00,K,Gorvette,F,69,Two or More Races,K,True,,26,False,K,November,Saturday,Senior
568-65-2667,2023-06-16 18:55:00,L,Mammatt,M,64,Asian,L,True,,50,False,L,June,Friday,Senior
282-26-7682,2024-04-14 13:08:00,X,Asker,M,73,African American,X,True,5.0,42,False,X,April,Sunday,Senior
377-04-9725,2024-05-02 11:25:00,U,Jeens,M,10,Native American/Alaska Native,U,True,,44,False,U,May,Thursday,Child
368-97-6319,2023-11-11 18:24:00,S,Daughtery,F,61,African American,S,True,,24,False,S,November,Saturday,Senior
226-10-3804,2023-10-25 08:45:00,J,Minghi,M,39,Pacific Islander,J,True,5.0,45,False,J,October,Wednesday,Adult
370-30-5916,2023-04-11 05:27:00,C,Slafford,F,63,Two or More Races,C,True,,10,False,C,April,Tuesday,Senior
318-96-4834,2024-07-19 08:24:00,E,Timewell,F,6,White,E,True,,18,False,E,July,Friday,Child
651-40-0526,2023-12-26 17:38:00,E,Tatters,F,4,Asian,E,True,,59,False,E,December,Tuesday,Child
735-88-4353,2023-04-27 08:59:00,G,Redbourn,M,37,White,G,True,,16,False,G,April,Thursday,Adult
688-62-6860,2024-09-01 13:11:00,L,Hurdle,F,27,Native American/Alaska Native,L,True,,38,False,L,September,Sunday,Adult
291-99-8598,2023-11-07 22:52:00,G,Hogbin,M,11,Native American/Alaska Native,G,True,,50,False,G,November,Tuesday,Child
255-92-2375,2023-06-19 03:06:00,N,Jerdan,NC,70,Asian,N,True,4.0,17,False,N,June,Monday,Senior
721-71-7824,2023-08-22 06:33:00,F,Troubridge,F,31,Two or More Races,F,True,,34,False,F,August,Tuesday,Adult
233-13-0126,2024-03-28 19:07:00,L,Murdy,M,52,African American,L,True,,12,False,L,March,Thursday,Adult
468-35-7714,2023-05-18 04:10:00,U,Harbertson,M,41,Two or More Races,U,True,,46,True,U,May,Thursday,Adult
774-35-2604,2024-03-24 11:55:00,K,Ginman,F,25,White,K,True,,25,False,K,March,Sunday,Adult
787-98-6577,2023-11-12 13:31:00,C,Wherry,M,59,Native American/Alaska Native,C,True,,15,False,C,November,Sunday,Adult
344-08-7920,2023-09-27 19:07:00,J,McPharlain,F,48,African American,J,True,,34,False,J,September,Wednesday,Adult
454-88-1988,2024-04-10 21:51:00,P,Bravery,M,5,White,P,True,,27,False,P,April,Wednesday,Child
632-40-8703,2024-04-06 04:29:00,F,Barensky,M,37,Pacific Islander,F,True,,54,False,F,April,Saturday,Adult
784-61-7194,2023-08-21 02:23:00,A,Menguy,F,17,Pacific Islander,A,True,,23,False,A,August,Monday,Teen
370-02-5695,2023-07-16 03:06:00,Y,Yurikov,M,39,Declined to Identify,Y,True,,31,False,Y,July,Sunday,Adult
609-51-6263,2024-03-03 07:28:00,P,Coda,F,14,African American,P,True,,60,False,P,March,Sunday,Teen
644-58-1558,2023-11-28 18:58:00,N,Krimmer,F,44,African American,N,True,,44,False,N,November,Tuesday,Adult
258-60-6957,2023-03-11 15:44:00,X,Pomfrett,F,20,Two or More Races,X,True,1.0,21,False,X,March,Saturday,Adult
820-20-3247,2023-11-30 19:41:00,V,Kittley,M,77,Asian,V,True,7.0,56,False,V,November,Thursday,Senior
862-66-9466,2023-07-07 01:50:00,C,Marchington,F,72,Pacific Islander,C,True,2.0,52,False,C,July,Friday,Senior
191-59-7336,2023-05-14 04:41:00,Z,Donovin,F,21,Two or More Races,Z,True,,27,True,Z,May,Sunday,Adult
854-16-1184,2023-10-05 05:22:00,O,Crocetti,F,12,Declined to Identify,O,True,,39,True,O,October,Thursday,Child
673-44-9918,2024-07-21 01:30:00,O,Lindelof,F,67,White,O,True,,34,False,O,July,Sunday,Senior
263-10-1520,2024-01-03 07:26:00,M,Saipy,M,37,White,M,True,,27,False,M,January,Wednesday,Adult
296-40-3993,2023-02-10 08:27:00,P,Goodley,M,8,Two or More Races,P,True,,15,False,P,February,Friday,Child
443-90-1086,2024-02-03 09:12:00,F,Harg,F,77,Native American/Alaska Native,F,True,,30,False,F,February,Saturday,Senior
567-05-4342,2024-09-10 05:41:00,N,Emblin,F,21,Two or More Races,N,True,,55,False,N,September,Tuesday,Adult
266-12-6783,2024-10-14 06:01:00,U,Henlon,M,26,African American,U,True,,42,False,U,October,Monday,Adult
144-86-5245,2024-05-31 23:20:00,G,Squibbes,F,76,White,G,True,,31,False,G,May,Friday,Senior
497-45-3476,2023-05-08 21:03:00,K,Zanetto,F,4,Two or More Races,K,True,,51,False,K,May,Monday,Child
457-25-0613,2024-05-31 20:44:00,K,Burnside,M,33,African American,K,True,,24,False,K,May,Friday,Adult
136-16-3393,2023-10-04 08:45:00,U,Carswell,M,27,White,U,True,4.0,47,False,U,October,Wednesday,Adult
345-80-7681,2024-06-16 15:24:00,O,Buddington,M,24,African American,O,True,,46,False,O,June,Sunday,Adult
778-31-9819,2023-01-09 16:58:00,M,Tolossi,M,78,Asian,M,True,,58,False,M,January,Monday,Senior
570-65-0181,2024-08-28 08:38:00,W,Schistl,F,58,African American,W,True,,42,False,W,August,Wednesday,Adult
678-33-6326,2023-06-17 13:03:00,H,O'Dowd,F,59,White,H,True,8.0,14,False,H,June,Saturday,Adult
754-53-5621,2023-12-18 17:57:00,O,Corder,M,34,Asian,O,True,7.0,11,False,O,December,Monday,Adult
208-13-3546,2024-04-24 15:59:00,B,O'Kynsillaghe,M,7,White,B,True,,35,False,B,April,Wednesday,Child
851-76-2999,2024-08-17 19:38:00,Z,Hammand,F,62,African American,Z,True,,32,False,Z,August,Saturday,Senior
279-01-8909,2024-03-31 03:12:00,V,Di Franceshci,M,41,Pacific Islander,V,True,,58,False,V,March,Sunday,Adult
566-62-7832,2023-09-19 22:48:00,F,Hars,F,52,Two or More Races,F,True,1.0,30,False,F,September,Tuesday,Adult
813-17-2531,2024-04-26 22:21:00,R,MacClinton,F,70,Declined to Identify,R,True,,20,False,R,April,Friday,Senior
860-43-2537,2024-04-09 06:27:00,D,Wessel,M,31,Declined to Identify,D,True,,19,False,D,April,Tuesday,Adult
717-44-1754,2023-09-11 05:46:00,P,McIlvenna,M,34,Declined to Identify,P,True,1.0,26,False,P,September,Monday,Adult
788-05-7233,2024-04-14 22:53:00,W,Rosensaft,M,52,White,W,True,,35,False,W,April,Sunday,Adult
269-56-0676,2024-01-15 22:57:00,R,Tooth,M,77,White,R,True,2.0,59,False,R,January,Monday,Senior
432-19-9911,2023-06-11 15:07:00,S,Iamittii,F,24,White,S,True,,51,False,S,June,Sunday,Adult
824-31-0857,2024-08-18 01:14:00,I,MacKean,F,71,Declined to Identify,I,True,,53,False,I,August,Sunday,Senior
180-73-9658,2024-07-02 03:38:00,A,Bewlay,NC,25,Two or More Races,A,True,,59,False,A,July,Tuesday,Adult
759-33-6592,2024-03-14 14:18:00,I,Kochs,M,56,Declined to Identify,I,True,,32,False,I,March,Thursday,Adult
462-57-0018,2023-04-07 16:24:00,W,Welman,F,39,White,W,True,,29,False,W,April,Friday,Adult
359-57-5243,2023-04-21 22:27:00,Y,Archanbault,M,33,African American,Y,True,,46,False,Y,April,Friday,Adult
234-53-3039,2024-06-05 17:11:00,T,Brilleman,F,46,African American,T,True,4.0,32,False,T,June,Wednesday,Adult
494-35-2410,2024-01-04 22:27:00,O,Mercy,M,4,Two or More Races,O,True,,30,False,O,January,Thursday,Child
421-47-5088,2024-04-08 20:13:00,I,Spelman,M,45,African American,I,True,,60,False,I,April,Monday,Adult
500-22-9975,2024-07-05 23:18:00,T,Hewes,F,24,White,T,True,,40,False,T,July,Friday,Adult
567-64-8503,2024-08-15 00:05:00,A,Knight,M,28,Two or More Races,A,True,,58,False,A,August,Thursday,Adult
482-31-9677,2024-05-08 18:16:00,Z,Prott,M,5,White,Z,True,,19,False,Z,May,Wednesday,Child
457-93-2979,2024-04-30 00:26:00,R,Snelgrove,F,53,White,R,True,,45,False,R,April,Tuesday,Adult
840-11-5082,2024-05-01 19:14:00,L,Wyburn,F,9,Two or More Races,L,True,10.0,28,False,L,May,Wednesday,Child
404-87-6936,2024-03-01 13:15:00,M,Caudrelier,F,53,African American,M,True,,31,False,M,March,Friday,Adult
557-05-5863,2024-07-13 06:12:00,L,Gillford,M,64,Two or More Races,L,True,,29,False,L,July,Saturday,Senior
801-66-2184,2024-10-25 19:27:00,N,Hearon,M,56,White,N,True,,17,False,N,October,Friday,Adult
826-83-6796,2024-05-26 12:05:00,Q,Snoad,F,35,Asian,Q,True,,39,False,Q,May,Sunday,Adult
395-41-5858,2023-04-21 01:13:00,E,Ervine,F,70,African American,E,True,,34,False,E,April,Friday,Senior
347-72-5118,2024-04-13 08:30:00,N,Fraczkiewicz,M,59,Asian,N,True,,37,False,N,April,Saturday,Adult
114-45-5732,2024-10-17 11:37:00,I,Isham,F,43,White,I,True,,18,False,I,October,Thursday,Adult
181-84-9858,2024-06-14 11:28:00,T,Lindenberg,F,10,Two or More Races,T,True,,55,False,T,June,Friday,Child
542-98-7304,2023-12-25 09:28:00,L,Jobe,M,79,Two or More Races,L,True,,39,False,L,December,Monday,Senior
615-16-5686,2023-03-10 06:45:00,D,McAvey,F,11,African American,D,True,,49,False,D,March,Friday,Child
156-26-5666,2024-10-20 17:44:00,N,Keysall,F,2,Declined to Identify,N,True,2.0,10,False,N,October,Sunday,Child
245-37-8627,2023-06-30 15:47:00,I,Lilloe,M,26,Asian,I,True,1.0,33,False,I,June,Friday,Adult
696-86-6623,2024-10-25 00:14:00,J,Wilfing,M,11,African American,J,True,,10,False,J,October,Friday,Child
414-64-8497,2023-02-09 12:18:00,A,Clempton,M,65,Declined to Identify,A,True,2.0,40,False,A,February,Thursday,Senior
676-71-8991,2024-03-03 14:26:00,O,Wisby,F,14,African American,O,True,,10,False,O,March,Sunday,Teen
806-55-2798,2023-10-12 00:22:00,A,Gulc,F,40,Pacific Islander,A,True,,17,False,A,October,Thursday,Adult
757-21-9703,2023-07-21 02:00:00,P,Syncke,F,42,Asian,P,True,,45,False,P,July,Friday,Adult
788-38-9695,2023-08-26 11:21:00,I,Auchterlony,F,7,White,I,True,5.0,31,False,I,August,Saturday,Child
601-49-6614,2023-11-23 18:30:00,G,Cleife,M,58,White,G,True,,19,False,G,November,Thursday,Adult
549-79-0918,2023-08-06 15:54:00,V,Vevers,M,66,Two or More Races,V,True,,21,False,V,August,Sunday,Senior
590-21-6350,2023-12-16 11:53:00,Q,Dalliwater,M,49,Two or More Races,Q,True,,43,False,Q,December,Saturday,Adult
592-78-2378,2024-08-10 07:30:00,A,Funnell,F,53,Declined to Identify,A,True,5.0,10,False,A,August,Saturday,Adult
268-85-0735,2024-09-01 22:30:00,J,Sell,F,48,White,J,True,,11,False,J,September,Sunday,Adult
285-58-7134,2024-02-04 23:57:00,S,McFadyen,M,16,Two or More Races,S,True,,54,False,S,February,Sunday,Teen
325-98-4218,2023-08-30 19:49:00,Z,Teideman,M,2,Two or More Races,Z,True,,38,False,Z,August,Wednesday,Child
523-01-7161,2023-07-22 22:15:00,D,Edson,M,7,African American,D,True,5.0,12,False,D,July,Saturday,Child
258-52-1051,2023-09-08 18:13:00,R,Duddell,M,15,White,R,True,2.0,36,False,R,September,Friday,Teen
232-91-0483,2023-07-11 02:53:00,A,Tavinor,M,70,White,A,True,5.0,13,False,A,July,Tuesday,Senior
346-95-1105,2024-05-13 17:44:00,K,Fairfoul,M,40,Declined to Identify,K,True,,34,False,K,May,Monday,Adult
590-81-9405,2023-09-10 17:15:00,G,Gianullo,M,50,African American,G,True,,47,False,G,September,Sunday,Adult
869-78-4400,2023-10-10 20:49:00,D,Binestead,F,65,Native American/Alaska Native,D,True,,51,False,D,October,Tuesday,Senior
270-65-3632,2024-07-27 13:08:00,H,Northedge,M,59,African American,H,True,,34,False,H,July,Saturday,Adult
237-84-8828,2024-08-16 19:55:00,R,Whitehouse,M,35,Native American/Alaska Native,R,True,6.0,53,False,R,August,Friday,Adult
619-20-9832,2023-10-20 07:55:00,E,Achurch,M,58,Declined to Identify,E,True,,21,False,E,October,Friday,Adult
176-89-2201,2023-08-24 19:41:00,H,Cooley,F,76,Declined to Identify,H,True,,38,False,H,August,Thursday,Senior
363-33-8633,2023-05-09 04:15:00,O,Di Dello,F,20,African American,O,True,4.0,43,False,O,May,Tuesday,Adult
747-07-7323,2024-05-30 12:00:00,F,Dabinett,F,11,White,F,True,,59,False,F,May,Thursday,Child
748-83-0279,2023-12-29 05:18:00,G,Fursland,M,58,White,G,True,1.0,12,False,G,December,Friday,Adult
623-38-5573,2023-06-27 23:14:00,Z,Kynnd,F,15,White,Z,True,,50,False,Z,June,Tuesday,Teen
507-24-3607,2024-06-22 01:15:00,E,Clyburn,F,2,African American,E,True,,15,False,E,June,Saturday,Child
511-79-3919,2024-03-04 22:43:00,K,Dessaur,F,72,White,K,True,,33,False,K,March,Monday,Senior
384-30-2755,2023-10-09 07:58:00,U,Widdocks,M,39,White,U,True,,21,False,U,October,Monday,Adult
561-92-4547,2023-10-13 17:36:00,V,Godridge,M,7,White,V,True,,57,False,V,October,Friday,Child
228-43-4348,2023-01-05 18:28:00,D,McDowell,M,65,African American,D,True,,36,True,D,January,Thursday,Senior
635-03-0538,2024-01-30 23:57:00,F,Mcwhinnie,F,67,Two or More Races,F,True,,57,False,F,January,Tuesday,Senior
441-78-6203,2024-08-28 23:28:00,E,Sandys,M,3,African American,E,True,6.0,42,False,E,August,Wednesday,Child
593-30-5918,2024-09-05 09:32:00,Z,De Hailes,M,11,White,Z,True,,48,False,Z,September,Thursday,Child
311-14-5921,2023-06-13 08:23:00,W,Canas,F,9,White,W,True,4.0,19,False,W,June,Tuesday,Child
414-58-8930,2024-03-14 12:18:00,U,Grissett,F,2,African American,U,True,,25,False,U,March,Thursday,Child
408-29-0501,2024-02-05 00:33:00,M,Evenett,M,25,White,M,True,,26,False,M,February,Monday,Adult
101-38-5868,2024-08-10 12:18:00,J,Saddington,M,14,White,J,True,,20,False,J,August,Saturday,Teen
270-39-6593,2024-08-24 05:41:00,J,Gillie,F,11,Asian,J,True,,60,False,J,August,Saturday,Child
574-75-4280,2024-08-22 06:37:00,T,Wohlers,F,6,Two or More Races,T,True,1.0,57,False,T,August,Thursday,Child
602-64-6212,2023-09-29 02:21:00,N,Stive,F,46,Declined to Identify,N,True,,52,False,N,September,Friday,Adult
477-07-4012,2023-12-06 23:51:00,M,Matzaitis,M,23,Asian,M,True,,11,False,M,December,Wednesday,Adult
458-41-3724,2024-05-23 23:10:00,L,Grim,F,34,African American,L,True,,13,False,L,May,Thursday,Adult
200-87-7696,2024-08-26 13:49:00,V,Giovani,F,13,African American,V,True,4.0,10,False,V,August,Monday,Teen
177-38-4025,2024-06-05 05:14:00,R,Pilipyak,M,63,Two or More Races,R,True,3.0,59,False,R,June,Wednesday,Senior
241-21-0506,2023-10-17 02:00:00,M,Lorie,F,42,Declined to Identify,M,True,3.0,54,False,M,October,Tuesday,Adult
644-76-1186,2023-09-15 10:16:00,L,Wasmuth,F,47,Asian,L,True,6.0,11,False,L,September,Friday,Adult
213-73-5378,2024-10-29 18:40:00,N,Strangeway,M,27,Asian,N,True,,43,False,N,October,Tuesday,Adult
210-06-8525,2023-10-06 06:49:00,L,Bergstram,F,38,White,L,True,4.0,24,False,L,October,Friday,Adult
738-81-7786,2024-07-27 09:58:00,M,Michelin,F,49,African American,M,True,,50,False,M,July,Saturday,Adult
667-52-8382,2024-04-08 09:56:00,B,Georgel,M,39,African American,B,True,,55,False,B,April,Monday,Adult
714-41-2161,2023-01-05 22:37:00,T,Solley,F,31,African American,T,True,,41,True,T,January,Thursday,Adult
599-40-2753,2024-03-10 13:39:00,A,Aspling,F,16,African American,A,True,,20,False,A,March,Sunday,Teen
753-92-5377,2024-08-21 05:38:00,C,Elcoux,M,46,Two or More Races,C,True,,26,False,C,August,Wednesday,Adult
491-94-8271,2023-04-06 22:13:00,E,Cranch,M,14,Two or More Races,E,True,,12,False,E,April,Thursday,Teen
102-05-9716,2023-10-20 02:33:00,J,Addicott,M,71,Two or More Races,J,True,,30,False,J,October,Friday,Senior
889-81-3794,2024-02-07 07:05:00,B,Corona,F,18,Declined to Identify,B,True,,27,False,B,February,Wednesday,Teen
422-91-8230,2023-06-15 05:24:00,M,Fullylove,M,1,Declined to Identify,M,True,,39,False,M,June,Thursday,Child
589-52-0548,2024-08-29 16:05:00,X,Carnson,M,71,Two or More Races,X,True,,21,False,X,August,Thursday,Senior
559-99-5645,2023-04-10 03:52:00,I,Lowdyane,M,32,Asian,I,True,,41,False,I,April,Monday,Adult
613-37-8053,2024-10-02 22:13:00,W,Hale,F,5,Native American/Alaska Native,W,True,2.0,54,False,W,October,Wednesday,Child
481-25-8959,2024-01-02 03:01:00,U,O'Kinneally,M,8,Pacific Islander,U,True,,33,False,U,January,Tuesday,Child
783-44-2077,2024-05-08 09:38:00,S,Stanesby,F,74,African American,S,True,,54,False,S,May,Wednesday,Senior
820-32-2123,2023-12-06 14:01:00,M,Linfoot,F,72,Two or More Races,M,True,,56,False,M,December,Wednesday,Senior
487-23-6531,2024-03-27 07:22:00,Y,Laughtisse,M,6,Native American/Alaska Native,Y,True,,48,False,Y,March,Wednesday,Child
806-06-2745,2024-10-21 04:23:00,K,Champniss,F,52,White,K,True,,12,False,K,October,Monday,Adult
413-62-4921,2024-04-15 05:26:00,R,Walsham,M,57,White,R,True,,56,False,R,April,Monday,Adult
252-77-6344,2023-09-26 14:52:00,K,Gettens,M,58,Asian,K,True,,16,False,K,September,Tuesday,Adult
540-87-5256,2024-10-05 05:41:00,L,Brighouse,M,27,Asian,L,True,,33,False,L,October,Saturday,Adult
690-11-2110,2023-07-24 08:07:00,Z,Eastbrook,M,40,Asian,Z,True,,45,False,Z,July,Monday,Adult
734-15-2159,2024-02-14 19:36:00,K,Cockroft,F,2,Asian,K,True,,20,False,K,February,Wednesday,Child
375-83-4770,2023-05-17 00:38:00,Y,Izakov,F,47,Two or More Races,Y,True,,25,True,Y,May,Wednesday,Adult
842-23-1921,2024-05-18 01:59:00,M,Pionter,F,24,Asian,M,True,,37,False,M,May,Saturday,Adult
440-64-1066,2024-06-01 14:04:00,K,Head,M,55,Declined to Identify,K,True,,38,False,K,June,Saturday,Adult
186-34-2679,2023-12-27 17:56:00,M,Eberz,M,25,White,M,True,,53,False,M,December,Wednesday,Adult
205-92-6656,2023-10-17 11:37:00,B,Graine,F,9,White,B,True,,54,False,B,October,Tuesday,Child
215-35-3486,2024-08-31 15:40:00,M,Gurry,F,78,White,M,True,,26,False,M,August,Saturday,Senior
830-21-0433,2023-03-10 00:01:00,H,Rheubottom,M,5,Declined to Identify,H,True,,38,False,H,March,Friday,Child
230-49-9379,2023-01-12 13:50:00,U,Zouch,F,61,White,U,True,,57,False,U,January,Thursday,Senior
370-99-9209,2023-08-14 21:27:00,G,Tuckey,M,67,African American,G,True,,14,False,G,August,Monday,Senior
238-05-9108,2024-08-29 04:28:00,B,Tompkinson,M,51,Pacific Islander,B,True,,12,False,B,August,Thursday,Adult
834-82-5675,2023-04-18 13:20:00,L,MacDermott,F,18,White,L,True,,51,False,L,April,Tuesday,Teen
648-27-9691,2023-08-15 06:56:00,J,Casini,M,27,Asian,J,True,,53,False,J,August,Tuesday,Adult
299-46-0910,2023-05-11 02:36:00,Y,Youtead,F,50,White,Y,True,4.0,57,False,Y,May,Thursday,Adult
490-06-4815,2023-10-06 02:02:00,W,Ranald,F,3,White,W,True,,10,False,W,October,Friday,Child
478-06-8771,2024-10-06 12:55:00,O,Gelsthorpe,F,76,Two or More Races,O,True,,39,False,O,October,Sunday,Senior
658-48-0259,2023-08-25 13:18:00,W,Bullman,F,6,Asian,W,True,,10,False,W,August,Friday,Child
115-20-5052,2023-05-18 07:27:00,I,Carff,F,57,Asian,I,True,,29,True,I,May,Thursday,Adult
397-69-1392,2024-01-08 12:07:00,I,Oddie,F,10,African American,I,True,,58,False,I,January,Monday,Child
818-72-0858,2023-08-19 15:34:00,L,Mackilpatrick,M,65,White,L,True,,15,False,L,August,Saturday,Senior
108-24-4463,2023-09-21 06:33:00,I,McIlvoray,M,46,Declined to Identify,I,True,2.0,33,False,I,September,Thursday,Adult
751-97-7123,2024-08-29 21:48:00,G,Creelman,F,38,Two or More Races,G,True,,11,False,G,August,Thursday,Adult
599-12-3787,2023-11-10 07:35:00,S,Polding,F,25,African American,S,True,3.0,35,False,S,November,Friday,Adult
467-44-4359,2023-04-08 01:54:00,Q,Gartside,M,40,African American,Q,True,6.0,28,False,Q,April,Saturday,Adult
478-44-5649,2023-07-07 21:17:00,I,Bellelli,F,22,White,I,True,,60,False,I,July,Friday,Adult
375-30-9722,2023-10-05 14:16:00,M,Duddin,M,46,African American,M,True,,10,True,M,October,Thursday,Adult
852-96-3176,2024-05-25 03:29:00,D,Pink,M,56,Two or More Races,D,True,,34,False,D,May,Saturday,Adult
789-25-4400,2024-02-10 22:12:00,C,Marcham,M,74,Two or More Races,C,True,,60,False,C,February,Saturday,Senior
499-70-1959,2024-02-18 19:13:00,X,Gartshore,M,67,Native American/Alaska Native,X,True,,36,False,X,February,Sunday,Senior
735-74-1211,2024-10-08 14:28:00,C,Rubinshtein,M,23,White,C,True,,15,False,C,October,Tuesday,Adult
689-53-7459,2023-10-11 12:19:00,E,Mixer,M,6,White,E,True,,21,False,E,October,Wednesday,Child
542-23-6028,2023-11-24 10:11:00,W,McKerron,M,42,White,W,True,,27,False,W,November,Friday,Adult
248-97-2178,2024-01-28 08:11:00,O,Gianninotti,M,39,African American,O,True,,37,False,O,January,Sunday,Adult
639-32-1869,2024-07-16 06:58:00,U,Surby,M,19,African American,U,True,,43,False,U,July,Tuesday,Adult
247-92-4074,2023-09-06 10:14:00,H,Guinn,F,36,White,H,True,6.0,31,False,H,September,Wednesday,Adult
415-78-9426,2023-03-07 09:25:00,C,Simkins,M,9,White,C,True,,18,False,C,March,Tuesday,Child
105-30-2335,2024-05-20 14:35:00,E,Pinnell,F,13,White,E,True,,38,False,E,May,Monday,Teen
662-68-0306,2024-08-23 14:24:00,O,Pring,M,6,Asian,O,True,,36,False,O,August,Friday,Child
320-79-0174,2023-08-23 01:08:00,P,Whiskerd,F,79,African American,P,True,,41,False,P,August,Wednesday,Senior
564-30-6384,2024-06-07 01:04:00,D,Murtimer,M,49,Pacific Islander,D,True,,45,False,D,June,Friday,Adult
467-10-8749,2023-05-25 16:28:00,H,Cubbin,M,47,African American,H,True,,19,True,H,May,Thursday,Adult
820-08-8919,2024-10-14 10:20:00,U,Phettiplace,M,18,African American,U,True,0.0,36,False,U,October,Monday,Teen
504-31-4021,2023-08-20 01:56:00,B,Loutheane,M,79,White,B,True,5.0,16,False,B,August,Sunday,Senior
473-86-0631,2024-01-28 02:52:00,P,Veschi,F,5,Asian,P,True,,50,False,P,January,Sunday,Child
799-68-0713,2024-06-26 08:09:00,D,Bamlett,F,5,Pacific Islander,D,True,3.0,19,False,D,June,Wednesday,Child
369-02-0603,2023-12-24 00:26:00,F,Sagrott,F,17,Declined to Identify,F,True,,23,False,F,December,Sunday,Teen
610-81-3745,2024-01-07 09:05:00,G,Hing,M,53,White,G,True,,56,False,G,January,Sunday,Adult
311-78-6420,2023-02-06 16:54:00,N,Tenniswood,M,2,White,N,True,10.0,48,False,N,February,Monday,Child
427-70-7254,2024-08-22 20:27:00,F,Rosthorn,F,52,Two or More Races,F,True,,20,False,F,August,Thursday,Adult
815-91-7298,2024-07-28 23:33:00,E,Stuchberry,M,58,Declined to Identify,E,True,,22,False,E,July,Sunday,Adult
574-06-1810,2023-04-06 02:36:00,R,Curner,M,70,White,R,True,10.0,17,False,R,April,Thursday,Senior
196-34-2784,2023-11-24 18:14:00,L,Nouch,F,18,Asian,L,True,,48,False,L,November,Friday,Teen
384-21-6166,2023-08-18 07:49:00,E,Muckloe,F,30,White,E,True,,30,False,E,August,Friday,Adult
524-32-9191,2024-12-06 14:50:00,F,Hacon,M,50,Asian,F,True,,60,False,F,December,Friday,Adult
550-40-6794,2024-06-28 20:30:00,Q,Ludye,M,75,Two or More Races,Q,True,,24,False,Q,June,Friday,Senior
630-21-7470,2023-11-06 06:10:00,I,Crisp,M,37,Declined to Identify,I,True,,36,False,I,November,Monday,Adult
673-50-9490,2024-04-06 03:17:00,R,Clout,F,13,Asian,R,True,,28,False,R,April,Saturday,Teen
740-09-6067,2024-09-26 05:47:00,I,Seefeldt,F,79,Asian,I,True,,49,False,I,September,Thursday,Senior
888-26-6668,2023-09-05 15:50:00,X,Loreit,M,67,Two or More Races,X,True,5.0,48,True,X,September,Tuesday,Senior
389-23-5284,2023-10-24 19:12:00,E,Shoreman,F,25,White,E,True,,12,False,E,October,Tuesday,Adult
300-02-4857,2024-01-09 13:44:00,D,Easman,F,52,White,D,True,,26,False,D,January,Tuesday,Adult
380-49-3383,2023-10-20 13:04:00,B,Olivella,M,15,Two or More Races,B,True,0.0,56,False,B,October,Friday,Teen
355-73-0319,2024-05-21 05:57:00,A,Alstead,F,58,African American,A,True,,17,False,A,May,Tuesday,Adult
417-96-2766,2023-04-14 15:52:00,E,Heyward,F,22,Asian,E,True,4.0,20,False,E,April,Friday,Adult
676-90-4688,2024-12-09 17:18:00,U,Reame,F,29,Pacific Islander,U,True,,18,False,U,December,Monday,Adult
245-88-7683,2024-04-27 23:49:00,W,Rowet,F,25,Declined to Identify,W,True,,53,False,W,April,Saturday,Adult
230-36-9342,2023-12-16 11:20:00,P,Romeo,M,46,White,P,True,,28,False,P,December,Saturday,Adult
878-03-2218,2023-08-16 21:46:00,S,Hutton,F,3,White,S,True,3.0,52,False,S,August,Wednesday,Child
685-54-9380,2023-05-30 03:24:00,I,Turmel,F,45,Declined to Identify,I,True,,52,True,I,May,Tuesday,Adult
188-23-2789,2023-03-06 07:28:00,T,Dignam,M,28,Declined to Identify,T,True,,37,False,T,March,Monday,Adult
797-54-3108,2023-08-20 11:44:00,E,Tottem,M,3,Native American/Alaska Native,E,True,10.0,40,False,E,August,Sunday,Child
136-97-6005,2023-04-07 15:43:00,C,Rattery,M,64,African American,C,True,,28,False,C,April,Friday,Senior
557-77-2197,2024-05-09 19:04:00,C,Weir,M,29,African American,C,True,7.0,54,False,C,May,Thursday,Adult
574-99-8782,2024-03-25 19:21:00,E,Franchyonok,M,13,Asian,E,True,1.0,59,False,E,March,Monday,Teen
222-46-6969,2024-09-17 23:03:00,Z,Livoir,M,49,Declined to Identify,Z,True,,60,False,Z,September,Tuesday,Adult
480-08-1479,2023-07-17 09:24:00,H,Trimby,F,23,Two or More Races,H,True,,47,False,H,July,Monday,Adult
481-74-8563,2023-06-13 04:14:00,R,Poytheras,M,30,White,R,True,,38,False,R,June,Tuesday,Adult
454-82-8237,2024-02-23 11:44:00,J,Votier,F,33,African American,J,True,3.0,56,False,J,February,Friday,Adult
825-28-0932,2024-01-06 05:58:00,L,Escoffier,F,38,Two or More Races,L,True,,56,False,L,January,Saturday,Adult
689-04-9270,2024-06-28 07:18:00,U,Island,M,21,White,U,True,,41,False,U,June,Friday,Adult
321-64-6408,2023-11-13 21:45:00,B,Prestage,M,11,African American,B,True,,31,False,B,November,Monday,Child
296-35-4605,2024-01-13 00:46:00,Q,Kenset,M,3,African American,Q,True,,50,False,Q,January,Saturday,Child
171-50-1220,2023-06-27 16:51:00,Z,Dax,F,38,White,Z,True,,52,False,Z,June,Tuesday,Adult
163-81-9187,2024-12-05 08:24:00,F,Bloxham,F,8,White,F,True,,23,False,F,December,Thursday,Child
656-26-2781,2024-03-31 21:38:00,Q,Dodge,F,4,White,Q,True,,32,False,Q,March,Sunday,Child
526-80-6917,2023-10-12 19:17:00,C,Scones,F,76,Two or More Races,C,True,,57,False,C,October,Thursday,Senior
753-19-0249,2024-10-09 23:58:00,Y,Arthars,M,17,White,Y,True,,25,False,Y,October,Wednesday,Teen
505-12-7655,2023-04-20 17:57:00,R,Kiss,F,42,Two or More Races,R,True,,29,False,R,April,Thursday,Adult
179-75-0561,2024-06-13 09:29:00,Q,Pedler,F,27,Native American/Alaska Native,Q,True,7.0,52,False,Q,June,Thursday,Adult
350-81-5979,2023-07-21 05:17:00,G,Loghan,F,55,Declined to Identify,G,True,,31,False,G,July,Friday,Adult
857-53-5483,2024-04-07 12:20:00,F,Hutt,M,30,Declined to Identify,F,True,4.0,30,False,F,April,Sunday,Adult
334-39-4208,2024-10-14 17:37:00,M,Hargitt,M,36,Asian,M,True,2.0,39,False,M,October,Monday,Adult
202-59-1460,2024-05-14 11:13:00,O,Eastlake,F,3,White,O,True,9.0,23,False,O,May,Tuesday,Child
849-08-8017,2023-07-26 18:32:00,Z,Cattemull,F,29,White,Z,True,,14,False,Z,July,Wednesday,Adult
115-38-0568,2024-03-29 02:39:00,J,Labern,F,52,African American,J,True,,16,False,J,March,Friday,Adult
383-59-9953,2024-04-24 06:19:00,M,Petken,F,66,Declined to Identify,M,True,0.0,20,False,M,April,Wednesday,Senior
827-11-0047,2023-10-09 07:28:00,Y,Hatherleigh,M,69,White,Y,True,,46,False,Y,October,Monday,Senior
689-37-4544,2023-12-09 12:23:00,B,Rudsdale,F,65,Asian,B,True,,15,False,B,December,Saturday,Senior
115-32-2649,2023-09-04 23:54:00,W,Eyres,M,30,White,W,True,3.0,47,False,W,September,Monday,Adult
163-91-1804,2024-01-23 08:46:00,O,Kollasch,M,57,White,O,True,10.0,26,False,O,January,Tuesday,Adult
664-09-7964,2024-10-21 21:02:00,N,O'Dulchonta,M,63,White,N,True,,13,False,N,October,Monday,Senior
482-84-7146,2024-05-23 07:01:00,Y,Rathbone,F,36,Two or More Races,Y,True,,41,False,Y,May,Thursday,Adult
268-96-2123,2023-05-14 20:48:00,M,Bikker,M,6,Declined to Identify,M,True,,58,True,M,May,Sunday,Child
765-76-0326,2024-08-13 07:52:00,N,MacAlpyne,F,3,Two or More Races,N,True,,40,False,N,August,Tuesday,Child
698-73-6142,2024-09-14 09:45:00,R,Lamberteschi,M,30,Two or More Races,R,True,,45,False,R,September,Saturday,Adult
411-64-9516,2024-11-08 12:24:00,I,Gehringer,F,62,Asian,I,True,,14,False,I,November,Friday,Senior
803-63-0438,2023-09-25 23:23:00,P,Briatt,F,19,White,P,True,,27,False,P,September,Monday,Adult
744-22-3323,2023-11-24 02:49:00,D,Murra,M,30,Asian,D,True,0.0,38,False,D,November,Friday,Adult
654-54-6014,2024-06-09 05:46:00,S,Haddeston,M,4,Native American/Alaska Native,S,True,5.0,33,False,S,June,Sunday,Child
338-36-3253,2023-07-08 14:44:00,Z,Pimblotte,F,9,Asian,Z,True,,26,False,Z,July,Saturday,Child
155-67-7834,2023-01-09 17:34:00,G,Guerrazzi,M,51,White,G,True,,24,False,G,January,Monday,Adult
429-22-2933,2023-08-16 10:05:00,S,Halms,F,45,White,S,True,,47,False,S,August,Wednesday,Adult
884-62-8043,2023-08-14 04:19:00,U,Nunson,F,43,Two or More Races,U,True,5.0,55,False,U,August,Monday,Adult
115-06-8540,2023-09-19 16:47:00,W,Jouannisson,M,39,African American,W,True,,21,False,W,September,Tuesday,Adult
580-35-3681,2024-08-20 20:36:00,C,Maslin,F,68,African American,C,True,,26,False,C,August,Tuesday,Senior
844-55-2304,2024-09-03 10:20:00,R,Paroni,M,74,White,R,True,,22,False,R,September,Tuesday,Senior
507-43-0074,2024-04-26 21:25:00,D,Clementson,M,22,Asian,D,True,,43,False,D,April,Friday,Adult
430-27-7131,2023-11-26 04:39:00,E,Brosh,F,39,Pacific Islander,E,True,,34,False,E,November,Sunday,Adult
290-02-3208,2024-01-22 18:34:00,V,Brookesbie,F,46,Two or More Races,V,True,,57,False,V,January,Monday,Adult
257-10-3017,2023-07-13 14:45:00,R,Bedow,M,16,African American,R,True,4.0,26,False,R,July,Thursday,Teen
546-24-9453,2023-08-29 20:24:00,I,Shyre,F,41,White,I,True,,17,False,I,August,Tuesday,Adult
308-11-3429,2024-02-01 07:09:00,D,Wyldbore,M,3,African American,D,True,,27,False,D,February,Thursday,Child
441-73-7448,2024-09-07 03:46:00,Z,Stickles,M,60,African American,Z,True,9.0,45,False,Z,September,Saturday,Adult
409-90-4444,2023-10-08 13:40:00,Y,Eady,M,65,African American,Y,True,,35,False,Y,October,Sunday,Senior
456-51-8577,2024-08-27 07:04:00,Y,Bonner,F,75,White,Y,True,4.0,13,False,Y,August,Tuesday,Senior
125-52-4944,2023-01-04 04:34:00,N,Sommerscales,M,79,White,N,True,,21,False,N,January,Wednesday,Senior
784-07-5849,2024-04-08 20:04:00,R,Pezey,F,11,Declined to Identify,R,True,,38,False,R,April,Monday,Child
387-11-4530,2024-03-04 07:49:00,J,Stanyer,F,53,White,J,True,,43,False,J,March,Monday,Adult
493-60-9445,2024-05-03 16:35:00,C,Gallear,F,26,White,C,True,,28,False,C,May,Friday,Adult
243-12-8113,2023-04-24 19:44:00,N,Winborn,F,63,White,N,True,1.0,26,False,N,April,Monday,Senior
655-01-4978,2024-07-20 10:06:00,O,Nettleship,F,14,African American,O,True,,35,False,O,July,Saturday,Teen
712-66-6927,2024-01-09 14:04:00,H,Tolomei,F,44,Pacific Islander,H,True,7.0,36,False,H,January,Tuesday,Adult
298-48-4593,2024-06-07 10:50:00,H,Cabrer,M,40,African American,H,True,2.0,50,False,H,June,Friday,Adult
158-18-8065,2024-04-09 13:50:00,N,Reboul,F,15,Asian,N,True,,11,False,N,April,Tuesday,Teen
335-79-7657,2024-05-16 02:05:00,E,Kleinber,F,39,African American,E,True,,15,False,E,May,Thursday,Adult
789-18-7648,2023-07-10 05:09:00,P,Battrum,F,43,African American,P,True,8.0,12,False,P,July,Monday,Adult
886-96-6452,2024-03-06 05:17:00,C,Mellhuish,F,31,Two or More Races,C,True,,47,False,C,March,Wednesday,Adult
812-72-2025,2024-06-30 15:23:00,E,Whitwam,M,65,White,E,True,,54,False,E,June,Sunday,Senior
527-40-3617,2024-08-22 07:40:00,Q,Abeau,M,37,Two or More Races,Q,True,,13,False,Q,August,Thursday,Adult
346-84-5825,2024-01-07 04:59:00,B,McGann,F,50,White,B,True,,60,False,B,January,Sunday,Adult
758-01-9953,2023-05-17 03:29:00,P,Delafont,F,33,Native American/Alaska Native,P,True,,14,True,P,May,Wednesday,Adult
587-62-6740,2023-12-25 10:12:00,L,Nurse,M,33,Pacific Islander,L,True,1.0,26,False,L,December,Monday,Adult
125-12-2869,2024-04-23 07:09:00,Y,Dowbakin,M,2,Two or More Races,Y,True,6.0,47,False,Y,April,Tuesday,Child
300-67-3405,2024-08-18 19:37:00,E,Misk,F,48,African American,E,True,4.0,20,False,E,August,Sunday,Adult
178-38-6834,2024-07-19 02:11:00,C,Strand,F,16,African American,C,True,,45,False,C,July,Friday,Teen
432-50-6802,2023-09-09 11:47:00,A,Keysel,M,49,White,A,True,,51,False,A,September,Saturday,Adult
668-82-6440,2024-04-16 06:15:00,E,Dallicott,F,79,Two or More Races,E,True,0.0,36,False,E,April,Tuesday,Senior
255-15-5945,2024-07-31 02:59:00,B,Shortcliffe,M,44,Pacific Islander,B,True,,30,False,B,July,Wednesday,Adult
205-05-3780,2023-07-25 04:31:00,L,McColl,M,21,Asian,L,True,,52,False,L,July,Tuesday,Adult
884-77-2363,2024-06-09 13:39:00,S,Nazer,M,56,African American,S,True,,55,False,S,June,Sunday,Adult
192-05-5593,2024-05-18 12:58:00,Q,Borges,F,33,African American,Q,True,3.0,55,False,Q,May,Saturday,Adult
434-14-2526,2024-06-01 14:30:00,R,McLugaish,M,30,White,R,True,7.0,58,False,R,June,Saturday,Adult
670-67-2348,2024-12-10 19:55:00,R,Need,F,76,Two or More Races,R,True,,39,False,R,December,Tuesday,Senior
192-37-6592,2023-07-11 01:37:00,S,Rupel,F,29,Native American/Alaska Native,S,True,2.0,31,False,S,July,Tuesday,Adult
323-84-1604,2023-06-22 20:32:00,P,Yeld,F,19,White,P,True,,52,False,P,June,Thursday,Adult
236-98-9389,2023-06-11 10:21:00,T,Gittings,M,74,White,T,True,3.0,12,False,T,June,Sunday,Senior
536-49-3021,2023-07-22 19:56:00,A,Hullbrook,F,8,African American,A,True,,22,False,A,July,Saturday,Child
489-93-0555,2023-08-16 07:07:00,V,Jouandet,M,23,White,V,True,,23,False,V,August,Wednesday,Adult
315-47-9666,2024-11-02 13:19:00,A,Gransden,F,72,White,A,True,,49,False,A,November,Saturday,Senior
307-21-3022,2023-08-24 10:02:00,I,Berndtsson,M,10,White,I,True,,45,False,I,August,Thursday,Child
330-63-0627,2023-07-10 07:36:00,U,Beasant,F,59,White,U,True,,44,False,U,July,Monday,Adult
599-99-7003,2023-07-15 18:50:00,S,Simonard,F,63,White,S,True,7.0,24,False,S,July,Saturday,Senior
140-08-8473,2024-04-03 11:45:00,T,Pelcheur,M,55,White,T,True,,41,False,T,April,Wednesday,Adult
571-81-9747,2023-05-22 04:40:00,S,Regorz,F,65,Pacific Islander,S,True,,23,True,S,May,Monday,Senior
790-37-0542,2024-02-27 20:39:00,E,Lankford,M,52,Two or More Races,E,True,,22,False,E,February,Tuesday,Adult
592-59-2509,2023-09-19 01:55:00,D,Flageul,F,15,Declined to Identify,D,True,0.0,43,False,D,September,Tuesday,Teen
170-92-2559,2023-08-18 05:25:00,O,Steere,F,22,White,O,True,,49,False,O,August,Friday,Adult
234-94-2985,2023-06-22 23:50:00,P,Garlee,F,22,Declined to Identify,P,True,7.0,41,False,P,June,Thursday,Adult
548-74-1022,2024-02-08 03:32:00,O,Shelford,F,22,Pacific Islander,O,True,,46,False,O,February,Thursday,Adult
835-64-0452,2023-06-22 09:13:00,Y,Bereford,M,41,Declined to Identify,Y,True,,58,False,Y,June,Thursday,Adult
587-71-6980,2024-01-09 04:25:00,P,Grieve,F,37,White,P,True,0.0,57,False,P,January,Tuesday,Adult
568-87-8772,2023-09-15 00:03:00,C,Fedoronko,F,66,White,C,True,,31,False,C,September,Friday,Senior
894-88-3223,2024-07-03 20:43:00,G,Beston,M,68,African American,G,True,,17,False,G,July,Wednesday,Senior
457-45-3813,2024-02-09 20:20:00,R,Straffon,F,78,African American,R,True,,31,False,R,February,Friday,Senior
335-29-5695,2023-11-23 04:13:00,T,Fardy,M,55,Pacific Islander,T,True,8.0,12,False,T,November,Thursday,Adult
701-64-7880,2023-01-04 01:21:00,L,Brothwell,M,18,Two or More Races,L,True,3.0,40,False,L,January,Wednesday,Teen
364-02-4362,2024-04-03 18:28:00,H,Grinikhinov,F,56,African American,H,True,,55,False,H,April,Wednesday,Adult
716-47-4061,2024-06-16 22:19:00,Y,Fransinelli,F,42,White,Y,True,4.0,22,False,Y,June,Sunday,Adult
463-10-9391,2024-05-02 10:53:00,Q,MacKellar,F,40,African American,Q,True,0.0,50,False,Q,May,Thursday,Adult
511-18-6760,2023-11-28 18:57:00,M,Nellen,F,67,African American,M,True,1.0,39,False,M,November,Tuesday,Senior
731-16-3469,2023-05-08 16:04:00,V,Fanner,F,26,Asian,V,True,,47,False,V,May,Monday,Adult
763-15-1169,2024-08-05 02:15:00,V,Wanne,F,64,White,V,True,,57,False,V,August,Monday,Senior
202-14-7624,2023-07-05 10:30:00,S,Whetson,F,43,African American,S,True,,28,True,S,July,Wednesday,Adult
394-88-7661,2023-05-12 03:02:00,X,Thornborrow,F,79,African American,X,True,4.0,13,False,X,May,Friday,Senior
695-28-2556,2024-05-28 19:25:00,W,Puttick,F,64,Asian,W,True,,32,False,W,May,Tuesday,Senior
170-42-6194,2023-11-13 02:46:00,N,Huntriss,F,1,White,N,True,,29,False,N,November,Monday,Child
883-22-1946,2024-10-08 12:08:00,P,Paulusch,F,35,African American,P,True,,15,False,P,October,Tuesday,Adult
131-17-8584,2023-06-08 18:05:00,T,Lorryman,F,74,Pacific Islander,T,True,,21,False,T,June,Thursday,Senior
346-40-4027,2023-10-18 14:05:00,X,Archdeckne,F,64,White,X,True,,26,False,X,October,Wednesday,Senior
359-53-6651,2024-08-06 16:01:00,G,Semerad,M,61,African American,G,True,,19,False,G,August,Tuesday,Senior
193-18-8479,2023-10-29 10:40:00,W,Golagley,F,76,Two or More Races,W,True,1.0,46,False,W,October,Sunday,Senior
278-28-0801,2023-05-23 20:50:00,J,Tchaikovsky,M,33,African American,J,True,0.0,42,True,J,May,Tuesday,Adult
332-02-9468,2024-04-19 10:36:00,U,Beetham,F,33,African American,U,True,,19,False,U,April,Friday,Adult
770-80-9495,2023-12-08 07:33:00,V,Danick,M,37,White,V,True,,42,False,V,December,Friday,Adult
552-17-8075,2024-07-10 01:24:00,J,Threlkeld,M,15,Two or More Races,J,True,,35,False,J,July,Wednesday,Teen
749-77-6720,2024-05-19 03:33:00,V,Pollard,M,2,White,V,True,,51,False,V,May,Sunday,Child
506-80-3575,2024-10-07 12:11:00,W,Patshull,F,70,Two or More Races,W,True,,52,False,W,October,Monday,Senior
303-34-3215,2023-03-12 20:34:00,I,Cutajar,M,30,White,I,True,,39,False,I,March,Sunday,Adult
438-35-3087,2023-04-27 11:46:00,L,Beau,M,45,Two or More Races,L,True,2.0,36,False,L,April,Thursday,Adult
550-62-2048,2024-01-19 22:19:00,B,Spriggs,F,73,Asian,B,True,,43,False,B,January,Friday,Senior
263-15-6279,2024-08-25 05:37:00,B,Asplen,F,68,White,B,True,,57,False,B,August,Sunday,Senior
674-28-0052,2024-05-15 21:27:00,U,Mackriell,F,26,Two or More Races,U,True,0.0,30,False,U,May,Wednesday,Adult
855-94-5606,2024-07-10 07:44:00,X,Lorking,M,50,African American,X,True,4.0,22,False,X,July,Wednesday,Adult
452-70-6133,2024-01-17 17:37:00,R,Seldner,F,32,Pacific Islander,R,True,6.0,45,False,R,January,Wednesday,Adult
518-33-8587,2023-07-24 23:17:00,W,Windus,M,71,Declined to Identify,W,True,,58,False,W,July,Monday,Senior
279-66-1617,2023-07-31 21:30:00,F,Burgon,M,58,African American,F,True,10.0,31,False,F,July,Monday,Adult
791-74-3814,2023-07-06 11:37:00,H,Crammy,M,76,Asian,H,True,5.0,32,False,H,July,Thursday,Senior
761-02-7059,2024-07-30 03:22:00,T,Pietasch,M,66,White,T,True,5.0,16,False,T,July,Tuesday,Senior
520-44-2701,2023-11-23 18:53:00,J,Bayne,M,74,White,J,True,,53,False,J,November,Thursday,Senior
125-20-9526,2023-06-30 06:10:00,N,Matzaitis,F,16,White,N,True,,24,False,N,June,Friday,Teen
774-37-2696,2023-09-04 11:56:00,Y,Mauchlen,M,73,White,Y,True,,53,False,Y,September,Monday,Senior
587-09-0178,2024-09-03 18:37:00,K,Wilder,M,52,White,K,True,,25,False,K,September,Tuesday,Adult
568-73-9574,2024-06-29 17:17:00,Z,Robuchon,M,13,Declined to Identify,Z,True,,52,False,Z,June,Saturday,Teen
684-47-0953,2024-02-25 10:06:00,D,Growcock,F,66,Two or More Races,D,True,,47,False,D,February,Sunday,Senior
335-24-1217,2023-10-08 10:26:00,Y,Boothman,F,43,Pacific Islander,Y,True,,50,False,Y,October,Sunday,Adult
372-61-0636,2024-10-08 15:27:00,F,Threlkeld,M,28,Asian,F,True,,55,False,F,October,Tuesday,Adult
680-60-0211,2023-08-11 07:28:00,V,Gellan,M,42,White,V,True,1.0,55,False,V,August,Friday,Adult
558-56-3966,2024-08-31 23:46:00,T,Longhi,F,76,White,T,True,10.0,42,False,T,August,Saturday,Senior
615-25-9046,2024-10-22 13:37:00,I,McAlpin,F,76,African American,I,True,,57,False,I,October,Tuesday,Senior
710-24-2270,2024-05-15 16:56:00,O,Dobbings,M,63,Pacific Islander,O,True,,33,False,O,May,Wednesday,Senior
256-81-6386,2024-08-02 18:29:00,R,Treslove,M,44,White,R,True,,19,False,R,August,Friday,Adult
422-02-1134,2024-02-20 02:31:00,Q,Boole,M,20,Declined to Identify,Q,True,,52,False,Q,February,Tuesday,Adult
353-18-1225,2023-07-13 08:24:00,R,Elam,F,11,White,R,True,3.0,31,False,R,July,Thursday,Child
357-14-1841,2023-05-12 17:29:00,U,Binnall,F,72,Declined to Identify,U,True,3.0,48,False,U,May,Friday,Senior
794-84-8070,2024-03-06 06:41:00,C,Beining,M,11,African American,C,True,3.0,41,False,C,March,Wednesday,Child
472-84-7278,2023-06-22 00:42:00,W,Needham,M,73,Two or More Races,W,True,,34,False,W,June,Thursday,Senior
724-64-2811,2023-06-18 14:17:00,R,Wrennall,F,31,White,R,True,3.0,43,False,R,June,Sunday,Adult
564-80-3063,2024-10-02 20:18:00,C,Qualtro,F,26,Declined to Identify,C,True,,16,False,C,October,Wednesday,Adult
444-43-8680,2023-10-19 21:10:00,L,Grandin,M,74,Two or More Races,L,True,,23,False,L,October,Thursday,Senior
899-92-7948,2023-09-22 14:32:00,E,Ledson,M,75,Native American/Alaska Native,E,True,,11,False,E,September,Friday,Senior
888-09-0158,2023-09-07 20:42:00,H,Rossiter,M,7,Asian,H,True,6.0,37,False,H,September,Thursday,Child
207-95-6685,2023-04-29 10:01:00,U,Shepton,F,24,White,U,True,,23,False,U,April,Saturday,Adult
373-04-8920,2023-08-25 08:20:00,Q,Glide,M,79,Two or More Races,Q,True,,39,False,Q,August,Friday,Senior
438-69-9769,2024-03-17 22:46:00,X,Redmayne,M,64,Asian,X,True,,47,False,X,March,Sunday,Senior
308-46-0712,2023-09-09 15:09:00,X,Seabrocke,F,8,Asian,X,True,,60,False,X,September,Saturday,Child
163-34-3132,2023-10-26 03:02:00,X,Pimmocke,M,71,Two or More Races,X,True,,12,False,X,October,Thursday,Senior
265-75-4107,2023-10-21 22:08:00,M,Alebrooke,F,73,Two or More Races,M,True,,48,False,M,October,Saturday,Senior
877-16-4474,2024-01-29 05:46:00,Z,Leather,F,33,Asian,Z,True,6.0,23,False,Z,January,Monday,Adult
602-29-7310,2024-03-09 01:37:00,N,Legrand,M,10,White,N,True,,21,False,N,March,Saturday,Child
311-70-6319,2023-11-12 04:51:00,N,Swannack,M,16,African American,N,True,,54,False,N,November,Sunday,Teen
649-33-3703,2024-08-08 03:09:00,J,Rapaport,F,60,Two or More Races,J,True,1.0,27,False,J,August,Thursday,Adult
719-06-1377,2023-05-21 01:04:00,B,Alfonsetto,F,37,African American,B,True,,48,True,B,May,Sunday,Adult
563-41-7288,2024-08-27 20:33:00,D,Guido,F,6,African American,D,True,,60,False,D,August,Tuesday,Child
111-50-6779,2023-06-08 03:14:00,E,Enrigo,F,40,African American,E,True,,51,False,E,June,Thursday,Adult
268-45-1271,2023-03-12 22:12:00,G,Gillino,F,21,African American,G,True,,17,False,G,March,Sunday,Adult
347-03-3021,2023-09-14 18:36:00,I,Featherby,F,74,African American,I,True,,27,False,I,September,Thursday,Senior
388-90-9318,2024-03-29 00:55:00,K,MacKeague,F,12,African American,K,True,,21,False,K,March,Friday,Child
894-34-5445,2024-06-24 12:30:00,P,Mariolle,F,18,African American,P,True,,32,False,P,June,Monday,Teen
616-67-9062,2023-06-11 19:01:00,Z,Lusgdin,F,40,African American,Z,True,,30,False,Z,June,Sunday,Adult
182-89-0226,2023-12-04 18:12:00,R,Lothlorien,F,74,African American,R,True,9.0,26,False,R,December,Monday,Senior
886-24-8880,2024-09-18 06:14:00,D,Gilbart,F,53,African American,D,True,10.0,59,False,D,September,Wednesday,Adult
782-56-2604,2023-01-12 15:54:00,C,Vogeler,F,4,African American,C,True,,14,False,C,January,Thursday,Child
106-91-6612,2023-05-21 00:15:00,H,Riguard,F,63,African American,H,True,,27,True,H,May,Sunday,Senior
130-38-4655,2023-08-07 17:49:00,L,Clemetts,F,5,African American,L,True,,40,False,L,August,Monday,Child
174-12-4814,2023-09-18 00:05:00,R,Suche,F,74,African American,R,True,,51,False,R,September,Monday,Senior
409-08-4045,2023-06-04 01:35:00,O,Spillane,F,35,African American,O,True,4.0,27,False,O,June,Sunday,Adult
568-07-4724,2023-12-19 05:31:00,Z,Meeke,F,9,African American,Z,True,8.0,51,False,Z,December,Tuesday,Child
285-69-9065,2024-06-25 21:11:00,B,Duinkerk,F,79,African American,B,True,,14,False,B,June,Tuesday,Senior
126-95-6355,2024-07-26 17:59:00,B,Negri,F,35,African American,B,True,,22,False,B,July,Friday,Adult
855-81-5760,2023-05-27 00:10:00,B,Maclean,F,40,African American,B,True,,25,True,B,May,Saturday,Adult
490-58-8278,2024-08-27 09:11:00,B,Bythway,F,54,African American,B,True,,47,False,B,August,Tuesday,Adult
852-85-2515,2024-02-05 06:16:00,C,Jammes,F,58,African American,C,True,,19,False,C,February,Monday,Adult
301-60-1162,2023-04-30 15:33:00,C,Pitts,F,14,African American,C,True,,27,False,C,April,Sunday,Teen
329-16-8015,2023-11-14 00:00:00,C,Epps,F,74,African American,C,True,,33,False,C,November,Tuesday,Senior
469-53-8098,2023-11-26 16:42:00,C,Kosel,F,70,African American,C,True,,60,False,C,November,Sunday,Senior
771-62-4236,2024-08-14 19:58:00,D,Turbill,F,1,African American,D,True,,35,False,D,August,Wednesday,Child
176-69-3010,2024-05-16 22:09:00,D,Winchester,F,32,African American,D,True,,42,False,D,May,Thursday,Adult
256-03-6469,2024-03-14 20:16:00,E,Plummer,F,30,African American,E,True,,11,False,E,March,Thursday,Adult
608-77-1218,2024-06-16 05:23:00,E,Aggio,F,60,African American,E,True,,12,False,E,June,Sunday,Adult
826-43-2977,2023-08-21 16:18:00,E,Greenfield,F,48,African American,E,True,,14,False,E,August,Monday,Adult
647-03-6974,2024-09-05 00:48:00,E,Dolphin,F,8,African American,E,True,,33,False,E,September,Thursday,Child
672-66-3624,2024-01-16 05:55:00,E,Battista,F,1,African American,E,True,,47,False,E,January,Tuesday,Child
385-55-7187,2023-12-18 11:49:00,G,Kaysor,F,62,African American,G,True,,12,False,G,December,Monday,Senior
821-22-8596,2023-04-20 18:28:00,G,Gergher,F,23,African American,G,True,,19,False,G,April,Thursday,Adult
312-87-8639,2023-04-17 17:35:00,G,D'Acth,F,16,African American,G,True,,25,False,G,April,Monday,Teen
515-48-8143,2024-01-31 12:42:00,G,Fetherstonhaugh,F,67,African American,G,True,,41,False,G,January,Wednesday,Senior
408-26-1392,2024-06-29 14:25:00,H,Hupka,F,13,African American,H,True,,33,False,H,June,Saturday,Teen
150-41-7960,2024-06-26 09:05:00,H,Manders,F,27,African American,H,True,,43,False,H,June,Wednesday,Adult
476-53-5824,2024-08-02 01:06:00,I,Germon,F,45,African American,I,True,,18,False,I,August,Friday,Adult
699-53-9072,2023-10-18 09:39:00,J,Whittle,F,60,African American,J,True,,29,False,J,October,Wednesday,Adult
742-71-3088,2023-09-23 18:11:00,K,Goodby,F,22,African American,K,True,,17,False,K,September,Saturday,Adult
548-38-7756,2024-11-02 20:36:00,L,Otham,F,14,African American,L,True,,40,False,L,November,Saturday,Teen
768-74-9911,2024-04-03 09:07:00,L,Dureden,F,55,African American,L,True,,46,False,L,April,Wednesday,Adult
555-04-4632,2024-07-19 10:42:00,M,Cooksey,F,32,African American,M,True,,36,False,M,July,Friday,Adult
132-59-6486,2023-11-27 06:52:00,M,Orneblow,F,68,African American,M,True,,56,False,M,November,Monday,Senior
678-71-1257,2024-06-18 09:53:00,N,Gumery,F,42,African American,N,True,,21,False,N,June,Tuesday,Adult
602-27-8019,2024-08-03 23:01:00,N,Saunderson,F,66,African American,N,True,,32,False,N,August,Saturday,Senior
307-79-4993,2024-10-09 02:35:00,N,Tortoishell,F,8,African American,N,True,,36,False,N,October,Wednesday,Child
887-70-0249,2024-12-08 19:45:00,O,Milward,F,56,African American,O,True,,35,False,O,December,Sunday,Adult
268-52-0413,2023-03-04 21:56:00,O,Hailston,F,36,African American,O,True,,36,False,O,March,Saturday,Adult
415-79-3375,2023-12-30 04:23:00,P,Taks,F,17,African American,P,True,,45,False,P,December,Saturday,Teen
193-65-5672,2023-05-08 08:53:00,Q,Clowes,F,70,African American,Q,True,,48,False,Q,May,Monday,Senior
740-47-5663,2024-06-03 11:03:00,Q,Marke,F,33,African American,Q,True,,60,False,Q,June,Monday,Adult
616-33-9502,2023-10-08 11:19:00,Q,McRoberts,F,70,African American,Q,True,,60,False,Q,October,Sunday,Senior
481-07-6937,2023-12-04 21:51:00,S,Garrard,F,46,African American,S,True,,42,False,S,December,Monday,Adult
257-74-9742,2023-06-17 00:52:00,T,Olin,F,19,African American,T,True,,15,False,T,June,Saturday,Adult
816-20-1565,2024-11-07 06:35:00,T,Conyard,F,9,African American,T,True,,31,False,T,November,Thursday,Child
249-43-7801,2024-03-31 17:04:00,T,Harverson,F,36,African American,T,True,,39,False,T,March,Sunday,Adult
127-11-9600,2024-04-25 23:31:00,U,Budcock,F,38,African American,U,True,,34,False,U,April,Thursday,Adult
434-36-4693,2024-08-26 04:59:00,U,Anderl,F,41,African American,U,True,,51,False,U,August,Monday,Adult
629-66-8713,2023-08-09 00:04:00,U,Khidr,F,46,African American,U,True,,54,False,U,August,Wednesday,Adult
399-83-2838,2024-08-16 09:17:00,V,Borrie,F,11,African American,V,True,,39,False,V,August,Friday,Child
403-12-7738,2024-03-04 06:24:00,W,Blenkinsop,F,18,African American,W,True,,23,False,W,March,Monday,Teen
723-96-0625,2024-11-01 11:51:00,W,Baythrop,F,39,African American,W,True,,23,False,W,November,Friday,Adult
509-96-8931,2023-08-21 18:39:00,W,Chessell,F,33,African American,W,True,,49,False,W,August,Monday,Adult
286-15-2377,2023-12-30 18:39:00,W,Roelofsen,F,48,African American,W,True,,50,False,W,December,Saturday,Adult
895-44-5421,2023-11-22 17:16:00,W,Gormally,F,18,African American,W,True,,51,False,W,November,Wednesday,Teen
744-37-2731,2023-05-19 07:21:00,X,Cassels,F,38,African American,X,True,,30,True,X,May,Friday,Adult
534-15-5048,2023-01-05 20:20:00,X,Vasilyonok,F,10,African American,X,True,,43,True,X,January,Thursday,Child
713-55-9408,2023-08-23 07:24:00,X,Castelot,F,11,African American,X,True,,46,False,X,August,Wednesday,Child
655-60-5604,2023-05-15 04:55:00,X,Southway,F,54,African American,X,True,,46,True,X,May,Monday,Adult
225-04-1769,2023-04-10 16:35:00,X,Martynikhin,F,16,African American,X,True,,60,False,X,April,Monday,Teen
288-65-1997,2023-09-13 07:18:00,Y,Geater,F,50,African American,Y,True,,20,False,Y,September,Wednesday,Adult
576-10-9140,2024-08-15 18:34:00,Y,Ewles,F,19,African American,Y,True,,38,False,Y,August,Thursday,Adult
299-19-3267,2023-06-15 00:03:00,Z,Ragless,F,26,African American,Z,True,,43,False,Z,June,Thursday,Adult
613-38-1181,2024-08-18 11:14:00,Z,Loker,F,5,African American,Z,True,,49,False,Z,August,Sunday,Child
555-34-2893,2023-09-07 00:09:00,Z,Swiers,F,29,African American,Z,True,,53,False,Z,September,Thursday,Adult
503-61-0053,2023-08-26 19:25:00,Z,Scarfe,F,5,African American,Z,True,,54,False,Z,August,Saturday,Child
102-20-6596,2024-11-06 19:06:00,V,Asson,F,69,African American,V,True,0.0,33,False,V,November,Wednesday,Senior
611-35-2228,2024-04-07 13:59:00,N,Cashen,F,38,African American,N,True,1.0,33,False,N,April,Sunday,Adult
465-81-9018,2023-06-20 07:47:00,T,Dome,F,55,African American,T,True,1.0,56,False,T,June,Tuesday,Adult
769-70-5050,2023-12-12 14:19:00,Y,McQuilkin,F,4,African American,Y,True,1.0,10,False,Y,December,Tuesday,Child
535-01-7739,2024-05-14 22:45:00,N,Slessor,F,7,African American,N,True,2.0,31,False,N,May,Tuesday,Child
691-66-2729,2024-01-20 14:19:00,P,Downgate,F,5,African American,P,True,2.0,56,False,P,January,Saturday,Child
218-33-6566,2024-08-22 22:28:00,U,Walbrun,F,8,African American,U,True,2.0,49,False,U,August,Thursday,Child
820-39-7118,2024-10-26 19:24:00,O,Casolla,F,13,African American,O,True,3.0,39,False,O,October,Saturday,Teen
672-05-7311,2023-07-17 03:25:00,S,Jennens,F,13,African American,S,True,3.0,58,False,S,July,Monday,Teen
660-26-9221,2024-05-22 09:06:00,Z,Blaylock,F,51,African American,Z,True,3.0,52,False,Z,May,Wednesday,Adult
897-92-4692,2024-09-30 09:55:00,N,Parrington,F,10,African American,N,True,4.0,12,False,N,September,Monday,Child
421-32-5744,2024-05-30 11:22:00,P,Oke,F,71,African American,P,True,4.0,19,False,P,May,Thursday,Senior
876-21-0868,2023-08-19 12:06:00,Q,Pheazey,F,29,African American,Q,True,4.0,45,False,Q,August,Saturday,Adult
344-87-8606,2023-08-24 18:49:00,B,Gooderick,F,7,African American,B,True,5.0,34,False,B,August,Thursday,Child
188-73-2556,2024-01-20 18:31:00,E,Campo,F,56,African American,E,True,5.0,37,False,E,January,Saturday,Adult
857-28-7777,2024-02-22 19:14:00,X,Markushkin,F,38,African American,X,True,5.0,46,False,X,February,Thursday,Adult
198-10-9009,2024-05-21 23:05:00,A,Jamison,F,21,African American,A,True,6.0,34,False,A,May,Tuesday,Adult
215-64-9064,2023-07-11 05:22:00,E,Kynforth,F,63,African American,E,True,6.0,56,False,E,July,Tuesday,Senior
637-78-4643,2024-01-25 20:27:00,P,Klessmann,F,77,African American,P,True,6.0,12,False,P,January,Thursday,Senior
768-93-9567,2023-07-05 04:28:00,P,Sheran,F,11,African American,P,True,6.0,29,True,P,July,Wednesday,Child
852-52-8451,2024-01-05 22:32:00,Q,Andrivot,F,31,African American,Q,True,6.0,12,False,Q,January,Friday,Adult
871-89-4819,2024-10-02 08:54:00,J,Turmall,F,36,African American,J,True,7.0,39,False,J,October,Wednesday,Adult
170-12-3064,2023-08-22 07:20:00,M,Brandrick,F,22,African American,M,True,7.0,10,False,M,August,Tuesday,Adult
613-18-7721,2024-02-16 05:10:00,E,Greeson,F,46,African American,E,True,8.0,51,False,E,February,Friday,Adult
160-60-1177,2023-10-14 00:50:00,E,Baiss,F,66,African American,E,True,9.0,21,False,E,October,Saturday,Senior
703-90-9423,2023-06-23 09:01:00,E,Killiner,F,45,African American,E,True,10.0,14,False,E,June,Friday,Adult
575-30-5215,2024-10-14 19:04:00,L,Pimerick,F,38,African American,L,True,10.0,47,False,L,October,Monday,Adult
128-04-8702,2024-11-07 16:39:00,U,Albion,F,68,African American,U,True,10.0,34,False,U,November,Thursday,Senior
535-20-8984,2024-09-10 01:10:00,E,Braunthal,F,13,African American,E,True,,46,False,E,September,Tuesday,Teen
816-61-0800,2024-12-07 13:45:00,F,Dumbell,F,59,African American,F,True,,58,False,F,December,Saturday,Adult
786-86-2035,2023-11-20 04:27:00,N,Sugge,F,41,African American,N,True,,23,False,N,November,Monday,Adult
410-26-6916,2024-03-27 21:11:00,O,Cabrera,F,31,African American,O,True,,54,False,O,March,Wednesday,Adult
109-39-8231,2023-08-25 21:54:00,G,Truse,F,5,African American,G,True,8.0,48,False,G,August,Friday,Child
210-44-1324,2024-01-04 13:59:00,A,Oates,F,11,African American,A,True,,20,False,A,January,Thursday,Child
495-29-7252,2023-09-09 22:31:00,A,Belt,F,21,African American,A,True,,23,False,A,September,Saturday,Adult
196-02-1199,2024-08-18 16:20:00,A,Picker,F,34,African American,A,True,,30,False,A,August,Sunday,Adult
437-57-7623,2023-08-16 01:37:00,A,Pockey,F,71,African American,A,True,,41,False,A,August,Wednesday,Senior
475-87-9207,2023-03-11 12:16:00,A,Gjerde,F,30,African American,A,True,,54,False,A,March,Saturday,Adult
207-23-0750,2023-09-04 08:04:00,B,Grevile,F,6,African American,B,True,,11,False,B,September,Monday,Child
748-32-8916,2024-09-03 13:25:00,B,O'Longain,F,77,African American,B,True,,14,False,B,September,Tuesday,Senior
301-25-5648,2023-09-12 21:46:00,B,Thibodeaux,F,31,African American,B,True,,17,False,B,September,Tuesday,Adult
641-44-1366,2023-11-21 04:13:00,B,Witherop,F,22,African American,B,True,,48,False,B,November,Tuesday,Adult
446-18-6335,2024-01-28 06:38:00,C,Faughny,F,52,African American,C,True,,18,False,C,January,Sunday,Adult
258-16-3895,2023-06-09 13:28:00,C,Sneller,F,14,African American,C,True,,21,False,C,June,Friday,Teen
663-48-3553,2024-07-07 11:18:00,C,Di Francesco,F,8,African American,C,True,,35,False,C,July,Sunday,Child
887-49-6202,2024-10-17 16:29:00,C,Dugan,F,77,African American,C,True,,40,False,C,October,Thursday,Senior
153-35-5072,2024-01-18 09:38:00,C,Yeats,F,13,African American,C,True,,54,False,C,January,Thursday,Teen
298-98-5532,2023-04-23 17:43:00,D,Spira,F,14,African American,D,True,,22,False,D,April,Sunday,Teen
365-36-6718,2023-12-22 08:49:00,D,Chick,F,79,African American,D,True,,31,False,D,December,Friday,Senior
595-32-0861,2023-07-21 11:22:00,D,Toon,F,39,African American,D,True,,36,False,D,July,Friday,Adult
374-05-7474,2023-08-06 00:11:00,E,Darko,F,69,African American,E,True,,24,False,E,August,Sunday,Senior
240-48-1291,2023-10-08 21:02:00,E,Bellchamber,F,31,African American,E,True,,27,False,E,October,Sunday,Adult
897-33-5602,2024-06-07 15:47:00,E,Redsell,F,58,African American,E,True,,31,False,E,June,Friday,Adult
863-91-3510,2024-06-22 03:19:00,E,Snelgar,F,56,African American,E,True,,32,False,E,June,Saturday,Adult
236-73-7073,2024-09-18 04:01:00,E,Brandon,F,69,African American,E,True,,36,False,E,September,Wednesday,Senior
512-79-1834,2024-07-07 23:31:00,E,Mattimoe,F,24,African American,E,True,,41,False,E,July,Sunday,Adult
343-72-2599,2023-06-21 03:01:00,E,Jonke,F,68,African American,E,True,,47,False,E,June,Wednesday,Senior
442-16-7954,2024-08-23 04:31:00,E,Leeson,F,19,African American,E,True,,50,False,E,August,Friday,Adult
338-68-5955,2023-12-21 14:49:00,E,Maxwell,F,79,African American,E,True,,51,False,E,December,Thursday,Senior
300-98-8851,2024-09-24 09:41:00,E,Giovannazzi,F,8,African American,E,True,,55,False,E,September,Tuesday,Child
389-05-1442,2023-01-11 14:27:00,F,Batch,F,33,African American,F,True,,30,False,F,January,Wednesday,Adult
854-27-6593,2024-01-18 18:28:00,F,Feely,F,61,African American,F,True,,30,False,F,January,Thursday,Senior
828-82-9788,2023-12-19 17:32:00,F,Dienes,F,19,African American,F,True,,32,False,F,December,Tuesday,Adult
294-44-8935,2023-09-29 01:15:00,F,Bellefant,F,63,African American,F,True,,33,False,F,September,Friday,Senior
549-22-5714,2023-02-09 06:19:00,F,Prewett,F,41,African American,F,True,,34,False,F,February,Thursday,Adult
392-21-9704,2024-09-16 18:27:00,F,Kisting,F,72,African American,F,True,,42,False,F,September,Monday,Senior
327-14-0232,2024-06-24 13:58:00,F,Fullard,F,39,African American,F,True,,44,False,F,June,Monday,Adult
892-76-7900,2023-09-28 13:56:00,F,Matuszyk,F,44,African American,F,True,,49,False,F,September,Thursday,Adult
530-35-3296,2024-04-21 09:04:00,F,Brockest,F,28,African American,F,True,,50,False,F,April,Sunday,Adult
281-46-2340,2023-08-14 20:53:00,F,Patel,F,39,African American,F,True,,51,False,F,August,Monday,Adult
559-24-9165,2024-08-08 11:26:00,F,Ipgrave,F,77,African American,F,True,,52,False,F,August,Thursday,Senior
260-36-3785,2024-07-17 08:46:00,F,Katte,F,42,African American,F,True,,54,False,F,July,Wednesday,Adult
672-38-5049,2024-11-08 06:38:00,G,Ranger,F,61,African American,G,True,,39,False,G,November,Friday,Senior
157-03-9970,2023-06-16 21:17:00,G,Capelin,F,60,African American,G,True,,40,False,G,June,Friday,Adult
606-56-7861,2023-12-25 13:16:00,G,Downing,F,53,African American,G,True,,44,False,G,December,Monday,Adult
350-25-0027,2024-10-27 01:42:00,H,Streeter,F,33,African American,H,True,,14,False,H,October,Sunday,Adult
304-98-5113,2023-05-10 16:34:00,H,Magwood,F,65,African American,H,True,,16,False,H,May,Wednesday,Senior
260-06-9563,2023-01-05 23:20:00,H,Sherville,F,41,African American,H,True,,17,True,H,January,Thursday,Adult
505-68-4956,2023-12-28 02:06:00,H,Miles,F,55,African American,H,True,,24,False,H,December,Thursday,Adult
702-19-4450,2023-06-21 14:45:00,H,Garry,F,23,African American,H,True,,25,False,H,June,Wednesday,Adult
462-70-2628,2024-01-28 08:35:00,H,Loudon,F,17,African American,H,True,,42,False,H,January,Sunday,Teen
243-22-8875,2024-03-24 09:08:00,H,Keefe,F,55,African American,H,True,,52,False,H,March,Sunday,Adult
745-93-9728,2024-03-27 10:37:00,H,Riding,F,64,African American,H,True,,52,False,H,March,Wednesday,Senior
506-78-3537,2024-11-05 09:38:00,I,Bullcock,F,39,African American,I,True,,10,False,I,November,Tuesday,Adult
172-56-8559,2023-08-27 18:05:00,I,Sitwell,F,33,African American,I,True,,15,False,I,August,Sunday,Adult
376-61-1160,2023-04-20 10:27:00,I,Gudgeon,F,77,African American,I,True,,24,False,I,April,Thursday,Senior
883-57-0781,2023-09-17 11:46:00,I,Skill,F,77,African American,I,True,,25,False,I,September,Sunday,Senior
249-54-0354,2024-03-19 14:01:00,I,Snook,F,28,African American,I,True,,45,False,I,March,Tuesday,Adult
518-52-9027,2024-11-10 12:12:00,I,Morsley,F,65,African American,I,True,,45,False,I,November,Sunday,Senior
543-26-8730,2023-02-05 07:52:00,I,Chaperling,F,11,African American,I,True,,48,True,I,February,Sunday,Child
186-37-5209,2024-09-03 14:06:00,J,Terrington,F,48,African American,J,True,,16,False,J,September,Tuesday,Adult
673-55-3238,2023-01-11 00:00:00,J,Kasting,F,41,African American,J,True,,22,False,J,January,Wednesday,Adult
492-27-5140,2023-10-15 10:25:00,J,Franschini,F,78,African American,J,True,,30,False,J,October,Sunday,Senior
378-54-6356,2024-04-08 06:39:00,J,Piggen,F,69,African American,J,True,,44,False,J,April,Monday,Senior
193-02-5632,2023-12-06 23:04:00,J,Ivermee,F,68,African American,J,True,,49,False,J,December,Wednesday,Senior
202-34-5918,2024-06-10 23:55:00,J,Coyte,F,77,African American,J,True,,54,False,J,June,Monday,Senior
360-11-4625,2023-09-07 22:08:00,K,Beak,F,27,African American,K,True,,11,False,K,September,Thursday,Adult
605-38-9414,2024-06-03 06:07:00,K,Lung,F,40,African American,K,True,,21,False,K,June,Monday,Adult
255-37-8774,2024-02-04 05:58:00,K,Melsom,F,71,African American,K,True,,22,False,K,February,Sunday,Senior
887-18-7294,2024-06-03 14:19:00,K,Mathan,F,56,African American,K,True,,30,False,K,June,Monday,Adult
813-42-2947,2023-02-10 14:06:00,K,Lumbers,F,25,African American,K,True,,34,False,K,February,Friday,Adult
336-78-5411,2023-02-05 13:44:00,K,Forcer,F,73,African American,K,True,,58,True,K,February,Sunday,Senior
196-55-4306,2023-06-27 08:59:00,L,Caghan,F,79,African American,L,True,,37,False,L,June,Tuesday,Senior
305-98-3609,2023-06-07 02:28:00,L,Fransemai,F,10,African American,L,True,,38,False,L,June,Wednesday,Child
198-86-0248,2023-11-16 05:53:00,M,Fairhead,F,43,African American,M,True,,32,False,M,November,Thursday,Adult
684-59-6729,2023-09-09 06:44:00,M,Harsent,F,31,African American,M,True,,43,False,M,September,Saturday,Adult
705-59-1580,2023-04-05 07:22:00,M,Beiderbecke,F,20,African American,M,True,,49,True,M,April,Wednesday,Adult
433-09-6429,2024-03-24 18:29:00,M,Detoc,F,37,African American,M,True,,52,False,M,March,Sunday,Adult
165-19-8083,2024-07-24 01:20:00,M,Ancliffe,F,78,African American,M,True,,55,False,M,July,Wednesday,Senior
814-54-8042,2024-08-13 02:04:00,M,Surr,F,2,African American,M,True,,59,False,M,August,Tuesday,Child
829-08-9408,2024-05-01 11:12:00,N,Cranmor,F,20,African American,N,True,,16,False,N,May,Wednesday,Adult
782-54-1244,2023-08-29 21:58:00,N,Kellough,F,54,African American,N,True,,17,False,N,August,Tuesday,Adult
165-45-0585,2023-10-26 02:36:00,N,Lanfare,F,11,African American,N,True,,18,False,N,October,Thursday,Child
592-54-1896,2024-04-22 05:39:00,N,Gallyhaock,F,47,African American,N,True,,24,False,N,April,Monday,Adult
495-30-3359,2024-08-16 16:34:00,N,Leemans,F,55,African American,N,True,,35,False,N,August,Friday,Adult
249-59-1568,2024-06-05 08:13:00,N,Conyer,F,58,African American,N,True,,41,False,N,June,Wednesday,Adult
207-05-0110,2023-03-08 11:06:00,N,Poleye,F,11,African American,N,True,,45,False,N,March,Wednesday,Child
462-88-3724,2023-05-25 20:48:00,N,Cottam,F,27,African American,N,True,,52,True,N,May,Thursday,Adult
564-99-6715,2024-02-05 22:37:00,O,Rookes,F,36,African American,O,True,,35,False,O,February,Monday,Adult
478-70-3474,2023-07-17 15:03:00,O,Winchcombe,F,61,African American,O,True,,50,False,O,July,Monday,Senior
687-50-1228,2024-09-02 09:51:00,P,Porcas,F,48,African American,P,True,,14,False,P,September,Monday,Adult
545-39-0155,2024-07-10 17:49:00,P,Rebert,F,52,African American,P,True,,25,False,P,July,Wednesday,Adult
818-64-0082,2024-06-30 14:40:00,P,Patrie,F,69,African American,P,True,,32,False,P,June,Sunday,Senior
203-87-1234,2024-01-14 08:56:00,P,Abrahart,F,77,African American,P,True,,34,False,P,January,Sunday,Senior
411-72-1989,2023-10-14 11:31:00,P,Andrichuk,F,47,African American,P,True,,44,False,P,October,Saturday,Adult
606-58-0499,2024-11-10 23:37:00,P,Connett,F,76,African American,P,True,,47,False,P,November,Sunday,Senior
564-53-7946,2024-05-21 05:44:00,Q,Gerleit,F,5,African American,Q,True,,14,False,Q,May,Tuesday,Child
850-57-6988,2023-10-18 14:46:00,Q,Cosgrave,F,6,African American,Q,True,,26,False,Q,October,Wednesday,Child
824-35-1947,2023-09-16 06:00:00,Q,Moyles,F,44,African American,Q,True,,33,False,Q,September,Saturday,Adult
440-96-6453,2023-09-20 02:44:00,Q,Artindale,F,2,African American,Q,True,,34,False,Q,September,Wednesday,Child
338-40-8634,2024-01-28 14:58:00,Q,Dinneges,F,25,African American,Q,True,,36,False,Q,January,Sunday,Adult
678-92-8622,2023-06-11 03:52:00,Q,Locket,F,53,African American,Q,True,,54,False,Q,June,Sunday,Adult
416-85-7059,2024-07-13 02:57:00,Q,Rees,F,17,African American,Q,True,,56,False,Q,July,Saturday,Teen
742-99-7117,2023-09-10 11:43:00,Q,Sacase,F,38,African American,Q,True,,57,False,Q,September,Sunday,Adult
311-29-1521,2023-06-14 05:30:00,Q,Turfs,F,76,African American,Q,True,,60,False,Q,June,Wednesday,Senior
746-61-3889,2023-04-08 06:05:00,R,Wince,F,48,African American,R,True,,28,False,R,April,Saturday,Adult
855-64-6102,2023-10-24 12:38:00,R,Hamlin,F,41,African American,R,True,,32,False,R,October,Tuesday,Adult
599-42-0177,2023-05-25 09:29:00,R,Summerfield,F,1,African American,R,True,,35,True,R,May,Thursday,Child
152-28-2503,2024-07-10 16:43:00,R,Raithbie,F,77,African American,R,True,,46,False,R,July,Wednesday,Senior
435-83-6917,2024-04-06 10:08:00,S,Nemchinov,F,35,African American,S,True,,10,False,S,April,Saturday,Adult
455-28-4709,2023-12-28 02:52:00,S,Allot,F,73,African American,S,True,,11,False,S,December,Thursday,Senior
355-96-0567,2023-06-28 11:27:00,T,Pavis,F,64,African American,T,True,,12,False,T,June,Wednesday,Senior
708-79-4106,2024-08-05 17:35:00,T,Chasle,F,8,African American,T,True,,37,False,T,August,Monday,Child
489-95-2505,2023-07-21 07:22:00,T,Conrard,F,7,African American,T,True,,44,False,T,July,Friday,Child
307-33-2596,2024-05-01 05:58:00,T,Trenfield,F,54,African American,T,True,,55,False,T,May,Wednesday,Adult
291-48-9297,2023-06-17 17:07:00,T,Bennit,F,61,African American,T,True,,56,False,T,June,Saturday,Senior
155-91-4793,2024-03-21 08:22:00,U,Elders,F,51,African American,U,True,,18,False,U,March,Thursday,Adult
388-56-6915,2024-11-01 19:08:00,U,Feather,F,38,African American,U,True,,36,False,U,November,Friday,Adult
459-41-9027,2023-10-22 10:12:00,U,Spooner,F,61,African American,U,True,,43,False,U,October,Sunday,Senior
497-79-0802,2024-10-20 21:26:00,U,Ochiltree,F,4,African American,U,True,,47,False,U,October,Sunday,Child
398-81-8943,2024-03-31 01:09:00,U,Gurnee,F,48,African American,U,True,,60,False,U,March,Sunday,Adult
225-11-8653,2023-10-05 14:21:00,V,Whitebread,F,55,African American,V,True,,17,True,V,October,Thursday,Adult
614-25-0773,2024-01-21 14:28:00,V,Boldry,F,5,African American,V,True,,39,False,V,January,Sunday,Child
510-78-2623,2023-06-11 20:28:00,V,Bootherstone,F,38,African American,V,True,,55,False,V,June,Sunday,Adult
176-55-3727,2024-09-04 10:01:00,W,Sawdon,F,45,African American,W,True,,19,False,W,September,Wednesday,Adult
872-04-2237,2023-03-12 15:41:00,W,Northcliffe,F,52,African American,W,True,,22,False,W,March,Sunday,Adult
231-82-7606,2023-09-06 20:36:00,W,Mathes,F,78,African American,W,True,,35,False,W,September,Wednesday,Senior
290-43-2174,2024-09-18 07:27:00,W,Smallshaw,F,28,African American,W,True,,39,False,W,September,Wednesday,Adult
213-36-0331,2024-03-06 23:07:00,W,Feechum,F,72,African American,W,True,,44,False,W,March,Wednesday,Senior
260-42-5687,2023-06-24 16:59:00,W,Nicklinson,F,9,African American,W,True,,47,False,W,June,Saturday,Child
858-73-2347,2024-05-02 08:21:00,W,Goodley,F,1,African American,W,True,,56,False,W,May,Thursday,Child
835-17-8259,2023-07-17 19:38:00,X,Stangroom,F,38,African American,X,True,,15,False,X,July,Monday,Adult
519-39-3056,2023-10-14 14:47:00,X,Barrow,F,52,African American,X,True,,17,False,X,October,Saturday,Adult
706-88-2106,2023-08-11 15:47:00,X,Zelley,F,12,African American,X,True,,18,False,X,August,Friday,Child
766-36-9799,2023-02-08 18:18:00,X,Kivlin,F,8,African American,X,True,,19,False,X,February,Wednesday,Child
873-06-2405,2024-09-24 04:41:00,X,Dohms,F,56,African American,X,True,,20,False,X,September,Tuesday,Adult
310-10-1774,2024-08-09 15:13:00,X,Fassman,F,39,African American,X,True,,21,False,X,August,Friday,Adult
641-55-4227,2023-06-22 20:23:00,X,Edeson,F,2,African American,X,True,,27,False,X,June,Thursday,Child
638-81-1348,2024-08-01 05:32:00,X,Herion,F,58,African American,X,True,,28,False,X,August,Thursday,Adult
124-05-9790,2023-12-19 23:45:00,X,Bohman,F,56,African American,X,True,,30,False,X,December,Tuesday,Adult
821-01-1065,2023-09-20 06:19:00,X,Kimbly,F,75,African American,X,True,,56,False,X,September,Wednesday,Senior
357-39-6143,2023-04-29 02:32:00,X,Connew,F,42,African American,X,True,,59,False,X,April,Saturday,Adult
848-38-5877,2024-08-23 06:52:00,Y,Noe,F,7,African American,Y,True,,13,False,Y,August,Friday,Child
875-86-2290,2024-11-02 12:21:00,Y,Hawarden,F,30,African American,Y,True,,19,False,Y,November,Saturday,Adult
667-03-3602,2023-04-26 21:04:00,Y,Lampen,F,73,African American,Y,True,,32,False,Y,April,Wednesday,Senior
844-11-6053,2023-09-17 21:50:00,Z,Tribe,F,47,African American,Z,True,,19,False,Z,September,Sunday,Adult
250-23-2067,2024-04-25 15:29:00,Z,Wallace,F,36,African American,Z,True,,24,False,Z,April,Thursday,Adult
345-22-7048,2023-08-27 00:53:00,Z,Hilliam,F,61,African American,Z,True,,42,False,Z,August,Sunday,Senior
311-70-7578,2023-06-05 20:18:00,Z,Wyld,F,36,African American,Z,True,,49,True,Z,June,Monday,Adult
167-50-7288,2024-01-28 19:26:00,Z,Hunnable,F,6,African American,Z,True,,50,False,Z,January,Sunday,Child
869-19-5286,2023-11-16 17:56:00,Z,Pratte,F,4,African American,Z,True,,59,False,Z,November,Thursday,Child
527-81-7213,2023-09-21 21:46:00,Z,Chidwick,F,22,African American,Z,True,,60,False,Z,September,Thursday,Adult
509-22-9173,2023-04-06 07:40:00,Z,McKibben,F,78,African American,Z,True,,60,False,Z,April,Thursday,Senior
769-16-8734,2023-04-07 05:12:00,F,Miquelet,F,53,African American,F,True,0.0,10,False,F,April,Friday,Adult
141-74-4458,2023-12-26 10:24:00,R,Richt,F,54,African American,R,True,0.0,21,False,R,December,Tuesday,Adult
679-38-3458,2023-06-22 22:39:00,W,Trustram,F,24,African American,W,True,0.0,29,False,W,June,Thursday,Adult
743-50-8009,2023-05-12 13:28:00,B,Wheeliker,F,9,African American,B,True,1.0,29,False,B,May,Friday,Child
848-13-6227,2024-03-02 08:15:00,D,Reeves,F,77,African American,D,True,1.0,25,False,D,March,Saturday,Senior
850-19-4604,2024-03-06 19:37:00,H,Cheeke,F,67,African American,H,True,1.0,40,False,H,March,Wednesday,Senior
543-99-4748,2024-01-08 12:27:00,R,Corradi,F,62,African American,R,True,1.0,35,False,R,January,Monday,Senior
315-73-8679,2023-05-30 17:02:00,S,Duinkerk,F,36,African American,S,True,1.0,14,True,S,May,Tuesday,Adult
215-96-3099,2023-01-06 14:17:00,S,Millan,F,70,African American,S,True,1.0,37,False,S,January,Friday,Senior
780-28-1491,2024-02-01 17:16:00,U,Lambert-Ciorwyn,F,16,African American,U,True,1.0,29,False,U,February,Thursday,Teen
595-33-7472,2023-07-06 03:24:00,V,Vaughn,F,72,African American,V,True,1.0,48,False,V,July,Thursday,Senior
746-03-9818,2023-10-11 03:04:00,C,Glaum,F,11,African American,C,True,2.0,11,False,C,October,Wednesday,Child
699-87-8336,2024-10-07 19:14:00,E,Denekamp,F,19,African American,E,True,2.0,30,False,E,October,Monday,Adult
229-94-6883,2023-01-07 10:47:00,K,Sibly,F,4,African American,K,True,2.0,26,False,K,January,Saturday,Child
683-61-8328,2024-04-28 17:08:00,O,Crichley,F,10,African American,O,True,2.0,40,False,O,April,Sunday,Child
275-97-9757,2024-11-10 11:11:00,S,Alkin,F,59,African American,S,True,2.0,13,False,S,November,Sunday,Adult
537-53-0651,2023-04-07 13:24:00,I,Whiteway,F,26,African American,I,True,3.0,48,False,I,April,Friday,Adult
843-36-4800,2023-10-09 19:02:00,N,Guiett,F,42,African American,N,True,3.0,13,False,N,October,Monday,Adult
519-73-0586,2024-10-25 05:11:00,S,Dockwray,F,37,African American,S,True,3.0,24,False,S,October,Friday,Adult
552-80-5445,2023-09-09 12:28:00,U,Bento,F,17,African American,U,True,3.0,37,False,U,September,Saturday,Teen
822-56-9864,2023-10-31 19:49:00,Y,Doche,F,65,African American,Y,True,3.0,39,False,Y,October,Tuesday,Senior
621-97-5594,2023-08-14 20:02:00,A,Cordes,F,57,African American,A,True,4.0,58,False,A,August,Monday,Adult
649-96-4440,2024-04-13 07:45:00,D,Dagnan,F,36,African American,D,True,4.0,15,False,D,April,Saturday,Adult
104-44-8448,2023-06-18 22:14:00,I,Hatherley,F,10,African American,I,True,4.0,26,False,I,June,Sunday,Child
797-16-0807,2023-04-06 10:57:00,L,McCullogh,F,71,African American,L,True,4.0,54,False,L,April,Thursday,Senior
362-04-6227,2023-12-17 23:39:00,B,Orrick,F,49,African American,B,True,5.0,33,False,B,December,Sunday,Adult
310-63-1799,2024-01-15 15:31:00,E,Castanos,F,39,African American,E,True,5.0,28,False,E,January,Monday,Adult
175-46-2862,2024-10-18 02:03:00,E,Boules,F,6,African American,E,True,5.0,56,False,E,October,Friday,Child
467-99-8996,2024-01-19 03:28:00,G,Brame,F,19,African American,G,True,5.0,42,False,G,January,Friday,Adult
460-15-6586,2023-04-24 03:16:00,P,Stillmann,F,27,African American,P,True,5.0,32,False,P,April,Monday,Adult
627-37-4516,2024-04-09 07:52:00,R,Jersh,F,68,African American,R,True,5.0,42,False,R,April,Tuesday,Senior
580-39-5361,2023-08-28 13:46:00,U,Colbert,F,37,African American,U,True,5.0,22,False,U,August,Monday,Adult
677-05-5953,2024-08-20 18:01:00,U,Kimber,F,70,African American,U,True,5.0,32,False,U,August,Tuesday,Senior
780-96-6113,2024-09-09 09:25:00,W,Breede,F,63,African American,W,True,5.0,32,False,W,September,Monday,Senior
482-40-7597,2024-03-09 18:54:00,X,Lyndon,F,27,African American,X,True,5.0,18,False,X,March,Saturday,Adult
384-22-6406,2024-12-05 02:21:00,Y,Ebben,F,56,African American,Y,True,5.0,60,False,Y,December,Thursday,Adult
127-77-9547,2024-01-23 00:17:00,R,De Ruggero,F,66,African American,R,True,6.0,45,False,R,January,Tuesday,Senior
604-61-1731,2024-02-29 08:46:00,T,Abade,F,40,African American,T,True,6.0,32,False,T,February,Thursday,Adult
125-88-7366,2023-06-18 20:35:00,U,Bulfield,F,24,African American,U,True,6.0,54,False,U,June,Sunday,Adult
514-44-5278,2024-12-06 07:52:00,V,Dominelli,F,28,African American,V,True,6.0,19,False,V,December,Friday,Adult
385-86-5654,2023-12-24 17:51:00,Y,Balls,F,17,African American,Y,True,6.0,41,False,Y,December,Sunday,Teen
578-05-4342,2023-05-17 18:06:00,Z,Maber,F,13,African American,Z,True,6.0,50,True,Z,May,Wednesday,Teen
131-31-2028,2024-06-20 02:45:00,C,Triplow,F,23,African American,C,True,7.0,22,False,C,June,Thursday,Adult
442-31-5916,2023-05-24 17:06:00,T,Oatley,F,39,African American,T,True,7.0,37,True,T,May,Wednesday,Adult
128-10-0306,2024-06-23 23:33:00,P,Boyett,F,45,African American,P,True,8.0,10,False,P,June,Sunday,Adult
426-66-7893,2023-05-16 20:44:00,U,Luckings,F,33,African American,U,True,8.0,28,True,U,May,Tuesday,Adult
259-86-4387,2023-12-17 03:50:00,W,Hukins,F,41,African American,W,True,8.0,32,False,W,December,Sunday,Adult
472-72-8473,2023-11-11 22:32:00,A,Kildahl,F,23,African American,A,True,9.0,54,False,A,November,Saturday,Adult
711-46-8573,2023-02-07 16:28:00,V,Chapelhow,F,74,African American,V,True,9.0,25,False,V,February,Tuesday,Senior
128-24-3514,2024-03-31 09:06:00,Y,Sussams,F,19,African American,Y,True,9.0,55,False,Y,March,Sunday,Adult
208-88-3128,2024-08-20 20:33:00,D,Coryndon,F,72,African American,D,True,10.0,37,False,D,August,Tuesday,Senior
727-78-9302,2024-07-27 13:18:00,D,Beechcraft,F,31,African American,D,True,10.0,57,False,D,July,Saturday,Adult
340-41-2981,2023-10-18 07:06:00,I,Deshorts,F,69,African American,I,True,10.0,20,False,I,October,Wednesday,Senior
460-64-4936,2023-12-15 05:38:00,I,Danhel,F,8,African American,I,True,10.0,42,False,I,December,Friday,Child
280-79-5942,2023-12-21 08:50:00,J,Harron,F,46,African American,J,True,10.0,34,False,J,December,Thursday,Adult
860-54-9346,2023-05-08 15:24:00,S,Erasmus,F,39,African American,S,True,10.0,54,False,S,May,Monday,Adult
438-98-4639,2023-05-04 06:25:00,T,Pawfoot,F,26,African American,T,True,10.0,46,False,T,May,Thursday,Adult
381-92-2973,2023-06-06 17:51:00,U,Chitham,F,79,African American,U,True,10.0,15,False,U,June,Tuesday,Senior
584-74-6723,2024-08-25 07:43:00,X,Stockau,F,67,African American,X,True,10.0,20,False,X,August,Sunday,Senior
483-20-0302,2024-03-28 09:22:00,B,Dyzart,F,47,African American,B,True,,30,False,B,March,Thursday,Adult
634-38-7814,2024-03-27 15:55:00,C,Pagan,F,4,African American,C,True,,45,False,C,March,Wednesday,Child
578-73-4353,2023-08-04 23:49:00,E,Siccombe,F,15,African American,E,True,,33,False,E,August,Friday,Teen
442-97-4394,2024-05-22 16:23:00,F,Deakins,F,60,African American,F,True,,47,False,F,May,Wednesday,Adult
180-27-1558,2023-02-11 14:32:00,F,Stacy,F,20,African American,F,True,,52,False,F,February,Saturday,Adult
196-80-7773,2023-08-15 06:55:00,G,Whimper,F,74,African American,G,True,,13,False,G,August,Tuesday,Senior
774-04-3304,2023-04-28 05:13:00,G,Ruddy,F,34,African American,G,True,,27,False,G,April,Friday,Adult
708-77-3192,2023-11-14 07:27:00,G,Coite,F,23,African American,G,True,,30,False,G,November,Tuesday,Adult
777-67-6604,2024-02-25 15:02:00,H,Harsant,F,65,African American,H,True,,29,False,H,February,Sunday,Senior
559-67-0354,2023-09-11 11:58:00,H,Agron,F,43,African American,H,True,,43,False,H,September,Monday,Adult
443-36-2330,2023-06-04 06:42:00,J,Ballin,F,10,African American,J,True,,21,False,J,June,Sunday,Child
884-65-0896,2024-06-27 06:21:00,J,Newgrosh,F,48,African American,J,True,,54,False,J,June,Thursday,Adult
809-10-0879,2023-01-06 19:46:00,J,Duffy,F,60,African American,J,True,,58,False,J,January,Friday,Adult
219-45-8034,2024-06-23 16:24:00,K,Hakewell,F,73,African American,K,True,,14,False,K,June,Sunday,Senior
819-83-4431,2023-05-28 22:50:00,K,Farrear,F,16,African American,K,True,,17,True,K,May,Sunday,Teen
416-95-3368,2024-03-02 10:36:00,K,Mushart,F,54,African American,K,True,,19,False,K,March,Saturday,Adult
645-90-4320,2023-11-18 19:25:00,L,Simpkins,F,4,African American,L,True,,26,False,L,November,Saturday,Child
293-18-7287,2024-02-03 16:03:00,M,Hortop,F,63,African American,M,True,,49,False,M,February,Saturday,Senior
754-26-5507,2024-01-31 16:28:00,N,Antonazzi,F,32,African American,N,True,,33,False,N,January,Wednesday,Adult
429-49-3591,2024-07-15 16:49:00,N,Polon,F,6,African American,N,True,,44,False,N,July,Monday,Child
698-20-8468,2024-09-10 00:44:00,O,Bohlsen,F,23,African American,O,True,,33,False,O,September,Tuesday,Adult
123-27-5720,2023-10-14 03:14:00,P,Gilardengo,F,55,African American,P,True,,11,False,P,October,Saturday,Adult
482-13-8422,2023-11-30 08:20:00,R,Kikke,F,5,African American,R,True,,14,False,R,November,Thursday,Child
122-73-4557,2024-09-30 19:55:00,R,Godar,F,2,African American,R,True,,23,False,R,September,Monday,Child
875-20-1020,2023-09-06 05:03:00,R,Perrygo,F,10,African American,R,True,,46,False,R,September,Wednesday,Child
409-52-4416,2024-03-05 10:25:00,S,Gately,F,74,African American,S,True,,43,False,S,March,Tuesday,Senior
554-09-0300,2024-10-02 23:31:00,S,Brierley,F,42,African American,S,True,,56,False,S,October,Wednesday,Adult
124-36-9054,2024-10-22 04:32:00,T,Le Clercq,F,44,African American,T,True,,38,False,T,October,Tuesday,Adult
814-11-2492,2024-03-06 04:20:00,T,Fedorski,F,64,African American,T,True,,43,False,T,March,Wednesday,Senior
364-41-2788,2023-07-23 17:48:00,U,Amar,F,46,African American,U,True,,30,False,U,July,Sunday,Adult
801-75-4801,2024-08-10 22:18:00,V,McShee,F,38,African American,V,True,,35,False,V,August,Saturday,Adult
643-88-8465,2023-10-28 11:51:00,V,Kynforth,F,79,African American,V,True,,41,False,V,October,Saturday,Senior
309-34-4512,2024-03-03 22:53:00,V,Everill,F,8,African American,V,True,,51,False,V,March,Sunday,Child
143-12-4621,2024-08-17 21:33:00,V,Brindle,F,66,African American,V,True,,52,False,V,August,Saturday,Senior
649-47-0696,2024-05-18 19:39:00,X,Habble,F,4,African American,X,True,,38,False,X,May,Saturday,Child
418-68-8857,2024-07-19 06:27:00,X,Sawkin,F,4,African American,X,True,,58,False,X,July,Friday,Child
663-52-0761,2023-09-11 12:52:00,Y,Videan,F,3,African American,Y,True,,32,False,Y,September,Monday,Child
110-15-3555,2024-03-20 09:45:00,Y,Veryan,F,70,African American,Y,True,,33,False,Y,March,Wednesday,Senior
611-20-6971,2023-04-14 16:33:00,Z,Gonnel,F,12,African American,Z,True,,12,False,Z,April,Friday,Child
891-13-0532,2024-02-04 06:03:00,Z,Dayes,F,7,African American,Z,True,,54,False,Z,February,Sunday,Child
102-54-1653,2024-04-27 02:32:00,J,Mowson,F,50,African American,J,True,0.0,51,False,J,April,Saturday,Adult
333-28-5802,2023-06-25 20:02:00,O,Kohneke,F,33,African American,O,True,0.0,32,False,O,June,Sunday,Adult
493-10-9938,2024-01-02 06:47:00,A,Haworth,F,66,African American,A,True,1.0,16,False,A,January,Tuesday,Senior
809-77-6432,2023-04-25 11:21:00,V,Spelling,F,47,African American,V,True,1.0,55,False,V,April,Tuesday,Adult
142-24-2360,2023-06-22 05:53:00,O,Sheward,F,67,African American,O,True,2.0,60,False,O,June,Thursday,Senior
749-62-2279,2024-04-17 09:49:00,P,Gerhold,F,10,African American,P,True,2.0,30,False,P,April,Wednesday,Child
875-56-3403,2024-08-28 22:33:00,U,Hornbuckle,F,64,African American,U,True,3.0,34,False,U,August,Wednesday,Senior
713-23-9419,2023-07-26 02:30:00,Z,Vivien,F,15,African American,Z,True,4.0,28,False,Z,July,Wednesday,Teen
721-57-7739,2023-10-18 11:17:00,D,Canby,F,34,African American,D,True,5.0,21,False,D,October,Wednesday,Adult
748-29-8054,2024-05-07 00:36:00,C,Wollers,F,29,African American,C,True,7.0,55,False,C,May,Tuesday,Adult
679-04-2649,2023-05-30 04:08:00,L,Witherow,F,47,African American,L,True,7.0,37,True,L,May,Tuesday,Adult
565-38-3119,2023-06-30 15:03:00,M,McClaurie,F,3,African American,M,True,9.0,53,False,M,June,Friday,Child
322-99-9924,2023-08-29 20:57:00,T,Franchyonok,F,30,African American,T,True,9.0,24,False,T,August,Tuesday,Adult
679-29-9661,2024-04-04 07:23:00,B,Geeves,F,34,African American,B,True,10.0,49,False,B,April,Thursday,Adult
146-07-1057,2024-06-05 00:44:00,G,Hanselmann,F,67,African American,G,True,,56,False,G,June,Wednesday,Senior
711-07-7795,2023-11-28 03:33:00,I,Cruickshanks,F,18,African American,I,True,,25,False,I,November,Tuesday,Teen
805-02-0749,2023-07-22 08:52:00,K,Milton-White,F,26,African American,K,True,,40,False,K,July,Saturday,Adult
657-05-4117,2023-02-05 03:29:00,O,Eglise,F,18,African American,O,True,,11,True,O,February,Sunday,Teen
445-96-8347,2023-10-28 11:01:00,P,Brinsden,F,40,African American,P,True,,18,False,P,October,Saturday,Adult
528-88-1999,2024-10-28 16:52:00,P,Stagg,F,6,African American,P,True,,57,False,P,October,Monday,Child
267-89-0681,2024-06-30 13:22:00,Q,Dangl,F,22,African American,Q,True,,46,False,Q,June,Sunday,Adult
511-46-2159,2024-01-24 14:10:00,H,Wiseman,F,56,African American,H,True,0.0,17,False,H,January,Wednesday,Adult
721-28-4161,2023-08-07 23:44:00,X,Standish-Brooks,F,28,African American,X,True,4.0,49,False,X,August,Monday,Adult
759-61-2096,2023-11-25 10:45:00,C,Cicerone,F,43,African American,C,True,,59,False,C,November,Saturday,Adult
369-24-4662,2024-05-21 07:13:00,D,Shadrack,F,16,African American,D,True,,11,False,D,May,Tuesday,Teen
625-84-2319,2024-09-16 17:27:00,L,Hamby,F,77,African American,L,True,,43,False,L,September,Monday,Senior
291-47-8677,2023-12-12 08:49:00,W,Verling,F,12,African American,W,True,,28,False,W,December,Tuesday,Child
202-68-7145,2023-01-10 16:15:00,X,Bastock,F,38,African American,X,True,,20,False,X,January,Tuesday,Adult
786-23-7303,2024-09-25 09:59:00,Y,Loraine,F,17,African American,Y,True,4.0,25,False,Y,September,Wednesday,Teen
729-44-7586,2024-01-13 22:55:00,D,Ornillos,F,32,Asian,D,True,,35,False,D,January,Saturday,Adult
142-87-7640,2024-09-14 05:00:00,P,Shallcross,F,41,Asian,P,True,,20,False,P,September,Saturday,Adult
210-09-0959,2024-06-03 16:17:00,Q,Chansonne,F,60,Asian,Q,True,1.0,56,False,Q,June,Monday,Adult
770-69-8526,2024-05-02 10:24:00,X,Helis,F,9,Asian,X,True,3.0,49,False,X,May,Thursday,Child
444-32-3923,2024-01-06 06:19:00,T,Lawie,F,36,Asian,T,True,5.0,15,False,T,January,Saturday,Adult
477-43-3427,2024-07-09 16:02:00,B,Pardew,F,58,Asian,B,True,7.0,10,False,B,July,Tuesday,Adult
193-39-9512,2023-08-14 05:46:00,I,Hiscocks,F,66,Asian,I,True,,49,False,I,August,Monday,Senior
791-28-9797,2024-02-06 07:59:00,T,Gunton,F,28,Asian,T,True,,50,False,T,February,Tuesday,Adult
772-47-3814,2023-10-12 21:31:00,V,Sokill,F,69,Asian,V,True,,55,False,V,October,Thursday,Senior
389-14-6190,2023-01-04 15:10:00,E,Bygate,F,20,Asian,E,True,,30,False,E,January,Wednesday,Adult
100-66-8222,2023-12-23 12:07:00,F,Mullane,F,65,Asian,F,True,,17,False,F,December,Saturday,Senior
401-04-4348,2024-05-25 14:38:00,F,Thynne,F,21,Asian,F,True,,33,False,F,May,Saturday,Adult
178-35-6443,2024-04-01 01:00:00,F,Lippett,F,67,Asian,F,True,,40,False,F,April,Monday,Senior
556-75-8409,2023-06-13 20:07:00,K,Stellino,F,10,Asian,K,True,,56,False,K,June,Tuesday,Child
349-40-9306,2023-04-11 04:56:00,N,Ghioni,F,30,Asian,N,True,,20,False,N,April,Tuesday,Adult
509-62-2204,2023-12-23 16:43:00,P,Cornbill,F,40,Asian,P,True,,57,False,P,December,Saturday,Adult
665-50-9637,2024-06-09 12:41:00,R,Renowden,F,27,Asian,R,True,,10,False,R,June,Sunday,Adult
505-85-5884,2024-04-29 08:20:00,S,Link,F,45,Asian,S,True,,14,False,S,April,Monday,Adult
254-67-7783,2023-05-04 18:19:00,T,Gatherell,F,76,Asian,T,True,,54,False,T,May,Thursday,Senior
385-36-3839,2023-07-06 04:18:00,W,Thornebarrow,F,40,Asian,W,True,,33,False,W,July,Thursday,Adult
407-66-8499,2024-05-27 11:27:00,W,Bester,F,11,Asian,W,True,,36,False,W,May,Monday,Child
443-92-1671,2024-06-13 03:12:00,W,Fatharly,F,72,Asian,W,True,,43,False,W,June,Thursday,Senior
556-28-7915,2023-03-06 12:33:00,X,Spandley,F,78,Asian,X,True,,21,False,X,March,Monday,Senior
858-84-0931,2023-04-19 12:02:00,Y,Eynald,F,61,Asian,Y,True,,59,False,Y,April,Wednesday,Senior
400-43-2749,2023-05-14 16:01:00,R,Jagoe,F,34,Asian,R,True,0.0,50,True,R,May,Sunday,Adult
863-95-9525,2024-09-30 10:20:00,C,Keddle,F,38,Asian,C,True,2.0,55,False,C,September,Monday,Adult
749-04-9739,2023-05-12 08:28:00,G,McEvoy,F,61,Asian,G,True,5.0,22,False,G,May,Friday,Senior
820-21-7142,2023-07-25 01:13:00,K,Jaray,F,59,Asian,K,True,5.0,15,False,K,July,Tuesday,Adult
615-80-8527,2023-07-31 13:17:00,M,Brissard,F,36,Asian,M,True,8.0,20,False,M,July,Monday,Adult
535-81-8385,2023-10-31 07:50:00,V,Gally,F,54,Asian,V,True,9.0,31,False,V,October,Tuesday,Adult
620-60-2232,2024-06-26 08:07:00,B,Carress,F,47,Asian,B,True,10.0,38,False,B,June,Wednesday,Adult
662-75-3787,2023-11-05 03:45:00,R,Eates,F,33,Asian,R,True,10.0,37,True,R,November,Sunday,Adult
358-64-0690,2024-07-25 17:31:00,C,Jerrim,F,61,Asian,C,True,,41,False,C,July,Thursday,Senior
686-06-9347,2023-10-30 05:18:00,J,Garnsworthy,F,36,Asian,J,True,,22,False,J,October,Monday,Adult
138-11-0080,2024-02-04 00:21:00,M,Heenan,F,78,Asian,M,True,,23,False,M,February,Sunday,Senior
679-34-7055,2023-06-23 04:20:00,O,Bockmaster,F,62,Asian,O,True,,57,False,O,June,Friday,Senior
406-30-2620,2024-07-24 19:20:00,U,Shutt,F,77,Asian,U,True,,52,False,U,July,Wednesday,Senior
814-81-8129,2023-08-23 05:23:00,W,Peters,F,6,Asian,W,True,,49,False,W,August,Wednesday,Child
838-27-1967,2023-02-10 14:35:00,Y,Haining,F,66,Asian,Y,True,6.0,45,False,Y,February,Friday,Senior
824-90-7037,2023-10-07 06:31:00,X,Whalley,F,25,Asian,X,True,8.0,26,False,X,October,Saturday,Adult
134-42-6830,2024-03-03 04:05:00,A,Sprackling,F,16,Asian,A,True,,13,False,A,March,Sunday,Teen
559-43-9962,2023-01-05 06:25:00,A,Destouche,F,36,Asian,A,True,,13,True,A,January,Thursday,Adult
493-86-6497,2024-03-21 03:57:00,A,Hancill,F,54,Asian,A,True,,15,False,A,March,Thursday,Adult
200-75-7847,2024-07-19 22:49:00,A,Minghetti,F,74,Asian,A,True,,51,False,A,July,Friday,Senior
372-20-5389,2024-07-13 23:24:00,A,Aleksich,F,5,Asian,A,True,,58,False,A,July,Saturday,Child
886-83-6515,2023-04-12 16:18:00,A,Polglase,F,47,Asian,A,True,,59,False,A,April,Wednesday,Adult
492-03-5767,2024-07-03 17:28:00,C,Killford,F,1,Asian,C,True,,17,False,C,July,Wednesday,Child
796-02-2960,2023-04-09 11:18:00,C,Gwatkins,F,55,Asian,C,True,,21,False,C,April,Sunday,Adult
832-25-9816,2024-06-23 12:28:00,C,MacSherry,F,30,Asian,C,True,,40,False,C,June,Sunday,Adult
542-49-2911,2024-09-29 05:08:00,C,Frankcombe,F,36,Asian,C,True,,55,False,C,September,Sunday,Adult
223-48-3317,2024-05-01 14:14:00,D,Zeplin,F,12,Asian,D,True,,15,False,D,May,Wednesday,Child
692-52-8598,2024-02-16 16:09:00,D,Cuniam,F,30,Asian,D,True,,55,False,D,February,Friday,Adult
217-49-5486,2023-08-31 08:16:00,D,Johnstone,F,58,Asian,D,True,,59,False,D,August,Thursday,Adult
271-45-0948,2024-02-08 05:43:00,E,McAvin,F,17,Asian,E,True,,33,False,E,February,Thursday,Teen
572-74-8397,2023-07-13 05:22:00,E,Segeswoeth,F,2,Asian,E,True,,48,False,E,July,Thursday,Child
319-68-1866,2024-06-17 21:18:00,F,Harriagn,F,8,Asian,F,True,,23,False,F,June,Monday,Child
729-73-0284,2024-05-21 06:44:00,G,Wilcher,F,46,Asian,G,True,,24,False,G,May,Tuesday,Adult
644-15-9218,2024-09-07 18:27:00,G,Deadman,F,56,Asian,G,True,,43,False,G,September,Saturday,Adult
832-56-7060,2024-07-04 13:16:00,G,Timothy,F,63,Asian,G,True,,44,False,G,July,Thursday,Senior
385-25-7103,2023-09-18 00:56:00,G,Hercules,F,62,Asian,G,True,,52,False,G,September,Monday,Senior
400-75-0237,2023-07-12 09:51:00,G,Swalwell,F,25,Asian,G,True,,59,False,G,July,Wednesday,Adult
520-83-1270,2023-11-14 01:21:00,H,Thicking,F,49,Asian,H,True,,13,False,H,November,Tuesday,Adult
613-20-5618,2023-07-25 23:42:00,H,Tubritt,F,78,Asian,H,True,,19,False,H,July,Tuesday,Senior
614-91-8822,2023-08-14 23:11:00,H,Penas,F,59,Asian,H,True,,30,False,H,August,Monday,Adult
674-99-3177,2023-12-14 06:09:00,H,Cowlin,F,31,Asian,H,True,,38,False,H,December,Thursday,Adult
839-76-6725,2024-01-25 05:34:00,I,Abrahamovitz,F,78,Asian,I,True,,22,False,I,January,Thursday,Senior
894-34-4848,2024-11-01 03:54:00,I,Bedborough,F,11,Asian,I,True,,23,False,I,November,Friday,Child
154-86-0769,2023-08-25 15:34:00,I,Colliford,F,69,Asian,I,True,,26,False,I,August,Friday,Senior
193-35-5764,2023-05-11 23:01:00,I,Searle,F,49,Asian,I,True,,31,False,I,May,Thursday,Adult
820-68-0040,2023-10-07 03:12:00,I,Pandya,F,55,Asian,I,True,,34,False,I,October,Saturday,Adult
877-55-1245,2023-10-26 00:41:00,I,Draude,F,19,Asian,I,True,,39,False,I,October,Thursday,Adult
436-53-0891,2024-08-20 09:27:00,I,Giacopazzi,F,15,Asian,I,True,,55,False,I,August,Tuesday,Teen
780-36-8575,2023-04-22 09:28:00,J,Gopsill,F,33,Asian,J,True,,24,False,J,April,Saturday,Adult
328-74-8801,2023-12-06 09:02:00,J,Layson,F,15,Asian,J,True,,30,False,J,December,Wednesday,Teen
880-82-9131,2023-09-26 13:08:00,J,Corhard,F,79,Asian,J,True,,43,False,J,September,Tuesday,Senior
726-73-5570,2024-02-07 05:20:00,K,Hutchcraft,F,46,Asian,K,True,,38,False,K,February,Wednesday,Adult
309-54-6523,2023-04-09 00:58:00,K,Elloit,F,59,Asian,K,True,,45,False,K,April,Sunday,Adult
735-51-2783,2024-06-27 23:27:00,K,Ind,F,8,Asian,K,True,,54,False,K,June,Thursday,Child
487-94-8562,2024-07-06 03:27:00,K,Brigstock,F,74,Asian,K,True,,59,False,K,July,Saturday,Senior
844-64-3064,2023-06-10 19:46:00,L,Rydzynski,F,3,Asian,L,True,,11,False,L,June,Saturday,Child
487-60-3573,2024-10-18 10:46:00,L,Ciottoi,F,22,Asian,L,True,,13,False,L,October,Friday,Adult
223-22-7407,2023-04-11 17:35:00,L,Trewett,F,5,Asian,L,True,,14,False,L,April,Tuesday,Child
632-33-1275,2024-02-14 00:06:00,L,Grindley,F,78,Asian,L,True,,20,False,L,February,Wednesday,Senior
284-16-9688,2024-01-29 21:16:00,L,Worvell,F,25,Asian,L,True,,42,False,L,January,Monday,Adult
536-56-4427,2024-03-15 01:23:00,M,Skeldon,F,38,Asian,M,True,,11,False,M,March,Friday,Adult
387-82-3558,2023-12-06 07:14:00,M,Borman,F,64,Asian,M,True,,16,False,M,December,Wednesday,Senior
845-04-1216,2024-07-06 23:27:00,M,Carus,F,39,Asian,M,True,,46,False,M,July,Saturday,Adult
730-36-4244,2024-11-06 18:16:00,M,Cade,F,26,Asian,M,True,,52,False,M,November,Wednesday,Adult
488-56-1587,2023-12-15 11:46:00,M,Schellig,F,42,Asian,M,True,,52,False,M,December,Friday,Adult
488-42-2856,2024-10-05 06:09:00,N,Dudley,F,2,Asian,N,True,,12,False,N,October,Saturday,Child
897-23-2167,2024-08-27 16:44:00,N,McConnel,F,71,Asian,N,True,,26,False,N,August,Tuesday,Senior
807-87-0849,2024-12-04 10:57:00,N,Hadenton,F,21,Asian,N,True,,40,False,N,December,Wednesday,Adult
426-61-6009,2024-09-23 00:55:00,N,MacAiline,F,69,Asian,N,True,,40,False,N,September,Monday,Senior
828-59-6248,2023-05-26 00:32:00,O,Grut,F,53,Asian,O,True,,36,True,O,May,Friday,Adult
416-31-7468,2023-10-30 16:45:00,O,Gligoraci,F,23,Asian,O,True,,40,False,O,October,Monday,Adult
117-06-6307,2024-05-23 16:26:00,O,Abrehart,F,78,Asian,O,True,,41,False,O,May,Thursday,Senior
400-75-0750,2024-03-03 18:21:00,O,Moriarty,F,14,Asian,O,True,,42,False,O,March,Sunday,Teen
504-09-9129,2023-08-18 20:58:00,O,Renneke,F,7,Asian,O,True,,58,False,O,August,Friday,Child
127-86-2344,2023-05-20 08:57:00,P,Waryk,F,42,Asian,P,True,,20,True,P,May,Saturday,Adult
428-71-5074,2024-08-06 05:38:00,P,Myrkus,F,15,Asian,P,True,,32,False,P,August,Tuesday,Teen
541-50-7505,2023-12-31 01:34:00,P,Stoffels,F,66,Asian,P,True,,41,False,P,December,Sunday,Senior
801-77-4739,2023-09-22 09:35:00,P,Loyns,F,76,Asian,P,True,,54,False,P,September,Friday,Senior
383-64-6636,2024-01-20 23:52:00,P,Loalday,F,74,Asian,P,True,,60,False,P,January,Saturday,Senior
730-80-4986,2024-04-15 16:02:00,Q,Spackman,F,56,Asian,Q,True,,16,False,Q,April,Monday,Adult
323-15-5382,2023-08-04 00:02:00,Q,Dreye,F,64,Asian,Q,True,,17,False,Q,August,Friday,Senior
358-88-4969,2024-06-18 23:22:00,Q,Levett,F,25,Asian,Q,True,,23,False,Q,June,Tuesday,Adult
705-95-8195,2024-06-10 18:31:00,Q,Dyneley,F,67,Asian,Q,True,,25,False,Q,June,Monday,Senior
208-89-0119,2023-11-05 03:28:00,R,Plane,F,54,Asian,R,True,,50,True,R,November,Sunday,Adult
557-05-5900,2023-06-21 04:49:00,S,Westgate,F,46,Asian,S,True,,25,False,S,June,Wednesday,Adult
609-79-0405,2024-04-05 16:49:00,S,D'Aubney,F,72,Asian,S,True,,47,False,S,April,Friday,Senior
519-96-7743,2023-11-28 15:03:00,T,Lamminam,F,52,Asian,T,True,,11,False,T,November,Tuesday,Adult
324-36-5374,2024-12-08 22:03:00,T,Pamphilon,F,44,Asian,T,True,,15,False,T,December,Sunday,Adult
183-15-0828,2024-12-01 17:06:00,T,Fernez,F,66,Asian,T,True,,19,False,T,December,Sunday,Senior
713-88-3339,2024-08-19 15:27:00,T,Scrowston,F,41,Asian,T,True,,48,False,T,August,Monday,Adult
874-60-4529,2023-06-05 09:23:00,T,Wegman,F,19,Asian,T,True,,51,True,T,June,Monday,Adult
127-06-6159,2023-04-19 08:48:00,T,Matthessen,F,19,Asian,T,True,,54,False,T,April,Wednesday,Adult
877-89-1517,2023-04-11 09:41:00,U,Possel,F,74,Asian,U,True,,10,False,U,April,Tuesday,Senior
587-16-0608,2024-08-21 12:49:00,U,Hilley,F,53,Asian,U,True,,11,False,U,August,Wednesday,Adult
768-10-9983,2023-08-17 09:09:00,U,Elsbury,F,31,Asian,U,True,,45,False,U,August,Thursday,Adult
687-36-3981,2024-05-05 23:39:00,V,Biesty,F,24,Asian,V,True,,11,False,V,May,Sunday,Adult
590-19-6541,2024-02-27 10:47:00,V,Blasio,F,77,Asian,V,True,,12,False,V,February,Tuesday,Senior
707-44-8386,2024-10-18 15:36:00,V,Scantlebury,F,3,Asian,V,True,,15,False,V,October,Friday,Child
308-16-8481,2023-04-23 10:06:00,V,Catterick,F,40,Asian,V,True,,35,False,V,April,Sunday,Adult
248-87-1718,2024-02-08 12:39:00,V,Grabban,F,40,Asian,V,True,,43,False,V,February,Thursday,Adult
857-68-2721,2023-04-18 16:09:00,W,Corradino,F,29,Asian,W,True,,26,False,W,April,Tuesday,Adult
736-54-2232,2024-10-07 20:34:00,W,Yoxen,F,56,Asian,W,True,,37,False,W,October,Monday,Adult
252-67-0809,2024-08-23 09:57:00,W,Colclough,F,73,Asian,W,True,,49,False,W,August,Friday,Senior
754-27-4650,2023-08-16 03:43:00,X,Birtonshaw,F,48,Asian,X,True,,51,False,X,August,Wednesday,Adult
381-69-6342,2023-04-28 23:27:00,X,Spirit,F,65,Asian,X,True,,56,False,X,April,Friday,Senior
659-42-8898,2024-02-09 18:38:00,Y,Enevold,F,16,Asian,Y,True,,13,False,Y,February,Friday,Teen
214-94-9998,2023-04-05 08:50:00,Y,Fullerton,F,35,Asian,Y,True,,13,True,Y,April,Wednesday,Adult
418-76-1742,2024-01-06 22:26:00,Y,Kock,F,43,Asian,Y,True,,25,False,Y,January,Saturday,Adult
290-17-4655,2024-01-06 06:10:00,Y,Whitington,F,79,Asian,Y,True,,37,False,Y,January,Saturday,Senior
864-37-9908,2023-04-19 13:17:00,Y,Chicco,F,76,Asian,Y,True,,48,False,Y,April,Wednesday,Senior
442-72-9831,2023-04-12 06:21:00,Y,Kennermann,F,46,Asian,Y,True,,51,False,Y,April,Wednesday,Adult
765-85-5657,2023-08-23 12:26:00,Z,Vaughten,F,4,Asian,Z,True,,16,False,Z,August,Wednesday,Child
642-14-4801,2024-08-27 21:06:00,Z,Chessell,F,47,Asian,Z,True,,16,False,Z,August,Tuesday,Adult
323-52-6658,2023-08-16 14:20:00,Z,Benoix,F,58,Asian,Z,True,,21,False,Z,August,Wednesday,Adult
327-71-5579,2023-03-08 07:52:00,Z,Keighly,F,14,Asian,Z,True,,24,False,Z,March,Wednesday,Teen
161-11-8631,2024-05-20 07:14:00,Z,Stanlock,F,10,Asian,Z,True,,30,False,Z,May,Monday,Child
574-48-5950,2024-04-07 06:25:00,Z,Trace,F,42,Asian,Z,True,,46,False,Z,April,Sunday,Adult
345-42-0466,2023-08-20 01:25:00,C,Hansell,F,31,Asian,C,True,0.0,40,False,C,August,Sunday,Adult
281-67-7646,2023-09-15 16:02:00,L,Stood,F,12,Asian,L,True,0.0,45,False,L,September,Friday,Child
351-60-6045,2023-10-20 21:35:00,S,Morrowe,F,73,Asian,S,True,0.0,41,False,S,October,Friday,Senior
196-42-4139,2023-07-18 23:58:00,G,Espadas,F,39,Asian,G,True,1.0,36,False,G,July,Tuesday,Adult
784-97-6948,2024-07-14 03:44:00,V,Butteris,F,61,Asian,V,True,1.0,48,False,V,July,Sunday,Senior
110-38-1973,2024-06-04 09:56:00,X,Dysart,F,76,Asian,X,True,1.0,41,False,X,June,Tuesday,Senior
879-31-2414,2023-08-08 22:40:00,Y,Creaser,F,62,Asian,Y,True,1.0,23,False,Y,August,Tuesday,Senior
213-23-7376,2024-02-23 19:35:00,M,Vasenkov,F,27,Asian,M,True,2.0,60,False,M,February,Friday,Adult
538-74-2222,2024-07-31 14:03:00,B,Geator,F,18,Asian,B,True,3.0,44,False,B,July,Wednesday,Teen
438-20-6869,2024-05-06 01:29:00,C,Pepin,F,18,Asian,C,True,3.0,15,False,C,May,Monday,Teen
345-56-2522,2024-07-29 21:55:00,D,Coull,F,18,Asian,D,True,3.0,35,False,D,July,Monday,Teen
382-04-7586,2024-05-24 10:09:00,I,Peto,F,28,Asian,I,True,3.0,53,False,I,May,Friday,Adult
127-78-2954,2024-07-29 10:38:00,N,Faustian,F,13,Asian,N,True,3.0,45,False,N,July,Monday,Teen
843-20-8997,2023-09-15 18:09:00,S,Stockow,F,51,Asian,S,True,3.0,26,False,S,September,Friday,Adult
325-53-6475,2024-07-29 12:11:00,Z,Denslow,F,68,Asian,Z,True,3.0,45,False,Z,July,Monday,Senior
597-64-3246,2023-04-24 04:24:00,Q,Doody,F,78,Asian,Q,True,4.0,22,False,Q,April,Monday,Senior
821-38-7964,2023-06-29 14:21:00,T,McPike,F,58,Asian,T,True,5.0,43,False,T,June,Thursday,Adult
628-24-0324,2023-05-30 16:27:00,Z,Codner,F,10,Asian,Z,True,5.0,24,True,Z,May,Tuesday,Child
313-99-3667,2023-11-29 06:05:00,E,Caws,F,4,Asian,E,True,6.0,23,False,E,November,Wednesday,Child
384-25-8158,2024-01-13 11:00:00,F,Camblin,F,71,Asian,F,True,6.0,42,False,F,January,Saturday,Senior
577-72-3497,2024-06-01 10:02:00,I,Defond,F,8,Asian,I,True,6.0,30,False,I,June,Saturday,Child
282-36-6038,2023-12-23 16:03:00,I,Slack,F,37,Asian,I,True,6.0,58,False,I,December,Saturday,Adult
832-36-7335,2023-11-10 01:56:00,J,Landrick,F,29,Asian,J,True,6.0,52,False,J,November,Friday,Adult
709-27-5618,2024-02-23 16:49:00,P,Coping,F,50,Asian,P,True,6.0,55,False,P,February,Friday,Adult
749-52-0280,2023-04-26 01:57:00,H,Swanne,F,54,Asian,H,True,7.0,43,False,H,April,Wednesday,Adult
453-37-7733,2024-07-28 18:57:00,T,Blann,F,67,Asian,T,True,7.0,14,False,T,July,Sunday,Senior
461-43-8162,2023-05-31 19:53:00,X,Beetlestone,F,3,Asian,X,True,7.0,53,True,X,May,Wednesday,Child
429-49-7880,2023-08-15 09:47:00,V,Mowsdell,F,2,Asian,V,True,8.0,24,False,V,August,Tuesday,Child
262-61-0435,2024-01-10 08:14:00,E,Landon,F,18,Asian,E,True,9.0,30,False,E,January,Wednesday,Teen
215-31-6186,2024-02-17 17:19:00,H,Frape,F,6,Asian,H,True,9.0,42,False,H,February,Saturday,Child
739-96-9502,2024-05-07 18:32:00,I,Helks,F,6,Asian,I,True,9.0,52,False,I,May,Tuesday,Child
380-97-2809,2024-08-19 02:17:00,T,Gosford,F,43,Asian,T,True,9.0,47,False,T,August,Monday,Adult
511-98-1628,2024-10-20 15:46:00,X,Bentame,F,25,Asian,X,True,9.0,19,False,X,October,Sunday,Adult
534-57-7812,2024-01-05 03:39:00,A,Newns,F,20,Asian,A,True,10.0,17,False,A,January,Friday,Adult
590-94-5630,2024-09-10 01:38:00,A,Klementz,F,77,Asian,A,True,,26,False,A,September,Tuesday,Senior
493-57-5938,2024-06-29 11:57:00,B,Sherwen,F,37,Asian,B,True,,24,False,B,June,Saturday,Adult
576-68-0482,2023-01-11 13:54:00,D,Hosier,F,33,Asian,D,True,,49,False,D,January,Wednesday,Adult
480-59-4442,2024-04-26 02:21:00,F,Gitting,F,33,Asian,F,True,,35,False,F,April,Friday,Adult
368-31-2124,2024-08-15 05:41:00,I,Sealeaf,F,69,Asian,I,True,,45,False,I,August,Thursday,Senior
477-47-0020,2023-06-15 15:36:00,J,Coey,F,19,Asian,J,True,,39,False,J,June,Thursday,Adult
875-57-2036,2024-07-20 13:34:00,K,Raggles,F,3,Asian,K,True,,30,False,K,July,Saturday,Child
804-44-8560,2024-01-14 21:59:00,L,Capitano,F,74,Asian,L,True,,59,False,L,January,Sunday,Senior
206-57-6026,2023-07-05 06:02:00,N,Clopton,F,59,Asian,N,True,,19,True,N,July,Wednesday,Adult
795-71-6463,2024-06-22 23:34:00,P,McCarty,F,12,Asian,P,True,,56,False,P,June,Saturday,Child
832-72-0329,2024-01-18 02:20:00,Q,Lethbury,F,25,Asian,Q,True,,44,False,Q,January,Thursday,Adult
840-62-1287,2023-11-17 22:17:00,Q,Marrow,F,72,Asian,Q,True,,55,False,Q,November,Friday,Senior
219-04-6134,2023-06-17 14:54:00,R,Govier,F,45,Asian,R,True,,29,False,R,June,Saturday,Adult
539-97-0120,2024-02-14 08:22:00,R,Ducker,F,25,Asian,R,True,,52,False,R,February,Wednesday,Adult
552-28-2494,2024-06-18 07:13:00,T,Hanes,F,54,Asian,T,True,,23,False,T,June,Tuesday,Adult
541-22-8120,2024-01-03 19:44:00,T,Shreeves,F,53,Asian,T,True,,48,False,T,January,Wednesday,Adult
216-38-8198,2023-10-22 14:23:00,X,Coad,F,41,Asian,X,True,,19,False,X,October,Sunday,Adult
595-81-5298,2023-04-21 06:43:00,Y,Fantham,F,38,Asian,Y,True,,33,False,Y,April,Friday,Adult
374-27-4733,2024-02-15 09:33:00,H,Gaudon,F,47,Asian,H,True,0.0,24,False,H,February,Thursday,Adult
579-47-5526,2023-12-10 05:09:00,T,Lahrs,F,56,Asian,T,True,2.0,16,False,T,December,Sunday,Adult
470-65-1385,2024-06-14 18:44:00,T,Davidowsky,F,56,Asian,T,True,3.0,45,False,T,June,Friday,Adult
156-38-9827,2023-06-09 12:57:00,L,Chapellow,F,76,Asian,L,True,4.0,60,False,L,June,Friday,Senior
764-90-1391,2023-08-06 20:54:00,X,Casbolt,F,68,Asian,X,True,9.0,11,False,X,August,Sunday,Senior
507-76-1018,2024-02-03 23:03:00,C,Ezzy,F,34,Asian,C,True,,30,False,C,February,Saturday,Adult
551-55-2010,2024-04-16 15:18:00,E,Hazell,F,21,Asian,E,True,,47,False,E,April,Tuesday,Adult
187-39-7367,2024-01-15 02:56:00,G,Hankard,F,10,Asian,G,True,,48,False,G,January,Monday,Child
663-65-5691,2023-11-13 18:32:00,H,Baumann,F,19,Asian,H,True,,20,False,H,November,Monday,Adult
733-13-6784,2023-07-14 12:45:00,J,Eglese,F,22,Asian,J,True,,14,False,J,July,Friday,Adult
123-18-3686,2024-03-29 13:31:00,J,Orneblow,F,74,Asian,J,True,,33,False,J,March,Friday,Senior
323-05-5893,2023-09-24 13:44:00,S,Plumm,F,77,Asian,S,True,,58,False,S,September,Sunday,Senior
207-58-3631,2024-06-28 15:10:00,W,MacElharge,F,1,Asian,W,True,,32,False,W,June,Friday,Child
317-66-7650,2023-05-16 07:38:00,Y,Pettyfer,F,70,Asian,Y,True,,11,True,Y,May,Tuesday,Senior
334-60-2957,2023-05-20 05:07:00,X,Millichip,F,56,Asian,X,True,0.0,50,True,X,May,Saturday,Adult
691-60-9872,2024-05-30 03:36:00,A,D'orsay,F,59,Asian,A,True,8.0,46,False,A,May,Thursday,Adult
515-56-0003,2024-03-22 21:49:00,P,Fluin,F,37,Asian,P,True,8.0,41,False,P,March,Friday,Adult
792-98-0919,2024-03-08 04:00:00,K,Thompson,F,19,Asian,K,True,9.0,56,False,K,March,Friday,Adult
722-74-4559,2024-10-20 09:50:00,S,Bortolutti,F,77,Asian,S,True,10.0,42,False,S,October,Sunday,Senior
818-20-9986,2023-10-09 03:24:00,B,Emanuele,F,30,Asian,B,True,,10,False,B,October,Monday,Adult
645-18-1740,2023-12-18 15:02:00,I,Kopmann,F,24,Asian,I,True,,37,False,I,December,Monday,Adult
765-53-4095,2024-08-01 17:36:00,B,Santostefano.,F,28,Declined to Identify,B,True,,18,False,B,August,Thursday,Adult
884-30-0023,2024-10-06 13:30:00,C,Rechert,F,58,Declined to Identify,C,True,,35,False,C,October,Sunday,Adult
212-43-9461,2024-04-19 08:15:00,L,Pichmann,F,39,Declined to Identify,L,True,,13,False,L,April,Friday,Adult
699-78-0927,2023-09-27 12:16:00,W,Hyndson,F,19,Declined to Identify,W,True,,30,False,W,September,Wednesday,Adult
373-56-3448,2024-08-16 07:20:00,W,Hrachovec,F,29,Declined to Identify,W,True,,39,False,W,August,Friday,Adult
856-96-4267,2024-05-02 07:41:00,B,Ashpital,F,32,Declined to Identify,B,True,1.0,11,False,B,May,Thursday,Adult
208-45-8047,2023-11-11 08:37:00,A,Pickton,F,37,Declined to Identify,A,True,,57,False,A,November,Saturday,Adult
282-04-2756,2024-08-24 12:36:00,N,Matissoff,F,50,Declined to Identify,N,True,,42,False,N,August,Saturday,Adult
658-57-9431,2024-08-27 09:29:00,N,Yegoshin,F,51,Declined to Identify,N,True,,60,False,N,August,Tuesday,Adult
321-57-9470,2024-08-24 16:17:00,Q,Micheau,F,2,Declined to Identify,Q,True,,15,False,Q,August,Saturday,Child
378-01-8926,2024-10-28 01:41:00,U,MacKonochie,F,47,Declined to Identify,U,True,,19,False,U,October,Monday,Adult
722-44-1826,2023-11-26 15:03:00,U,Yateman,F,4,Declined to Identify,U,True,,57,False,U,November,Sunday,Child
711-53-0902,2024-07-23 04:54:00,V,Huckel,F,14,Declined to Identify,V,True,,36,False,V,July,Tuesday,Teen
271-50-1988,2024-12-09 13:20:00,W,Du Plantier,F,65,Declined to Identify,W,True,,11,False,W,December,Monday,Senior
620-37-6376,2023-02-09 04:21:00,Y,Billyard,F,33,Declined to Identify,Y,True,,50,False,Y,February,Thursday,Adult
199-43-4653,2024-06-17 23:04:00,Y,Casley,F,78,Declined to Identify,Y,True,6.0,32,False,Y,June,Monday,Senior
126-63-0154,2023-08-26 05:20:00,B,Tsarovic,F,38,Declined to Identify,B,True,,18,False,B,August,Saturday,Adult
521-23-1966,2023-07-18 18:53:00,C,Bestwick,F,51,Declined to Identify,C,True,,51,False,C,July,Tuesday,Adult
107-06-8299,2023-05-09 06:36:00,D,Jeynes,F,50,Declined to Identify,D,True,,10,False,D,May,Tuesday,Adult
108-70-2706,2024-09-14 10:04:00,D,Demer,F,15,Declined to Identify,D,True,,40,False,D,September,Saturday,Teen
308-72-6633,2023-01-07 12:07:00,E,Tregidga,F,51,Declined to Identify,E,True,,40,False,E,January,Saturday,Adult
324-67-2447,2024-08-24 16:01:00,E,Guillou,F,8,Declined to Identify,E,True,,41,False,E,August,Saturday,Child
409-71-7005,2024-09-15 07:06:00,E,Lamp,F,18,Declined to Identify,E,True,,56,False,E,September,Sunday,Teen
669-90-6148,2024-04-27 11:49:00,F,Bratchell,F,63,Declined to Identify,F,True,,60,False,F,April,Saturday,Senior
778-57-1512,2024-06-19 02:14:00,G,MacCall,F,3,Declined to Identify,G,True,,40,False,G,June,Wednesday,Child
406-76-0752,2024-04-29 04:41:00,G,O'Hederscoll,F,64,Declined to Identify,G,True,,53,False,G,April,Monday,Senior
833-30-3540,2023-06-26 05:23:00,I,Currao,F,66,Declined to Identify,I,True,,43,False,I,June,Monday,Senior
802-23-8575,2024-04-17 04:16:00,J,Leeburne,F,66,Declined to Identify,J,True,,36,False,J,April,Wednesday,Senior
683-70-1477,2023-11-04 13:49:00,J,MacLese,F,51,Declined to Identify,J,True,,53,False,J,November,Saturday,Adult
197-94-1715,2024-04-27 20:13:00,J,Yanne,F,26,Declined to Identify,J,True,,60,False,J,April,Saturday,Adult
214-90-2105,2024-05-27 06:04:00,K,Reeders,F,46,Declined to Identify,K,True,,17,False,K,May,Monday,Adult
403-64-1560,2023-08-29 14:05:00,N,Daubeny,F,26,Declined to Identify,N,True,,18,False,N,August,Tuesday,Adult
566-34-5549,2023-10-28 19:52:00,N,Lamartine,F,51,Declined to Identify,N,True,,55,False,N,October,Saturday,Adult
822-72-9742,2023-05-23 05:36:00,Q,Durdle,F,61,Declined to Identify,Q,True,,21,True,Q,May,Tuesday,Senior
168-12-2195,2024-01-02 06:31:00,Q,Willett,F,48,Declined to Identify,Q,True,,25,False,Q,January,Tuesday,Adult
236-05-7260,2024-08-10 00:30:00,Q,Neicho,F,9,Declined to Identify,Q,True,,49,False,Q,August,Saturday,Child
605-22-9708,2024-05-05 14:12:00,R,Mackilpatrick,F,1,Declined to Identify,R,True,,35,False,R,May,Sunday,Child
506-11-6490,2024-06-18 00:00:00,S,Norwood,F,39,Declined to Identify,S,True,,49,False,S,June,Tuesday,Adult
827-24-1321,2023-11-23 05:50:00,T,Burnel,F,67,Declined to Identify,T,True,,33,False,T,November,Thursday,Senior
424-53-4633,2024-05-24 00:43:00,T,Whithorn,F,46,Declined to Identify,T,True,,34,False,T,May,Friday,Adult
532-03-7351,2023-10-31 11:37:00,U,Giacobillo,F,50,Declined to Identify,U,True,,14,False,U,October,Tuesday,Adult
111-47-3660,2024-12-08 18:52:00,U,Fasham,F,63,Declined to Identify,U,True,,26,False,U,December,Sunday,Senior
860-83-7481,2024-01-26 06:13:00,U,Offener,F,60,Declined to Identify,U,True,,51,False,U,January,Friday,Adult
483-31-5667,2024-04-22 23:23:00,V,Garrand,F,72,Declined to Identify,V,True,,16,False,V,April,Monday,Senior
293-98-5213,2024-03-21 08:17:00,W,Vannar,F,73,Declined to Identify,W,True,,21,False,W,March,Thursday,Senior
609-06-0462,2024-09-21 19:49:00,X,Butlin,F,61,Declined to Identify,X,True,,21,False,X,September,Saturday,Senior
198-75-4129,2024-04-02 00:45:00,X,Pullin,F,52,Declined to Identify,X,True,,52,False,X,April,Tuesday,Adult
102-60-4609,2024-01-17 11:35:00,Y,Rutt,F,52,Declined to Identify,Y,True,,60,False,Y,January,Wednesday,Adult
528-41-4373,2024-05-01 09:12:00,Z,Corcut,F,51,Declined to Identify,Z,True,,16,False,Z,May,Wednesday,Adult
431-96-7393,2024-10-05 10:47:00,Z,Sumbler,F,38,Declined to Identify,Z,True,,59,False,Z,October,Saturday,Adult
394-41-1822,2024-07-20 00:12:00,Q,Enderwick,F,30,Declined to Identify,Q,True,0.0,14,False,Q,July,Saturday,Adult
465-37-0015,2023-11-05 08:01:00,C,Rothery,F,57,Declined to Identify,C,True,1.0,15,True,C,November,Sunday,Adult
459-55-5731,2023-09-18 00:31:00,S,Jeandot,F,11,Declined to Identify,S,True,1.0,40,False,S,September,Monday,Child
888-27-0270,2023-09-22 03:30:00,G,Neild,F,55,Declined to Identify,G,True,2.0,27,False,G,September,Friday,Adult
491-26-4841,2024-08-31 16:03:00,F,O'Scannill,F,24,Declined to Identify,F,True,3.0,53,False,F,August,Saturday,Adult
109-15-0945,2024-01-13 21:44:00,Z,Keddle,F,63,Declined to Identify,Z,True,3.0,13,False,Z,January,Saturday,Senior
102-93-0960,2024-04-28 01:23:00,F,Lyddiard,F,47,Declined to Identify,F,True,5.0,35,False,F,April,Sunday,Adult
736-33-9095,2023-09-20 09:48:00,P,De Leek,F,28,Declined to Identify,P,True,5.0,25,False,P,September,Wednesday,Adult
389-53-1872,2024-05-09 17:26:00,Z,Gockelen,F,68,Declined to Identify,Z,True,5.0,38,False,Z,May,Thursday,Senior
535-23-2938,2024-10-08 07:40:00,O,Scarfe,F,75,Declined to Identify,O,True,6.0,59,False,O,October,Tuesday,Senior
828-32-9719,2024-07-17 10:32:00,G,Linch,F,2,Declined to Identify,G,True,7.0,17,False,G,July,Wednesday,Child
270-31-5063,2023-05-23 04:39:00,G,Saltsberg,F,61,Declined to Identify,G,True,10.0,59,True,G,May,Tuesday,Senior
707-07-4757,2023-07-04 03:56:00,G,Whaplington,F,11,Declined to Identify,G,True,,15,False,G,July,Tuesday,Child
875-16-4799,2023-12-08 17:53:00,L,Byart,F,73,Declined to Identify,L,True,,16,False,L,December,Friday,Senior
617-05-4834,2024-01-29 18:22:00,L,Chalfont,F,16,Declined to Identify,L,True,,30,False,L,January,Monday,Teen
734-07-6364,2023-04-26 07:01:00,O,Fridaye,F,16,Declined to Identify,O,True,,38,False,O,April,Wednesday,Teen
592-60-7210,2024-08-24 02:24:00,Y,Carik,F,29,Declined to Identify,Y,True,,32,False,Y,August,Saturday,Adult
414-85-6039,2024-04-22 10:53:00,Y,Nestle,F,30,Declined to Identify,Y,True,,48,False,Y,April,Monday,Adult
381-26-1729,2024-03-04 13:19:00,U,Sagg,F,25,Declined to Identify,U,True,6.0,52,False,U,March,Monday,Adult
879-45-1427,2023-11-20 01:50:00,A,Hastin,F,35,Declined to Identify,A,True,,13,False,A,November,Monday,Adult
271-06-3676,2024-11-05 09:28:00,A,Reisen,F,32,Declined to Identify,A,True,,18,False,A,November,Tuesday,Adult
853-23-2745,2023-02-06 16:08:00,A,Riding,F,47,Declined to Identify,A,True,,23,False,A,February,Monday,Adult
688-36-6207,2023-05-05 05:48:00,A,Biggadyke,F,23,Declined to Identify,A,True,,30,True,A,May,Friday,Adult
405-16-6690,2024-01-04 03:36:00,A,Russam,F,21,Declined to Identify,A,True,,40,False,A,January,Thursday,Adult
754-26-1685,2023-11-05 18:00:00,A,Reckless,F,45,Declined to Identify,A,True,,57,True,A,November,Sunday,Adult
657-55-2240,2024-08-26 03:20:00,B,Edelston,F,65,Declined to Identify,B,True,,20,False,B,August,Monday,Senior
238-32-7536,2024-01-30 19:17:00,B,Draude,F,57,Declined to Identify,B,True,,23,False,B,January,Tuesday,Adult
137-38-3833,2023-07-14 17:24:00,C,Faley,F,6,Declined to Identify,C,True,,35,False,C,July,Friday,Child
150-61-5269,2024-01-31 01:25:00,C,Amery,F,41,Declined to Identify,C,True,,46,False,C,January,Wednesday,Adult
696-37-8120,2023-05-19 10:24:00,C,Mattheeuw,F,74,Declined to Identify,C,True,,53,True,C,May,Friday,Senior
123-91-6253,2024-07-17 00:56:00,D,Cornewall,F,57,Declined to Identify,D,True,,26,False,D,July,Wednesday,Adult
836-11-8759,2023-12-13 07:25:00,D,Sommer,F,32,Declined to Identify,D,True,,27,False,D,December,Wednesday,Adult
345-53-1572,2024-02-08 02:14:00,D,Pippard,F,24,Declined to Identify,D,True,,34,False,D,February,Thursday,Adult
173-60-7745,2024-04-29 19:35:00,D,MacInerney,F,21,Declined to Identify,D,True,,36,False,D,April,Monday,Adult
879-42-2067,2024-03-13 09:42:00,E,Ridpath,F,45,Declined to Identify,E,True,,26,False,E,March,Wednesday,Adult
287-36-4022,2024-01-15 04:48:00,E,Fisbburne,F,12,Declined to Identify,E,True,,43,False,E,January,Monday,Child
115-73-0605,2023-08-14 19:00:00,F,Oliver-Paull,F,28,Declined to Identify,F,True,,57,False,F,August,Monday,Adult
158-48-9575,2023-10-21 02:04:00,F,Cirlos,F,8,Declined to Identify,F,True,,58,False,F,October,Saturday,Child
237-06-2675,2024-09-14 07:33:00,G,Kristof,F,75,Declined to Identify,G,True,,44,False,G,September,Saturday,Senior
156-47-1692,2024-05-04 07:12:00,G,Branton,F,33,Declined to Identify,G,True,,47,False,G,May,Saturday,Adult
146-06-4600,2023-03-06 02:15:00,G,Gilfether,F,31,Declined to Identify,G,True,,52,False,G,March,Monday,Adult
299-82-6754,2024-04-01 06:34:00,H,Hannon,F,9,Declined to Identify,H,True,,30,False,H,April,Monday,Child
899-54-0115,2024-08-30 07:11:00,H,Bolf,F,43,Declined to Identify,H,True,,43,False,H,August,Friday,Adult
625-44-0923,2023-09-10 08:21:00,H,Price,F,41,Declined to Identify,H,True,,48,False,H,September,Sunday,Adult
581-87-1825,2024-06-19 15:26:00,H,Benstead,F,52,Declined to Identify,H,True,,55,False,H,June,Wednesday,Adult
886-97-8272,2024-01-23 10:05:00,I,Skittles,F,67,Declined to Identify,I,True,,15,False,I,January,Tuesday,Senior
267-79-9141,2023-07-30 09:45:00,I,Davitti,F,57,Declined to Identify,I,True,,31,False,I,July,Sunday,Adult
466-85-7293,2024-04-24 21:45:00,J,Marchelli,F,68,Declined to Identify,J,True,,47,False,J,April,Wednesday,Senior
546-81-6118,2024-04-19 02:23:00,K,Prickett,F,39,Declined to Identify,K,True,,14,False,K,April,Friday,Adult
130-75-0192,2023-06-25 14:23:00,K,Dutch,F,2,Declined to Identify,K,True,,25,False,K,June,Sunday,Child
607-83-7802,2024-03-05 22:56:00,K,Coumbe,F,26,Declined to Identify,K,True,,42,False,K,March,Tuesday,Adult
727-69-3613,2023-06-11 01:52:00,K,Urion,F,76,Declined to Identify,K,True,,50,False,K,June,Sunday,Senior
696-09-2882,2024-12-05 18:27:00,K,Burl,F,64,Declined to Identify,K,True,,58,False,K,December,Thursday,Senior
136-49-5712,2024-09-02 02:23:00,L,Mixworthy,F,22,Declined to Identify,L,True,,22,False,L,September,Monday,Adult
562-49-3994,2024-09-20 20:50:00,L,Fryman,F,32,Declined to Identify,L,True,,23,False,L,September,Friday,Adult
877-36-1240,2024-04-20 22:42:00,L,Shulver,F,4,Declined to Identify,L,True,,45,False,L,April,Saturday,Child
132-29-2684,2024-03-22 20:17:00,L,Bondar,F,8,Declined to Identify,L,True,,48,False,L,March,Friday,Child
627-82-2159,2024-02-28 02:27:00,L,Maus,F,15,Declined to Identify,L,True,,54,False,L,February,Wednesday,Teen
388-76-9438,2024-07-03 14:42:00,L,Andreix,F,4,Declined to Identify,L,True,,56,False,L,July,Wednesday,Child
344-83-4015,2023-02-09 07:15:00,M,Cantu,F,2,Declined to Identify,M,True,,27,False,M,February,Thursday,Child
864-76-8775,2023-06-26 04:35:00,M,Brailey,F,37,Declined to Identify,M,True,,32,False,M,June,Monday,Adult
698-75-1885,2023-07-25 04:15:00,M,Tippler,F,76,Declined to Identify,M,True,,53,False,M,July,Tuesday,Senior
596-83-3465,2024-10-03 19:34:00,N,Boothe,F,77,Declined to Identify,N,True,,34,False,N,October,Thursday,Senior
883-95-6206,2024-03-05 08:42:00,N,Whooley,F,54,Declined to Identify,N,True,,42,False,N,March,Tuesday,Adult
279-68-0582,2024-06-04 19:52:00,N,Bernetti,F,28,Declined to Identify,N,True,,57,False,N,June,Tuesday,Adult
814-79-4525,2024-09-07 17:51:00,O,Seago,F,41,Declined to Identify,O,True,,36,False,O,September,Saturday,Adult
777-40-5097,2024-05-19 12:09:00,O,Pancoast,F,40,Declined to Identify,O,True,,49,False,O,May,Sunday,Adult
157-86-4961,2024-08-13 16:18:00,P,Stodd,F,19,Declined to Identify,P,True,,27,False,P,August,Tuesday,Adult
580-36-1803,2023-07-18 13:08:00,P,Wride,F,3,Declined to Identify,P,True,,33,False,P,July,Tuesday,Child
422-91-7695,2024-04-21 17:17:00,P,Tregunnah,F,25,Declined to Identify,P,True,,36,False,P,April,Sunday,Adult
562-43-5030,2024-07-21 01:56:00,P,Huey,F,5,Declined to Identify,P,True,,38,False,P,July,Sunday,Child
289-52-5345,2024-09-07 09:10:00,P,Schollar,F,23,Declined to Identify,P,True,,43,False,P,September,Saturday,Adult
458-83-6410,2024-10-03 13:21:00,Q,Cajkler,F,10,Declined to Identify,Q,True,,35,False,Q,October,Thursday,Child
422-40-6058,2024-11-04 06:43:00,R,Hele,F,38,Declined to Identify,R,True,,19,False,R,November,Monday,Adult
595-35-5840,2023-09-24 18:52:00,R,Siley,F,26,Declined to Identify,R,True,,27,False,R,September,Sunday,Adult
585-53-3267,2024-09-19 23:50:00,R,Alpine,F,5,Declined to Identify,R,True,,31,False,R,September,Thursday,Child
227-96-1846,2024-02-21 15:36:00,R,Keeri,F,49,Declined to Identify,R,True,,34,False,R,February,Wednesday,Adult
707-84-6922,2023-07-11 09:07:00,R,Wedon,F,7,Declined to Identify,R,True,,42,False,R,July,Tuesday,Child
181-11-9701,2023-07-22 00:04:00,R,Wetwood,F,79,Declined to Identify,R,True,,44,False,R,July,Saturday,Senior
427-21-9330,2023-10-05 09:31:00,R,Peasgood,F,71,Declined to Identify,R,True,,46,True,R,October,Thursday,Senior
194-12-1935,2024-10-30 05:23:00,R,Woodgate,F,48,Declined to Identify,R,True,,47,False,R,October,Wednesday,Adult
467-31-2192,2024-07-07 17:16:00,S,Meechan,F,58,Declined to Identify,S,True,,16,False,S,July,Sunday,Adult
226-06-4231,2023-10-08 01:05:00,S,Brownsall,F,26,Declined to Identify,S,True,,31,False,S,October,Sunday,Adult
277-71-3106,2023-09-26 19:34:00,S,Lampard,F,6,Declined to Identify,S,True,,32,False,S,September,Tuesday,Child
789-64-5001,2024-07-08 11:35:00,S,Craigmyle,F,16,Declined to Identify,S,True,,47,False,S,July,Monday,Teen
345-64-5043,2024-04-30 16:22:00,S,Gunner,F,45,Declined to Identify,S,True,,56,False,S,April,Tuesday,Adult
563-25-3708,2023-09-05 05:34:00,T,Fransinelli,F,50,Declined to Identify,T,True,,14,True,T,September,Tuesday,Adult
698-41-1781,2024-05-15 22:12:00,T,Horrigan,F,35,Declined to Identify,T,True,,38,False,T,May,Wednesday,Adult
156-56-1378,2024-07-17 13:42:00,T,Swidenbank,F,54,Declined to Identify,T,True,,56,False,T,July,Wednesday,Adult
878-75-0356,2024-12-05 06:14:00,T,Barber,F,49,Declined to Identify,T,True,,59,False,T,December,Thursday,Adult
716-73-0115,2023-11-07 00:02:00,U,Lillecrop,F,32,Declined to Identify,U,True,,29,False,U,November,Tuesday,Adult
123-43-4428,2024-09-13 14:47:00,U,MacDowall,F,69,Declined to Identify,U,True,,33,False,U,September,Friday,Senior
576-10-7587,2023-07-18 09:14:00,U,Wilsee,F,56,Declined to Identify,U,True,,51,False,U,July,Tuesday,Adult
706-06-5485,2023-03-05 22:00:00,U,Dyka,F,48,Declined to Identify,U,True,,53,True,U,March,Sunday,Adult
495-98-0302,2024-06-24 17:13:00,V,Neumann,F,62,Declined to Identify,V,True,,48,False,V,June,Monday,Senior
656-96-8620,2023-08-22 03:53:00,W,Chetwin,F,18,Declined to Identify,W,True,,10,False,W,August,Tuesday,Teen
468-99-2447,2024-03-08 01:33:00,W,Galea,F,66,Declined to Identify,W,True,,11,False,W,March,Friday,Senior
567-46-9140,2023-09-08 05:41:00,W,Kirmond,F,39,Declined to Identify,W,True,,23,False,W,September,Friday,Adult
811-37-2655,2024-08-16 16:29:00,W,Stockford,F,2,Declined to Identify,W,True,,33,False,W,August,Friday,Child
197-38-3949,2024-10-13 00:58:00,W,Sertin,F,6,Declined to Identify,W,True,,38,False,W,October,Sunday,Child
624-34-1229,2024-12-09 18:25:00,W,Carlon,F,50,Declined to Identify,W,True,,41,False,W,December,Monday,Adult
292-42-3785,2023-06-24 11:41:00,W,Wannop,F,8,Declined to Identify,W,True,,42,False,W,June,Saturday,Child
686-65-2784,2024-02-05 13:04:00,W,Scriver,F,25,Declined to Identify,W,True,,42,False,W,February,Monday,Adult
691-55-9602,2024-02-03 23:23:00,W,Besson,F,34,Declined to Identify,W,True,,48,False,W,February,Saturday,Adult
659-83-0379,2024-10-25 15:32:00,X,Merman,F,67,Declined to Identify,X,True,,11,False,X,October,Friday,Senior
246-70-9180,2024-08-03 07:47:00,X,Chismon,F,74,Declined to Identify,X,True,,16,False,X,August,Saturday,Senior
800-71-0609,2024-09-09 00:57:00,X,McCart,F,1,Declined to Identify,X,True,,17,False,X,September,Monday,Child
142-71-5420,2024-05-18 06:26:00,X,Logue,F,69,Declined to Identify,X,True,,17,False,X,May,Saturday,Senior
443-42-3313,2023-05-24 07:25:00,X,Peron,F,77,Declined to Identify,X,True,,20,True,X,May,Wednesday,Senior
797-71-8189,2024-01-20 13:37:00,X,Graalmans,F,55,Declined to Identify,X,True,,29,False,X,January,Saturday,Adult
769-41-8217,2024-10-19 02:18:00,X,Gentzsch,F,55,Declined to Identify,X,True,,58,False,X,October,Saturday,Adult
282-74-9638,2024-08-17 12:21:00,Y,Mc Caughen,F,73,Declined to Identify,Y,True,,37,False,Y,August,Saturday,Senior
450-86-4624,2024-03-25 06:07:00,Y,Barthorpe,F,26,Declined to Identify,Y,True,,39,False,Y,March,Monday,Adult
878-80-5617,2023-08-06 15:57:00,Y,Coare,F,35,Declined to Identify,Y,True,,53,False,Y,August,Sunday,Adult
727-39-2144,2024-08-18 06:47:00,Z,Robillart,F,5,Declined to Identify,Z,True,,24,False,Z,August,Sunday,Child
429-56-5566,2024-08-19 01:20:00,Z,Groundwator,F,70,Declined to Identify,Z,True,,27,False,Z,August,Monday,Senior
589-31-7830,2024-05-04 16:36:00,Z,Llewellyn,F,69,Declined to Identify,Z,True,,32,False,Z,May,Saturday,Senior
895-22-2501,2024-08-21 15:06:00,Z,Bleasdille,F,20,Declined to Identify,Z,True,,41,False,Z,August,Wednesday,Adult
414-62-2209,2024-04-25 14:02:00,M,Landor,F,17,Declined to Identify,M,True,0.0,21,False,M,April,Thursday,Teen
100-74-5636,2024-08-13 06:07:00,A,Warwicker,F,47,Declined to Identify,A,True,1.0,25,False,A,August,Tuesday,Adult
407-03-6416,2023-10-22 00:33:00,C,Linck,F,66,Declined to Identify,C,True,1.0,56,False,C,October,Sunday,Senior
108-82-5384,2024-09-23 18:25:00,H,Rodie,F,79,Declined to Identify,H,True,1.0,56,False,H,September,Monday,Senior
744-41-8368,2024-02-23 18:53:00,L,Dobing,F,46,Declined to Identify,L,True,1.0,51,False,L,February,Friday,Adult
891-38-4475,2023-01-11 08:04:00,B,Heymann,F,77,Declined to Identify,B,True,3.0,10,False,B,January,Wednesday,Senior
771-06-1894,2023-10-25 18:31:00,D,Blind,F,39,Declined to Identify,D,True,3.0,20,False,D,October,Wednesday,Adult
745-50-8958,2024-10-03 13:51:00,I,Longhurst,F,53,Declined to Identify,I,True,3.0,42,False,I,October,Thursday,Adult
217-91-6642,2024-12-07 19:33:00,C,Chevins,F,48,Declined to Identify,C,True,4.0,42,False,C,December,Saturday,Adult
625-87-2048,2024-10-16 06:23:00,E,Eland,F,52,Declined to Identify,E,True,4.0,20,False,E,October,Wednesday,Adult
432-30-2709,2023-08-18 09:39:00,N,Darte,F,69,Declined to Identify,N,True,4.0,41,False,N,August,Friday,Senior
199-31-7512,2024-05-30 23:51:00,P,Razzell,F,15,Declined to Identify,P,True,4.0,15,False,P,May,Thursday,Teen
553-38-9596,2024-03-23 09:45:00,T,Rojel,F,27,Declined to Identify,T,True,4.0,18,False,T,March,Saturday,Adult
272-79-6573,2024-09-27 12:50:00,W,Lake,F,38,Declined to Identify,W,True,4.0,19,False,W,September,Friday,Adult
734-87-7467,2023-09-25 06:59:00,Z,McKeller,F,19,Declined to Identify,Z,True,4.0,56,False,Z,September,Monday,Adult
754-18-8812,2024-08-20 10:31:00,A,Cusack,F,22,Declined to Identify,A,True,5.0,31,False,A,August,Tuesday,Adult
427-84-2175,2024-06-16 00:33:00,D,Palmar,F,10,Declined to Identify,D,True,5.0,41,False,D,June,Sunday,Child
183-30-4656,2024-12-10 23:20:00,M,Venes,F,35,Declined to Identify,M,True,5.0,52,False,M,December,Tuesday,Adult
678-92-7542,2023-06-17 02:55:00,Z,Lettuce,F,79,Declined to Identify,Z,True,5.0,27,False,Z,June,Saturday,Senior
163-38-0459,2023-07-19 15:50:00,N,Lisamore,F,28,Declined to Identify,N,True,6.0,48,False,N,July,Wednesday,Adult
809-12-5668,2024-03-21 17:13:00,P,Qusklay,F,13,Declined to Identify,P,True,6.0,17,False,P,March,Thursday,Teen
337-26-9688,2024-03-20 05:57:00,S,Eede,F,6,Declined to Identify,S,True,6.0,35,False,S,March,Wednesday,Child
594-82-3015,2024-01-17 10:47:00,U,Fegan,F,63,Declined to Identify,U,True,6.0,27,False,U,January,Wednesday,Senior
787-80-4731,2024-06-04 18:25:00,F,Antonucci,F,4,Declined to Identify,F,True,7.0,42,False,F,June,Tuesday,Child
639-84-8500,2024-04-05 19:51:00,I,Monelle,F,1,Declined to Identify,I,True,7.0,46,False,I,April,Friday,Child
243-48-7191,2023-06-18 23:07:00,L,Brockbank,F,73,Declined to Identify,L,True,7.0,27,False,L,June,Sunday,Senior
294-98-4120,2024-12-09 08:51:00,O,Cultcheth,F,28,Declined to Identify,O,True,7.0,43,False,O,December,Monday,Adult
221-94-0515,2024-01-24 22:57:00,S,Stillman,F,79,Declined to Identify,S,True,7.0,49,False,S,January,Wednesday,Senior
376-35-2661,2023-05-29 19:41:00,Y,Goodhew,F,67,Declined to Identify,Y,True,7.0,16,True,Y,May,Monday,Senior
161-03-2325,2023-01-04 13:31:00,Q,Everson,F,26,Declined to Identify,Q,True,8.0,44,False,Q,January,Wednesday,Adult
154-20-3673,2024-07-02 16:02:00,A,Matchitt,F,38,Declined to Identify,A,True,9.0,23,False,A,July,Tuesday,Adult
496-34-7420,2023-07-30 21:12:00,A,Corbally,F,49,Declined to Identify,A,True,9.0,36,False,A,July,Sunday,Adult
184-24-9099,2024-08-28 03:39:00,D,Burkwood,F,62,Declined to Identify,D,True,9.0,57,False,D,August,Wednesday,Senior
789-21-6607,2024-08-05 15:53:00,I,Moulster,F,13,Declined to Identify,I,True,10.0,18,False,I,August,Monday,Teen
281-43-0611,2023-04-27 14:35:00,V,Barthelme,F,48,Declined to Identify,V,True,10.0,21,False,V,April,Thursday,Adult
664-85-2224,2024-01-13 01:28:00,A,Shovell,F,5,Declined to Identify,A,True,,30,False,A,January,Saturday,Child
413-42-2249,2023-08-04 17:06:00,C,Fruser,F,1,Declined to Identify,C,True,,50,False,C,August,Friday,Child
785-37-4017,2024-01-21 15:53:00,E,McCunn,F,31,Declined to Identify,E,True,,22,False,E,January,Sunday,Adult
204-57-1964,2023-06-05 13:25:00,H,Le Bosse,F,52,Declined to Identify,H,True,,11,True,H,June,Monday,Adult
286-31-5737,2024-06-04 10:22:00,J,Louder,F,34,Declined to Identify,J,True,,50,False,J,June,Tuesday,Adult
398-76-7789,2024-02-08 00:06:00,K,Putt,F,50,Declined to Identify,K,True,,26,False,K,February,Thursday,Adult
848-11-1990,2023-03-10 12:48:00,L,Pacht,F,27,Declined to Identify,L,True,,25,False,L,March,Friday,Adult
347-50-6945,2023-08-26 14:41:00,N,Schustl,F,56,Declined to Identify,N,True,,13,False,N,August,Saturday,Adult
757-22-3933,2024-01-18 11:38:00,O,Gosden,F,22,Declined to Identify,O,True,,25,False,O,January,Thursday,Adult
754-84-7965,2023-08-21 23:16:00,O,Von Brook,F,5,Declined to Identify,O,True,,33,False,O,August,Monday,Child
656-57-4812,2024-07-29 13:55:00,R,Lowing,F,74,Declined to Identify,R,True,,49,False,R,July,Monday,Senior
143-15-8333,2023-01-12 03:11:00,S,Merle,F,12,Declined to Identify,S,True,,35,False,S,January,Thursday,Child
480-22-9841,2024-09-23 18:59:00,U,Wrefford,F,37,Declined to Identify,U,True,,59,False,U,September,Monday,Adult
763-35-7575,2024-07-16 02:15:00,V,Snarie,F,78,Declined to Identify,V,True,,51,False,V,July,Tuesday,Senior
570-93-0122,2023-01-04 22:29:00,X,Olech,F,43,Declined to Identify,X,True,,47,False,X,January,Wednesday,Adult
727-48-0641,2023-08-06 20:33:00,Y,Sheardown,F,41,Declined to Identify,Y,True,,35,False,Y,August,Sunday,Adult
605-02-4485,2024-06-09 10:01:00,Z,Elam,F,38,Declined to Identify,Z,True,,21,False,Z,June,Sunday,Adult
521-01-3986,2024-03-06 04:29:00,N,Stych,F,12,Declined to Identify,N,True,0.0,57,False,N,March,Wednesday,Child
636-37-2797,2024-10-10 11:44:00,A,Isenor,F,16,Declined to Identify,A,True,,14,False,A,October,Thursday,Teen
409-49-9794,2024-06-17 23:44:00,B,Humerstone,F,26,Declined to Identify,B,True,,17,False,B,June,Monday,Adult
426-46-7370,2023-10-28 06:51:00,F,Misselbrook,F,62,Declined to Identify,F,True,,23,False,F,October,Saturday,Senior
107-37-1769,2024-04-09 06:07:00,H,Correa,F,66,Declined to Identify,H,True,,40,False,H,April,Tuesday,Senior
642-24-9833,2024-04-24 11:25:00,J,Muttitt,F,4,Declined to Identify,J,True,,22,False,J,April,Wednesday,Child
557-22-1939,2024-05-10 19:15:00,J,Derricoat,F,7,Declined to Identify,J,True,,37,False,J,May,Friday,Child
810-50-5131,2023-09-16 06:25:00,J,Batstone,F,56,Declined to Identify,J,True,,55,False,J,September,Saturday,Adult
340-53-3945,2024-04-23 03:51:00,Q,Achurch,F,53,Declined to Identify,Q,True,,20,False,Q,April,Tuesday,Adult
217-67-7835,2024-02-05 00:11:00,U,Stovell,F,57,Declined to Identify,U,True,,28,False,U,February,Monday,Adult
630-50-3515,2023-09-04 01:00:00,K,Collett,F,48,Declined to Identify,K,True,4.0,60,False,K,September,Monday,Adult
576-53-4816,2023-09-05 11:08:00,C,Warder,F,7,Declined to Identify,C,True,6.0,37,True,C,September,Tuesday,Child
269-69-8639,2024-09-19 10:49:00,O,Rochester,F,55,Declined to Identify,O,True,,18,False,O,September,Thursday,Adult
699-27-8178,2024-06-22 06:07:00,E,Ascraft,F,34,Declined to Identify,E,True,5.0,50,False,E,June,Saturday,Adult
385-35-4502,2024-10-05 05:46:00,F,Tarney,F,54,Native American/Alaska Native,F,True,,21,False,F,October,Saturday,Adult
382-93-4355,2024-03-15 09:43:00,L,Beechcraft,F,62,Native American/Alaska Native,L,True,,32,False,L,March,Friday,Senior
872-24-6667,2023-04-21 19:43:00,O,Tippings,F,70,Native American/Alaska Native,O,True,,50,False,O,April,Friday,Senior
671-07-3129,2024-06-17 17:57:00,R,Dumbrill,F,59,Native American/Alaska Native,R,True,,42,False,R,June,Monday,Adult
661-65-1950,2023-04-15 23:38:00,X,Belin,F,44,Native American/Alaska Native,X,True,,18,False,X,April,Saturday,Adult
515-13-6589,2024-01-28 17:04:00,A,McCree,F,6,Native American/Alaska Native,A,True,,22,False,A,January,Sunday,Child
238-90-8285,2024-01-08 20:05:00,C,Quodling,F,39,Native American/Alaska Native,C,True,,15,False,C,January,Monday,Adult
416-07-7616,2024-03-24 20:22:00,I,O'Fihily,F,51,Native American/Alaska Native,I,True,,44,False,I,March,Sunday,Adult
264-67-9050,2023-08-28 18:12:00,J,Grunder,F,58,Native American/Alaska Native,J,True,,42,False,J,August,Monday,Adult
586-64-8784,2023-10-29 12:50:00,O,Maddison,F,56,Native American/Alaska Native,O,True,,60,False,O,October,Sunday,Adult
223-51-4016,2024-05-01 18:28:00,Y,O'Dennehy,F,24,Native American/Alaska Native,Y,True,,27,False,Y,May,Wednesday,Adult
343-81-3023,2024-04-27 08:20:00,A,Ritchman,F,51,Native American/Alaska Native,A,True,,57,False,A,April,Saturday,Adult
604-08-4200,2023-10-12 07:19:00,C,McChesney,F,2,Native American/Alaska Native,C,True,,20,False,C,October,Thursday,Child
241-88-5414,2023-05-30 06:57:00,D,Keeton,F,20,Native American/Alaska Native,D,True,,16,True,D,May,Tuesday,Adult
154-02-3266,2024-01-19 22:49:00,E,Behne,F,64,Native American/Alaska Native,E,True,,47,False,E,January,Friday,Senior
716-21-5059,2023-05-05 00:52:00,F,Dosdale,F,42,Native American/Alaska Native,F,True,,11,True,F,May,Friday,Adult
881-12-0948,2024-07-22 03:57:00,G,Helmke,F,64,Native American/Alaska Native,G,True,,22,False,G,July,Monday,Senior
818-44-0174,2023-11-15 20:35:00,G,McPeice,F,38,Native American/Alaska Native,G,True,,25,False,G,November,Wednesday,Adult
596-30-2000,2023-10-31 11:04:00,H,Hoyte,F,17,Native American/Alaska Native,H,True,,40,False,H,October,Tuesday,Teen
550-87-6540,2023-09-22 19:42:00,H,Stooders,F,12,Native American/Alaska Native,H,True,,53,False,H,September,Friday,Child
729-96-4169,2024-09-29 02:35:00,I,Di Bernardo,F,9,Native American/Alaska Native,I,True,,51,False,I,September,Sunday,Child
415-42-6730,2024-10-19 16:42:00,K,Pastor,F,12,Native American/Alaska Native,K,True,,26,False,K,October,Saturday,Child
773-78-9065,2024-04-22 19:35:00,M,Getcliffe,F,18,Native American/Alaska Native,M,True,,12,False,M,April,Monday,Teen
201-24-7259,2023-02-10 22:45:00,M,Ambrosini,F,70,Native American/Alaska Native,M,True,,25,False,M,February,Friday,Senior
688-37-3649,2024-10-23 15:45:00,M,Walby,F,6,Native American/Alaska Native,M,True,,27,False,M,October,Wednesday,Child
567-43-8959,2023-05-30 08:38:00,M,Barrington,F,18,Native American/Alaska Native,M,True,,48,True,M,May,Tuesday,Teen
753-46-2250,2024-05-26 07:43:00,O,Carpe,F,38,Native American/Alaska Native,O,True,,44,False,O,May,Sunday,Adult
765-73-7914,2023-04-18 06:26:00,P,Senior,F,68,Native American/Alaska Native,P,True,,49,False,P,April,Tuesday,Senior
762-53-4550,2023-07-16 00:12:00,Q,Farrens,F,21,Native American/Alaska Native,Q,True,,14,False,Q,July,Sunday,Adult
541-67-3152,2023-08-06 21:29:00,T,Gogin,F,73,Native American/Alaska Native,T,True,,35,False,T,August,Sunday,Senior
326-28-5845,2024-05-29 12:18:00,U,Feely,F,49,Native American/Alaska Native,U,True,,22,False,U,May,Wednesday,Adult
791-12-6278,2024-02-13 13:49:00,W,Sharvell,F,35,Native American/Alaska Native,W,True,,33,False,W,February,Tuesday,Adult
823-23-8979,2023-09-05 16:20:00,W,Shank,F,54,Native American/Alaska Native,W,True,,43,True,W,September,Tuesday,Adult
208-30-8894,2024-10-06 02:36:00,Y,Quiddinton,F,59,Native American/Alaska Native,Y,True,,43,False,Y,October,Sunday,Adult
510-65-2769,2023-10-30 15:50:00,Z,Pont,F,44,Native American/Alaska Native,Z,True,,20,False,Z,October,Monday,Adult
239-92-6784,2024-03-18 04:30:00,Z,Cousins,F,13,Native American/Alaska Native,Z,True,,45,False,Z,March,Monday,Teen
507-76-1618,2023-10-20 13:53:00,C,Houdhury,F,8,Native American/Alaska Native,C,True,2.0,16,False,C,October,Friday,Child
186-99-9670,2023-09-25 00:36:00,F,De Wolfe,F,21,Native American/Alaska Native,F,True,5.0,43,False,F,September,Monday,Adult
832-05-2705,2023-06-06 18:32:00,K,O' Faherty,F,72,Native American/Alaska Native,K,True,6.0,24,False,K,June,Tuesday,Senior
862-69-3765,2023-09-18 13:21:00,N,Sumers,F,17,Native American/Alaska Native,N,True,7.0,10,False,N,September,Monday,Teen
209-42-5594,2024-08-03 18:31:00,G,Prendergrass,F,3,Native American/Alaska Native,G,True,8.0,26,False,G,August,Saturday,Child
270-73-7146,2024-10-23 11:06:00,Q,Pendre,F,25,Native American/Alaska Native,Q,True,8.0,31,False,Q,October,Wednesday,Adult
440-26-9007,2024-10-05 02:30:00,D,Halms,F,22,Native American/Alaska Native,D,True,10.0,43,False,D,October,Saturday,Adult
586-51-5316,2023-01-12 18:21:00,I,Imason,F,59,Native American/Alaska Native,I,True,,24,False,I,January,Thursday,Adult
870-81-1512,2023-04-30 12:38:00,K,Massard,F,56,Native American/Alaska Native,K,True,,46,False,K,April,Sunday,Adult
854-90-8395,2023-12-04 22:55:00,P,Gossop,F,69,Native American/Alaska Native,P,True,,53,False,P,December,Monday,Senior
245-53-1118,2024-06-30 20:24:00,V,Adaway,F,57,Native American/Alaska Native,V,True,,44,False,V,June,Sunday,Adult
488-25-0630,2023-07-28 18:20:00,C,O'Hickey,F,73,Native American/Alaska Native,C,True,,18,False,C,July,Friday,Senior
381-04-1367,2023-12-27 17:48:00,C,Corrao,F,1,Native American/Alaska Native,C,True,,31,False,C,December,Wednesday,Child
589-42-6404,2023-05-27 00:40:00,C,Kilmary,F,42,Native American/Alaska Native,C,True,,44,True,C,May,Saturday,Adult
483-12-3614,2024-03-13 05:14:00,D,Duggen,F,55,Native American/Alaska Native,D,True,,47,False,D,March,Wednesday,Adult
388-92-5029,2023-03-05 00:33:00,D,Titterell,F,15,Native American/Alaska Native,D,True,,49,True,D,March,Sunday,Teen
394-92-4663,2023-05-07 14:00:00,E,Brawley,F,39,Native American/Alaska Native,E,True,,19,False,E,May,Sunday,Adult
678-44-4772,2023-04-16 15:42:00,E,Devons,F,27,Native American/Alaska Native,E,True,,32,False,E,April,Sunday,Adult
563-36-2067,2024-02-23 20:52:00,E,Lindberg,F,33,Native American/Alaska Native,E,True,,37,False,E,February,Friday,Adult
814-22-4537,2024-10-13 23:48:00,F,Shorto,F,64,Native American/Alaska Native,F,True,,34,False,F,October,Sunday,Senior
724-24-4676,2023-06-16 11:58:00,G,Colpus,F,8,Native American/Alaska Native,G,True,,16,False,G,June,Friday,Child
679-86-0535,2023-08-24 14:33:00,G,Guise,F,37,Native American/Alaska Native,G,True,,41,False,G,August,Thursday,Adult
763-76-2075,2024-09-16 12:14:00,J,Reims,F,48,Native American/Alaska Native,J,True,,24,False,J,September,Monday,Adult
207-42-8643,2023-12-14 10:50:00,J,Hattigan,F,6,Native American/Alaska Native,J,True,,47,False,J,December,Thursday,Child
529-13-1674,2024-10-17 07:58:00,J,Agus,F,58,Native American/Alaska Native,J,True,,55,False,J,October,Thursday,Adult
646-91-7660,2024-11-09 12:19:00,J,Gleeton,F,21,Native American/Alaska Native,J,True,,57,False,J,November,Saturday,Adult
831-87-6198,2024-08-01 13:51:00,J,Hendrickson,F,29,Native American/Alaska Native,J,True,,57,False,J,August,Thursday,Adult
360-43-5383,2023-10-20 13:22:00,K,Elderton,F,46,Native American/Alaska Native,K,True,,45,False,K,October,Friday,Adult
738-40-0844,2024-08-19 22:20:00,K,Seymer,F,71,Native American/Alaska Native,K,True,,45,False,K,August,Monday,Senior
394-14-4149,2024-12-08 17:09:00,K,Older,F,33,Native American/Alaska Native,K,True,,46,False,K,December,Sunday,Adult
404-62-8402,2023-06-16 10:25:00,N,Ardern,F,44,Native American/Alaska Native,N,True,,21,False,N,June,Friday,Adult
231-48-2951,2023-02-12 21:24:00,N,Spry,F,22,Native American/Alaska Native,N,True,,35,False,N,February,Sunday,Adult
293-61-2486,2023-04-10 00:31:00,O,Jeanequin,F,74,Native American/Alaska Native,O,True,,32,False,O,April,Monday,Senior
277-77-1790,2023-12-04 15:18:00,O,Lilion,F,73,Native American/Alaska Native,O,True,,59,False,O,December,Monday,Senior
185-06-7426,2024-06-15 01:52:00,P,Tooke,F,41,Native American/Alaska Native,P,True,,22,False,P,June,Saturday,Adult
735-24-8199,2023-10-19 04:05:00,P,Causton,F,6,Native American/Alaska Native,P,True,,40,False,P,October,Thursday,Child
296-24-7025,2023-08-22 11:12:00,P,Turone,F,40,Native American/Alaska Native,P,True,,53,False,P,August,Tuesday,Adult
610-65-5308,2023-11-29 00:28:00,P,Dunbobin,F,55,Native American/Alaska Native,P,True,,56,False,P,November,Wednesday,Adult
132-85-8091,2024-07-29 07:21:00,Q,Goucher,F,10,Native American/Alaska Native,Q,True,,54,False,Q,July,Monday,Child
322-47-9764,2024-02-26 23:18:00,Q,Deveral,F,41,Native American/Alaska Native,Q,True,,55,False,Q,February,Monday,Adult
237-71-1040,2024-08-22 17:55:00,R,Skelcher,F,61,Native American/Alaska Native,R,True,,15,False,R,August,Thursday,Senior
864-13-9865,2024-06-04 03:54:00,S,Valadez,F,52,Native American/Alaska Native,S,True,,36,False,S,June,Tuesday,Adult
693-16-4853,2023-09-17 18:22:00,S,Braznell,F,9,Native American/Alaska Native,S,True,,41,False,S,September,Sunday,Child
880-32-4372,2023-03-09 14:13:00,S,Castlake,F,76,Native American/Alaska Native,S,True,,50,False,S,March,Thursday,Senior
513-71-9675,2024-07-13 15:02:00,T,Stading,F,43,Native American/Alaska Native,T,True,,36,False,T,July,Saturday,Adult
535-15-4291,2024-12-10 20:42:00,T,Sherel,F,15,Native American/Alaska Native,T,True,,48,False,T,December,Tuesday,Teen
659-18-3600,2024-05-16 16:37:00,U,Muzzollo,F,40,Native American/Alaska Native,U,True,,52,False,U,May,Thursday,Adult
695-66-1991,2024-03-16 05:47:00,V,Stiddard,F,49,Native American/Alaska Native,V,True,,52,False,V,March,Saturday,Adult
437-45-4896,2024-05-10 17:57:00,W,Bockh,F,56,Native American/Alaska Native,W,True,,15,False,W,May,Friday,Adult
330-31-6300,2023-06-15 03:59:00,W,Neads,F,7,Native American/Alaska Native,W,True,,29,False,W,June,Thursday,Child
586-89-1969,2024-11-09 08:22:00,W,Keele,F,75,Native American/Alaska Native,W,True,,53,False,W,November,Saturday,Senior
806-40-3954,2023-03-12 10:09:00,W,Labbati,F,35,Native American/Alaska Native,W,True,,60,False,W,March,Sunday,Adult
701-34-7176,2024-12-02 01:34:00,X,Isakson,F,57,Native American/Alaska Native,X,True,,11,False,X,December,Monday,Adult
738-79-3665,2023-05-06 14:18:00,X,Snape,F,68,Native American/Alaska Native,X,True,,23,False,X,May,Saturday,Senior
731-56-8237,2024-02-10 20:29:00,Z,Trunkfield,F,20,Native American/Alaska Native,Z,True,,28,False,Z,February,Saturday,Adult
330-18-1664,2024-05-05 17:05:00,Z,Zanni,F,2,Native American/Alaska Native,Z,True,,48,False,Z,May,Sunday,Child
387-19-7057,2024-01-09 12:41:00,Z,Stannering,F,49,Native American/Alaska Native,Z,True,,48,False,Z,January,Tuesday,Adult
549-82-3245,2023-03-10 10:29:00,B,Thirlwall,F,43,Native American/Alaska Native,B,True,0.0,45,False,B,March,Friday,Adult
736-66-9425,2023-04-21 23:10:00,K,Blaik,F,64,Native American/Alaska Native,K,True,0.0,29,False,K,April,Friday,Senior
591-36-6992,2023-08-10 12:29:00,C,Beauchop,F,63,Native American/Alaska Native,C,True,1.0,35,False,C,August,Thursday,Senior
717-62-8354,2023-04-29 09:50:00,M,Kynder,F,12,Native American/Alaska Native,M,True,1.0,39,False,M,April,Saturday,Child
898-30-3232,2024-09-09 10:47:00,L,Week,F,33,Native American/Alaska Native,L,True,2.0,42,False,L,September,Monday,Adult
163-66-2295,2024-04-16 01:24:00,S,Pile,F,14,Native American/Alaska Native,S,True,2.0,37,False,S,April,Tuesday,Teen
624-99-6669,2024-07-09 03:54:00,S,Tran,F,19,Native American/Alaska Native,S,True,2.0,53,False,S,July,Tuesday,Adult
199-38-6785,2023-09-21 13:29:00,G,Fullick,F,19,Native American/Alaska Native,G,True,5.0,53,False,G,September,Thursday,Adult
761-76-0921,2023-09-25 06:16:00,Q,Caudwell,F,27,Native American/Alaska Native,Q,True,6.0,50,False,Q,September,Monday,Adult
795-36-0038,2023-12-29 04:17:00,Z,Eastabrook,F,44,Native American/Alaska Native,Z,True,6.0,52,False,Z,December,Friday,Adult
645-59-5135,2024-09-13 01:16:00,A,Pund,F,22,Native American/Alaska Native,A,True,7.0,28,False,A,September,Friday,Adult
736-70-5924,2023-11-19 12:15:00,D,Stares,F,56,Native American/Alaska Native,D,True,7.0,24,False,D,November,Sunday,Adult
888-77-0325,2023-10-04 01:51:00,J,Jerzycowski,F,55,Native American/Alaska Native,J,True,7.0,18,False,J,October,Wednesday,Adult
172-22-0283,2024-03-07 02:38:00,J,Soall,F,75,Native American/Alaska Native,J,True,8.0,14,False,J,March,Thursday,Senior
773-13-7194,2023-12-27 18:19:00,T,Corbin,F,21,Native American/Alaska Native,T,True,8.0,18,False,T,December,Wednesday,Adult
552-43-0912,2023-06-28 03:40:00,J,Hamlet,F,21,Native American/Alaska Native,J,True,9.0,47,False,J,June,Wednesday,Adult
754-82-0930,2023-10-06 01:39:00,E,Scamerdine,F,51,Native American/Alaska Native,E,True,10.0,11,False,E,October,Friday,Adult
663-19-4215,2023-04-14 19:05:00,X,Hardwin,F,10,Native American/Alaska Native,X,True,10.0,22,False,X,April,Friday,Child
825-27-0713,2024-08-14 05:58:00,E,Doumer,F,59,Native American/Alaska Native,E,True,,35,False,E,August,Wednesday,Adult
786-79-1881,2023-04-28 07:42:00,I,Abrahmson,F,11,Native American/Alaska Native,I,True,,20,False,I,April,Friday,Child
389-42-6852,2023-12-11 02:42:00,M,Tomsu,F,4,Native American/Alaska Native,M,True,,34,False,M,December,Monday,Child
367-49-7229,2024-03-13 04:45:00,N,Maynell,F,30,Native American/Alaska Native,N,True,,36,False,N,March,Wednesday,Adult
651-29-6896,2024-06-29 03:09:00,N,Birdwhistell,F,60,Native American/Alaska Native,N,True,,58,False,N,June,Saturday,Adult
115-96-2596,2023-04-13 13:49:00,R,Dmitrovic,F,16,Native American/Alaska Native,R,True,,39,False,R,April,Thursday,Teen
500-31-0203,2024-03-07 14:40:00,T,Congdon,F,23,Native American/Alaska Native,T,True,,11,False,T,March,Thursday,Adult
611-71-8999,2024-01-10 08:56:00,V,Kmietsch,F,33,Native American/Alaska Native,V,True,,17,False,V,January,Wednesday,Adult
728-34-1870,2024-10-07 02:24:00,W,Duester,F,13,Native American/Alaska Native,W,True,,30,False,W,October,Monday,Teen
363-26-2671,2024-03-06 12:16:00,N,Adran,F,25,Native American/Alaska Native,N,True,0.0,32,False,N,March,Wednesday,Adult
204-51-5061,2024-10-13 02:23:00,I,Thys,F,64,Native American/Alaska Native,I,True,2.0,50,False,I,October,Sunday,Senior
851-08-9115,2023-06-20 08:06:00,R,Allawy,F,44,Native American/Alaska Native,R,True,3.0,34,False,R,June,Tuesday,Adult
250-44-9023,2024-01-08 08:55:00,A,Paaso,F,7,Native American/Alaska Native,A,True,6.0,15,False,A,January,Monday,Child
736-20-4728,2024-05-04 21:47:00,L,Danielsson,F,78,Native American/Alaska Native,L,True,7.0,54,False,L,May,Saturday,Senior
237-31-2711,2024-07-09 22:32:00,Q,Gouinlock,F,33,Native American/Alaska Native,Q,True,,31,False,Q,July,Tuesday,Adult
873-88-5082,2023-04-17 04:08:00,V,Lyfield,F,19,Pacific Islander,V,True,,34,False,V,April,Monday,Adult
505-65-9125,2024-02-18 04:07:00,V,Rosenfield,F,22,Pacific Islander,V,True,,13,False,V,February,Sunday,Adult
207-75-3168,2024-10-28 07:03:00,W,Stronge,F,57,Pacific Islander,W,True,,23,False,W,October,Monday,Adult
174-46-8097,2023-01-06 11:24:00,Q,Dickie,F,65,Pacific Islander,Q,True,10.0,53,False,Q,January,Friday,Senior
307-17-3983,2023-09-11 15:33:00,A,Rulf,F,12,Pacific Islander,A,True,,56,False,A,September,Monday,Child
439-26-1988,2024-03-31 01:03:00,A,Misselbrook,F,29,Pacific Islander,A,True,,58,False,A,March,Sunday,Adult
770-33-6276,2024-04-26 19:00:00,D,Shankland,F,13,Pacific Islander,D,True,,59,False,D,April,Friday,Teen
757-41-6226,2023-10-28 16:13:00,H,Haysar,F,78,Pacific Islander,H,True,,53,False,H,October,Saturday,Senior
731-68-3692,2024-04-25 18:15:00,O,Teresi,F,65,Pacific Islander,O,True,,36,False,O,April,Thursday,Senior
362-51-7082,2024-04-01 13:16:00,P,Kegg,F,1,Pacific Islander,P,True,,25,False,P,April,Monday,Child
620-83-1871,2024-06-24 08:14:00,Q,Helmke,F,55,Pacific Islander,Q,True,,42,False,Q,June,Monday,Adult
426-90-9395,2023-12-30 11:40:00,U,Olver,F,5,Pacific Islander,U,True,,49,False,U,December,Saturday,Child
559-84-3252,2023-02-09 05:08:00,V,Woolsey,F,42,Pacific Islander,V,True,,14,False,V,February,Thursday,Adult
812-46-2011,2024-05-26 06:17:00,W,Gerish,F,41,Pacific Islander,W,True,,34,False,W,May,Sunday,Adult
258-98-8342,2024-10-26 07:53:00,Z,MacGauhy,F,10,Pacific Islander,Z,True,,15,False,Z,October,Saturday,Child
451-16-3659,2024-07-03 17:05:00,O,Cogzell,F,30,Pacific Islander,O,True,0.0,57,False,O,July,Wednesday,Adult
464-52-3680,2024-01-13 08:38:00,M,Dary,F,66,Pacific Islander,M,True,3.0,44,False,M,January,Saturday,Senior
873-48-5465,2023-11-29 19:35:00,O,Prazor,F,3,Pacific Islander,O,True,5.0,43,False,O,November,Wednesday,Child
583-46-6074,2023-09-21 15:59:00,O,Caine,F,65,Pacific Islander,O,True,8.0,47,False,O,September,Thursday,Senior
473-16-4015,2024-06-27 21:21:00,V,New,F,5,Pacific Islander,V,True,,33,False,V,June,Thursday,Child
353-64-0549,2023-12-31 00:55:00,Z,Bachelar,F,56,Pacific Islander,Z,True,,56,False,Z,December,Sunday,Adult
721-88-0520,2024-05-27 03:47:00,A,Adney,F,56,Pacific Islander,A,True,,28,False,A,May,Monday,Adult
163-06-7174,2024-03-14 05:07:00,A,Yerborn,F,8,Pacific Islander,A,True,,34,False,A,March,Thursday,Child
710-59-7802,2023-10-12 10:55:00,A,Beakes,F,27,Pacific Islander,A,True,,46,False,A,October,Thursday,Adult
649-24-1146,2024-05-26 15:25:00,A,Gwyllt,F,48,Pacific Islander,A,True,,54,False,A,May,Sunday,Adult
664-68-6335,2024-08-23 07:57:00,A,Proschke,F,42,Pacific Islander,A,True,,56,False,A,August,Friday,Adult
684-60-4060,2024-12-06 15:49:00,B,Blose,F,59,Pacific Islander,B,True,,21,False,B,December,Friday,Adult
628-70-4170,2024-08-31 11:16:00,B,Russilll,F,19,Pacific Islander,B,True,,47,False,B,August,Saturday,Adult
820-96-9624,2023-06-30 18:19:00,B,Mottini,F,16,Pacific Islander,B,True,,59,False,B,June,Friday,Teen
272-30-8327,2023-04-25 16:40:00,C,Kilgour,F,56,Pacific Islander,C,True,,20,False,C,April,Tuesday,Adult
282-35-0843,2024-10-14 12:52:00,C,MacCaughey,F,69,Pacific Islander,C,True,,25,False,C,October,Monday,Senior
457-28-8255,2023-08-05 01:00:00,C,Burchess,F,65,Pacific Islander,C,True,,31,True,C,August,Saturday,Senior
652-38-9065,2023-07-24 09:49:00,D,Hallaways,F,56,Pacific Islander,D,True,,11,False,D,July,Monday,Adult
698-81-4550,2023-05-11 09:50:00,D,Kleanthous,F,41,Pacific Islander,D,True,,21,False,D,May,Thursday,Adult
641-96-0611,2024-08-30 06:46:00,D,Yakobovicz,F,22,Pacific Islander,D,True,,25,False,D,August,Friday,Adult
235-51-3074,2023-05-05 19:46:00,E,Woollons,F,6,Pacific Islander,E,True,,14,True,E,May,Friday,Child
290-27-2255,2024-06-17 13:23:00,F,Spink,F,79,Pacific Islander,F,True,,14,False,F,June,Monday,Senior
246-11-7277,2023-07-04 23:45:00,F,Petkov,F,2,Pacific Islander,F,True,,44,False,F,July,Tuesday,Child
640-24-2305,2023-05-27 12:56:00,G,Frodsham,F,37,Pacific Islander,G,True,,12,True,G,May,Saturday,Adult
526-02-9534,2024-07-08 14:57:00,G,Mollnar,F,47,Pacific Islander,G,True,,34,False,G,July,Monday,Adult
708-89-8415,2024-03-23 19:19:00,H,Ghioni,F,33,Pacific Islander,H,True,,15,False,H,March,Saturday,Adult
263-26-6831,2023-10-13 15:05:00,H,Thurlborn,F,60,Pacific Islander,H,True,,35,False,H,October,Friday,Adult
887-07-3859,2024-01-31 01:07:00,H,Muzzi,F,49,Pacific Islander,H,True,,41,False,H,January,Wednesday,Adult
613-30-3074,2024-09-24 16:31:00,H,Toulson,F,47,Pacific Islander,H,True,,51,False,H,September,Tuesday,Adult
397-75-3081,2023-07-19 01:56:00,H,Jahan,F,44,Pacific Islander,H,True,,52,False,H,July,Wednesday,Adult
532-52-7052,2023-12-11 08:09:00,I,Nannini,F,25,Pacific Islander,I,True,,32,False,I,December,Monday,Adult
760-48-3541,2024-04-29 22:08:00,I,Klessmann,F,19,Pacific Islander,I,True,,35,False,I,April,Monday,Adult
526-22-4659,2024-08-19 13:41:00,J,Howitt,F,64,Pacific Islander,J,True,,15,False,J,August,Monday,Senior
543-17-9313,2024-01-08 16:07:00,J,Rolls,F,23,Pacific Islander,J,True,,30,False,J,January,Monday,Adult
148-59-4378,2023-08-04 07:24:00,J,Hullett,F,6,Pacific Islander,J,True,,33,False,J,August,Friday,Child
693-79-7901,2024-08-19 12:38:00,K,Martinyuk,F,16,Pacific Islander,K,True,,28,False,K,August,Monday,Teen
371-99-9321,2024-10-04 17:35:00,K,Gubbins,F,49,Pacific Islander,K,True,,29,False,K,October,Friday,Adult
122-31-6146,2023-09-07 07:47:00,K,McLaverty,F,27,Pacific Islander,K,True,,42,False,K,September,Thursday,Adult
479-37-5258,2024-05-15 07:56:00,L,Hurdedge,F,3,Pacific Islander,L,True,,49,False,L,May,Wednesday,Child
890-71-5629,2024-01-10 13:42:00,L,Philipeaux,F,37,Pacific Islander,L,True,,54,False,L,January,Wednesday,Adult
221-17-3849,2023-06-16 23:41:00,M,Brookton,F,18,Pacific Islander,M,True,,14,False,M,June,Friday,Teen
179-02-0347,2024-04-09 15:15:00,M,Jime,F,35,Pacific Islander,M,True,,21,False,M,April,Tuesday,Adult
250-32-8345,2024-03-22 17:46:00,M,Presley,F,63,Pacific Islander,M,True,,27,False,M,March,Friday,Senior
318-48-2808,2023-11-14 17:09:00,N,Freddi,F,16,Pacific Islander,N,True,,57,False,N,November,Tuesday,Teen
597-56-8859,2024-09-25 19:25:00,O,Banes,F,55,Pacific Islander,O,True,,44,False,O,September,Wednesday,Adult
155-09-0503,2023-11-12 21:32:00,P,Greenhalgh,F,62,Pacific Islander,P,True,,58,False,P,November,Sunday,Senior
222-98-4258,2024-03-09 01:19:00,Q,Leyborne,F,37,Pacific Islander,Q,True,,29,False,Q,March,Saturday,Adult
234-11-2272,2023-04-28 22:02:00,Q,Bretherick,F,71,Pacific Islander,Q,True,,44,False,Q,April,Friday,Senior
424-57-9056,2023-05-19 07:37:00,Q,Onthank,F,73,Pacific Islander,Q,True,,58,True,Q,May,Friday,Senior
664-79-4058,2024-05-01 17:20:00,R,Rosenbarg,F,13,Pacific Islander,R,True,,44,False,R,May,Wednesday,Teen
283-30-7634,2023-07-04 20:30:00,S,La Batie,F,51,Pacific Islander,S,True,,55,False,S,July,Tuesday,Adult
489-27-7349,2023-05-19 02:44:00,T,Searl,F,27,Pacific Islander,T,True,,25,True,T,May,Friday,Adult
258-25-3910,2023-06-18 23:15:00,T,McCahey,F,5,Pacific Islander,T,True,,52,False,T,June,Sunday,Child
730-47-9716,2024-05-16 06:31:00,T,Djurkovic,F,37,Pacific Islander,T,True,,53,False,T,May,Thursday,Adult
553-11-6120,2024-02-29 11:36:00,V,Chevis,F,50,Pacific Islander,V,True,,36,False,V,February,Thursday,Adult
364-91-4564,2024-03-16 14:56:00,V,Andrzejowski,F,43,Pacific Islander,V,True,,43,False,V,March,Saturday,Adult
888-34-9278,2023-04-07 02:35:00,V,Sapwell,F,49,Pacific Islander,V,True,,49,False,V,April,Friday,Adult
807-48-5800,2024-04-23 08:45:00,V,Pirozzi,F,11,Pacific Islander,V,True,,54,False,V,April,Tuesday,Child
545-31-9630,2024-01-07 15:14:00,W,Pendlebery,F,44,Pacific Islander,W,True,,50,False,W,January,Sunday,Adult
185-43-6846,2024-01-20 10:39:00,W,Forgie,F,1,Pacific Islander,W,True,,54,False,W,January,Saturday,Child
253-83-6791,2023-10-30 14:37:00,X,Janicijevic,F,61,Pacific Islander,X,True,,13,False,X,October,Monday,Senior
621-62-1086,2023-08-28 06:43:00,Y,Deeney,F,2,Pacific Islander,Y,True,,22,False,Y,August,Monday,Child
367-28-5660,2023-03-07 13:12:00,Y,Skouling,F,70,Pacific Islander,Y,True,,35,False,Y,March,Tuesday,Senior
685-47-1688,2023-07-10 07:34:00,Z,Haighton,F,67,Pacific Islander,Z,True,,14,False,Z,July,Monday,Senior
490-69-7016,2023-09-05 21:49:00,Z,Dalli,F,72,Pacific Islander,Z,True,,34,True,Z,September,Tuesday,Senior
613-89-4721,2023-12-22 03:40:00,G,Guerre,F,41,Pacific Islander,G,True,0.0,52,False,G,December,Friday,Adult
509-19-9192,2024-09-16 07:38:00,L,Whear,F,44,Pacific Islander,L,True,0.0,34,False,L,September,Monday,Adult
785-08-5699,2023-08-26 15:21:00,C,Beloe,F,42,Pacific Islander,C,True,1.0,30,False,C,August,Saturday,Adult
287-74-9897,2024-06-10 07:16:00,H,Gabits,F,72,Pacific Islander,H,True,1.0,18,False,H,June,Monday,Senior
820-65-0400,2023-07-30 06:43:00,S,Kobierski,F,40,Pacific Islander,S,True,1.0,15,False,S,July,Sunday,Adult
484-76-9868,2023-05-22 18:02:00,S,Casarino,F,44,Pacific Islander,S,True,1.0,27,True,S,May,Monday,Adult
808-33-7052,2023-12-15 01:00:00,Z,Byllam,F,77,Pacific Islander,Z,True,2.0,24,False,Z,December,Friday,Senior
372-76-1907,2024-06-05 20:28:00,K,Burgwyn,F,7,Pacific Islander,K,True,3.0,36,False,K,June,Wednesday,Child
541-78-8781,2024-02-18 14:34:00,B,Stiggers,F,70,Pacific Islander,B,True,4.0,35,False,B,February,Sunday,Senior
283-65-9905,2024-04-14 20:50:00,R,Guillond,F,24,Pacific Islander,R,True,6.0,30,False,R,April,Sunday,Adult
835-25-5387,2023-07-07 00:22:00,R,St. John,F,55,Pacific Islander,R,True,6.0,51,False,R,July,Friday,Adult
287-12-3028,2024-02-08 19:13:00,W,Smoth,F,20,Pacific Islander,W,True,6.0,19,False,W,February,Thursday,Adult
490-10-7609,2024-04-16 14:07:00,Z,Chaston,F,18,Pacific Islander,Z,True,6.0,14,False,Z,April,Tuesday,Teen
554-68-9035,2024-08-29 12:16:00,Z,Gabbitis,F,32,Pacific Islander,Z,True,6.0,48,False,Z,August,Thursday,Adult
321-08-8842,2023-06-24 04:50:00,A,Climson,F,4,Pacific Islander,A,True,7.0,36,False,A,June,Saturday,Child
837-22-5775,2023-04-23 14:11:00,F,Whiten,F,17,Pacific Islander,F,True,7.0,56,False,F,April,Sunday,Teen
440-86-8818,2024-03-31 10:12:00,E,Chataignier,F,5,Pacific Islander,E,True,8.0,58,False,E,March,Sunday,Child
676-15-6485,2023-05-05 09:34:00,N,Cino,F,62,Pacific Islander,N,True,8.0,26,True,N,May,Friday,Senior
603-37-2279,2024-09-14 19:43:00,E,Barrack,F,59,Pacific Islander,E,True,9.0,19,False,E,September,Saturday,Adult
467-64-9058,2024-08-16 14:00:00,U,Bradnocke,F,40,Pacific Islander,U,True,9.0,50,False,U,August,Friday,Adult
471-71-2313,2024-10-15 19:57:00,V,Annear,F,6,Pacific Islander,V,True,9.0,51,False,V,October,Tuesday,Child
844-07-0681,2023-09-06 02:33:00,F,Piccop,F,32,Pacific Islander,F,True,10.0,10,False,F,September,Wednesday,Adult
801-16-6200,2023-07-08 11:27:00,Z,Salvadori,F,50,Pacific Islander,Z,True,10.0,59,False,Z,July,Saturday,Adult
292-37-1568,2023-02-10 10:18:00,E,Lidgely,F,65,Pacific Islander,E,True,,29,False,E,February,Friday,Senior
504-53-3068,2023-10-19 20:45:00,E,Pate,F,25,Pacific Islander,E,True,,55,False,E,October,Thursday,Adult
724-18-3560,2024-04-21 00:41:00,G,Waiting,F,36,Pacific Islander,G,True,,22,False,G,April,Sunday,Adult
274-79-2232,2024-09-19 18:34:00,J,Murty,F,55,Pacific Islander,J,True,,49,False,J,September,Thursday,Adult
164-31-3790,2024-08-03 23:04:00,S,Baldetti,F,24,Pacific Islander,S,True,,53,False,S,August,Saturday,Adult
657-07-1234,2024-06-25 10:18:00,T,Giacobilio,F,28,Pacific Islander,T,True,,13,False,T,June,Tuesday,Adult
531-80-4313,2024-07-17 22:52:00,T,Finnick,F,44,Pacific Islander,T,True,,47,False,T,July,Wednesday,Adult
773-85-7179,2023-06-21 12:32:00,W,Vescovini,F,18,Pacific Islander,W,True,,33,False,W,June,Wednesday,Teen
645-47-4599,2023-05-16 06:18:00,Y,Barras,F,8,Pacific Islander,Y,True,,18,True,Y,May,Tuesday,Child
385-77-2913,2024-01-29 23:36:00,T,Syrad,F,44,Pacific Islander,T,True,2.0,56,False,T,January,Monday,Adult
508-93-6274,2024-07-17 13:56:00,U,Moorman,F,65,Pacific Islander,U,True,2.0,34,False,U,July,Wednesday,Senior
610-89-4617,2023-11-22 02:13:00,H,Shippard,F,31,Pacific Islander,H,True,8.0,42,False,H,November,Wednesday,Adult
828-86-7111,2023-10-30 23:33:00,L,Normavill,F,17,Pacific Islander,L,True,,28,False,L,October,Monday,Teen
338-22-6325,2023-12-13 01:45:00,T,Garric,F,30,Pacific Islander,T,True,,16,False,T,December,Wednesday,Adult
103-89-7991,2024-11-04 10:13:00,U,Cranmore,F,74,Pacific Islander,U,True,,34,False,U,November,Monday,Senior
346-07-4017,2024-04-02 14:00:00,W,Richard,F,37,Pacific Islander,W,True,,35,False,W,April,Tuesday,Adult
619-17-4772,2024-04-27 22:13:00,C,O' Timony,F,6,Two or More Races,C,True,,18,False,C,April,Saturday,Child
290-72-5797,2024-07-27 15:54:00,D,Benoy,F,8,Two or More Races,D,True,,56,False,D,July,Saturday,Child
716-82-2881,2024-07-28 10:50:00,E,Harrisson,F,56,Two or More Races,E,True,,54,False,E,July,Sunday,Adult
231-44-6158,2023-12-06 05:32:00,M,Collidge,F,18,Two or More Races,M,True,,42,False,M,December,Wednesday,Teen
229-70-7425,2024-04-23 21:43:00,Y,Whatson,F,45,Two or More Races,Y,True,,14,False,Y,April,Tuesday,Adult
412-31-1320,2024-02-17 09:10:00,Y,Chesterfield,F,14,Two or More Races,Y,True,,53,False,Y,February,Saturday,Teen
310-42-0759,2023-08-26 06:01:00,C,Parker,F,71,Two or More Races,C,True,,55,False,C,August,Saturday,Senior
732-47-1768,2023-12-04 15:40:00,O,Causby,F,56,Two or More Races,O,True,,58,False,O,December,Monday,Adult
630-47-2713,2023-05-09 14:48:00,P,Torbard,F,48,Two or More Races,P,True,,44,False,P,May,Tuesday,Adult
879-28-3442,2023-12-17 15:11:00,R,Chese,F,69,Two or More Races,R,True,,44,False,R,December,Sunday,Senior
381-90-3195,2023-07-07 20:03:00,U,Tewnion,F,77,Two or More Races,U,True,,29,False,U,July,Friday,Senior
177-75-4010,2024-08-02 21:26:00,T,Haddeston,F,76,Two or More Races,T,True,3.0,15,False,T,August,Friday,Senior
528-66-7358,2024-04-02 13:02:00,A,Pottage,F,78,Two or More Races,A,True,,22,False,A,April,Tuesday,Senior
718-29-3433,2023-12-08 02:04:00,B,Tremberth,F,76,Two or More Races,B,True,,13,False,B,December,Friday,Senior
258-52-9668,2024-02-04 14:32:00,B,Eathorne,F,63,Two or More Races,B,True,,56,False,B,February,Sunday,Senior
153-49-3323,2023-11-14 02:08:00,C,Gajownik,F,58,Two or More Races,C,True,,25,False,C,November,Tuesday,Adult
590-44-3124,2023-06-08 17:26:00,D,Pettersen,F,17,Two or More Races,D,True,,15,False,D,June,Thursday,Teen
634-47-6727,2023-09-07 20:58:00,D,McKeand,F,9,Two or More Races,D,True,,18,False,D,September,Thursday,Child
744-40-8093,2024-07-19 16:15:00,D,Kingdon,F,42,Two or More Races,D,True,,40,False,D,July,Friday,Adult
597-81-4011,2023-03-08 13:43:00,D,Lifsey,F,61,Two or More Races,D,True,,41,False,D,March,Wednesday,Senior
869-02-5604,2024-03-09 18:33:00,D,Hizir,F,43,Two or More Races,D,True,,43,False,D,March,Saturday,Adult
128-74-1315,2023-07-11 17:53:00,D,Ewestace,F,16,Two or More Races,D,True,,53,False,D,July,Tuesday,Teen
865-12-7904,2023-09-15 03:01:00,F,Tooting,F,4,Two or More Races,F,True,,14,False,F,September,Friday,Child
805-27-2689,2023-04-17 20:15:00,G,Point,F,48,Two or More Races,G,True,,15,False,G,April,Monday,Adult
695-54-0916,2024-09-09 12:34:00,G,Tregonna,F,69,Two or More Races,G,True,,48,False,G,September,Monday,Senior
237-07-3349,2024-09-09 19:46:00,H,Cloake,F,64,Two or More Races,H,True,,13,False,H,September,Monday,Senior
796-53-3024,2024-09-22 06:36:00,H,Cannell,F,48,Two or More Races,H,True,,17,False,H,September,Sunday,Adult
178-86-9071,2024-10-15 00:07:00,I,Basezzi,F,2,Two or More Races,I,True,,12,False,I,October,Tuesday,Child
149-68-8291,2024-06-17 20:36:00,I,Greensall,F,71,Two or More Races,I,True,,18,False,I,June,Monday,Senior
214-36-5454,2023-12-31 16:23:00,I,Margerison,F,37,Two or More Races,I,True,,40,False,I,December,Sunday,Adult
684-32-0338,2024-11-02 12:02:00,J,Jedrysik,F,8,Two or More Races,J,True,,26,False,J,November,Saturday,Child
347-27-1017,2023-11-04 07:31:00,J,Pull,F,19,Two or More Races,J,True,,27,False,J,November,Saturday,Adult
195-22-5174,2024-03-10 23:29:00,K,Larrat,F,25,Two or More Races,K,True,,46,False,K,March,Sunday,Adult
200-26-7779,2023-03-10 16:28:00,K,Wasielewicz,F,45,Two or More Races,K,True,,51,False,K,March,Friday,Adult
519-77-2397,2024-08-06 01:53:00,K,Pellissier,F,19,Two or More Races,K,True,,52,False,K,August,Tuesday,Adult
266-90-9815,2023-07-28 12:35:00,L,Casewell,F,79,Two or More Races,L,True,,50,False,L,July,Friday,Senior
584-89-7054,2024-07-23 04:54:00,L,Fuente,F,67,Two or More Races,L,True,,57,False,L,July,Tuesday,Senior
865-30-2867,2024-12-01 10:40:00,M,Biskupski,F,63,Two or More Races,M,True,,42,False,M,December,Sunday,Senior
206-97-4149,2024-08-20 01:35:00,M,De Ruggiero,F,77,Two or More Races,M,True,,46,False,M,August,Tuesday,Senior
548-59-5269,2023-09-15 16:31:00,M,Orange,F,9,Two or More Races,M,True,,54,False,M,September,Friday,Child
420-19-1201,2024-12-10 03:34:00,N,Stampe,F,2,Two or More Races,N,True,,40,False,N,December,Tuesday,Child
565-10-6614,2023-09-16 15:49:00,P,Lacrouts,F,53,Two or More Races,P,True,,30,False,P,September,Saturday,Adult
180-11-8413,2023-12-20 00:42:00,P,Norris,F,24,Two or More Races,P,True,,42,False,P,December,Wednesday,Adult
872-27-3342,2023-06-13 02:42:00,P,Lotte,F,6,Two or More Races,P,True,,56,False,P,June,Tuesday,Child
212-43-7115,2023-08-10 19:38:00,Q,Caren,F,33,Two or More Races,Q,True,,22,False,Q,August,Thursday,Adult
649-13-0648,2023-12-06 23:30:00,Q,Beevis,F,42,Two or More Races,Q,True,,22,False,Q,December,Wednesday,Adult
761-16-5119,2024-03-05 11:05:00,Q,Petru,F,25,Two or More Races,Q,True,,41,False,Q,March,Tuesday,Adult
310-56-4783,2024-08-04 17:04:00,R,Kase,F,76,Two or More Races,R,True,,14,False,R,August,Sunday,Senior
401-08-6326,2024-10-26 19:32:00,R,Haygreen,F,57,Two or More Races,R,True,,15,False,R,October,Saturday,Adult
353-57-1052,2023-10-29 09:07:00,R,Greensted,F,44,Two or More Races,R,True,,28,False,R,October,Sunday,Adult
608-69-9918,2024-12-04 02:40:00,R,Lebell,F,55,Two or More Races,R,True,,43,False,R,December,Wednesday,Adult
280-44-0647,2024-02-17 06:16:00,R,Jendrassik,F,34,Two or More Races,R,True,,58,False,R,February,Saturday,Adult
258-44-7719,2023-12-07 20:59:00,S,Heliar,F,62,Two or More Races,S,True,,33,False,S,December,Thursday,Senior
117-58-1255,2024-05-04 12:06:00,S,Jossel,F,75,Two or More Races,S,True,,53,False,S,May,Saturday,Senior
467-47-8985,2023-08-11 01:53:00,S,Rozzell,F,35,Two or More Races,S,True,,57,False,S,August,Friday,Adult
818-38-5069,2023-08-31 10:00:00,S,Antonognoli,F,64,Two or More Races,S,True,,59,False,S,August,Thursday,Senior
757-58-2588,2024-08-14 14:24:00,T,Stubbeley,F,19,Two or More Races,T,True,,14,False,T,August,Wednesday,Adult
403-12-1184,2023-06-22 02:11:00,T,Thieme,F,29,Two or More Races,T,True,,19,False,T,June,Thursday,Adult
445-97-9581,2024-02-21 13:57:00,T,Fernehough,F,19,Two or More Races,T,True,,24,False,T,February,Wednesday,Adult
645-84-5884,2024-05-21 18:59:00,T,Rowthorne,F,11,Two or More Races,T,True,,47,False,T,May,Tuesday,Child
412-29-3776,2024-02-14 02:05:00,V,Duffield,F,78,Two or More Races,V,True,,14,False,V,February,Wednesday,Senior
562-75-3780,2024-01-22 22:50:00,V,Cuschieri,F,65,Two or More Races,V,True,,17,False,V,January,Monday,Senior
752-94-8310,2024-04-13 12:14:00,V,Soar,F,47,Two or More Races,V,True,,27,False,V,April,Saturday,Adult
334-88-2963,2024-01-24 08:40:00,X,Bristowe,F,34,Two or More Races,X,True,,48,False,X,January,Wednesday,Adult
639-46-1546,2023-09-08 08:55:00,Y,Capey,F,62,Two or More Races,Y,True,,10,False,Y,September,Friday,Senior
432-56-1449,2024-06-28 17:32:00,Y,Wanek,F,3,Two or More Races,Y,True,,22,False,Y,June,Friday,Child
345-08-3538,2024-11-08 21:22:00,Y,Colchett,F,45,Two or More Races,Y,True,,56,False,Y,November,Friday,Adult
691-01-5879,2023-11-05 19:05:00,Z,Lefley,F,60,Two or More Races,Z,True,,26,True,Z,November,Sunday,Adult
179-24-8770,2024-01-19 20:36:00,Z,Strooband,F,24,Two or More Races,Z,True,,47,False,Z,January,Friday,Adult
727-26-9498,2024-04-03 06:56:00,A,Napolitano,F,31,Two or More Races,A,True,0.0,30,False,A,April,Wednesday,Adult
241-58-9086,2024-09-27 07:06:00,J,Pedican,F,26,Two or More Races,J,True,0.0,20,False,J,September,Friday,Adult
323-41-1698,2024-06-25 23:17:00,X,Rivelon,F,64,Two or More Races,X,True,0.0,27,False,X,June,Tuesday,Senior
873-13-8470,2024-06-18 16:56:00,Z,Gobbett,F,57,Two or More Races,Z,True,0.0,16,False,Z,June,Tuesday,Adult
593-41-9219,2023-10-26 01:32:00,F,Sugarman,F,13,Two or More Races,F,True,1.0,10,False,F,October,Thursday,Teen
308-30-4033,2024-09-03 17:29:00,L,Bugbird,F,40,Two or More Races,L,True,1.0,38,False,L,September,Tuesday,Adult
189-09-9986,2023-04-30 18:15:00,S,Noden,F,60,Two or More Races,S,True,1.0,49,False,S,April,Sunday,Adult
268-33-9590,2024-02-17 05:09:00,O,Wordington,F,26,Two or More Races,O,True,3.0,22,False,O,February,Saturday,Adult
588-69-1358,2023-11-17 10:25:00,R,Seabridge,F,1,Two or More Races,R,True,4.0,29,False,R,November,Friday,Child
734-20-1346,2023-05-08 10:10:00,M,Gorton,F,37,Two or More Races,M,True,5.0,10,False,M,May,Monday,Adult
681-74-6023,2023-05-29 17:54:00,Q,Thorius,F,72,Two or More Races,Q,True,5.0,55,True,Q,May,Monday,Senior
262-42-0301,2023-09-20 16:01:00,V,Hockey,F,51,Two or More Races,V,True,5.0,14,False,V,September,Wednesday,Adult
785-38-6543,2024-01-14 10:58:00,M,Constanza,F,28,Two or More Races,M,True,6.0,11,False,M,January,Sunday,Adult
171-53-9045,2024-09-17 21:56:00,C,Dik,F,36,Two or More Races,C,True,7.0,43,False,C,September,Tuesday,Adult
615-59-2575,2023-04-17 10:20:00,D,Haselhurst,F,10,Two or More Races,D,True,7.0,50,False,D,April,Monday,Child
494-56-0322,2024-07-27 02:42:00,H,Jagger,F,8,Two or More Races,H,True,8.0,37,False,H,July,Saturday,Child
775-28-0288,2024-10-15 21:44:00,K,Blasli,F,76,Two or More Races,K,True,8.0,42,False,K,October,Tuesday,Senior
225-66-7915,2024-10-22 01:36:00,U,Magister,F,2,Two or More Races,U,True,8.0,14,False,U,October,Tuesday,Child
483-64-5654,2024-08-09 21:08:00,V,Shalloe,F,11,Two or More Races,V,True,8.0,34,False,V,August,Friday,Child
789-74-0696,2024-09-30 18:43:00,E,Drakes,F,45,Two or More Races,E,True,9.0,32,False,E,September,Monday,Adult
545-29-5086,2023-08-16 20:39:00,D,Duxbury,F,63,Two or More Races,D,True,,27,False,D,August,Wednesday,Senior
552-65-1035,2023-12-05 19:56:00,G,Bortolomei,F,30,Two or More Races,G,True,,45,True,G,December,Tuesday,Adult
650-57-7841,2024-11-10 04:33:00,J,Gladwish,F,47,Two or More Races,J,True,,30,False,J,November,Sunday,Adult
737-32-6945,2023-10-29 03:15:00,J,Marusic,F,19,Two or More Races,J,True,,59,False,J,October,Sunday,Adult
714-04-7254,2023-12-04 14:03:00,K,Odo,F,25,Two or More Races,K,True,,32,False,K,December,Monday,Adult
571-38-8943,2024-06-14 00:29:00,Q,Rickell,F,40,Two or More Races,Q,True,,57,False,Q,June,Friday,Adult
265-22-3801,2024-04-22 11:06:00,U,Rodrig,F,55,Two or More Races,U,True,1.0,42,False,U,April,Monday,Adult
446-70-7796,2023-06-05 17:49:00,X,Cejka,F,28,Two or More Races,X,True,9.0,22,True,X,June,Monday,Adult
544-89-3372,2024-04-01 11:00:00,A,Orgill,F,61,Two or More Races,A,True,,20,False,A,April,Monday,Senior
276-29-2728,2024-02-27 08:26:00,A,Dowry,F,45,Two or More Races,A,True,,36,False,A,February,Tuesday,Adult
807-47-2097,2023-07-14 19:26:00,A,Abarough,F,7,Two or More Races,A,True,,51,False,A,July,Friday,Child
808-52-4133,2023-11-14 19:23:00,A,Janak,F,54,Two or More Races,A,True,,51,False,A,November,Tuesday,Adult
790-04-1343,2023-08-05 02:53:00,B,Filipputti,F,24,Two or More Races,B,True,,25,True,B,August,Saturday,Adult
676-34-0882,2024-09-28 20:01:00,B,Ferroni,F,64,Two or More Races,B,True,,35,False,B,September,Saturday,Senior
648-75-4344,2023-08-05 12:56:00,B,Kealey,F,46,Two or More Races,B,True,,50,True,B,August,Saturday,Adult
276-40-8022,2024-07-02 12:55:00,B,Pettiford,F,36,Two or More Races,B,True,,55,False,B,July,Tuesday,Adult
208-53-9719,2024-03-14 11:46:00,C,Moyes,F,29,Two or More Races,C,True,,22,False,C,March,Thursday,Adult
895-94-3157,2023-06-09 09:56:00,C,Marushak,F,74,Two or More Races,C,True,,27,False,C,June,Friday,Senior
567-85-0684,2024-02-21 17:46:00,C,Vido,F,31,Two or More Races,C,True,,29,False,C,February,Wednesday,Adult
748-72-0573,2023-04-27 08:11:00,C,Castille,F,49,Two or More Races,C,True,,29,False,C,April,Thursday,Adult
229-11-5846,2024-07-05 05:41:00,C,Borg,F,45,Two or More Races,C,True,,36,False,C,July,Friday,Adult
776-96-5871,2023-05-24 01:50:00,C,Giffen,F,72,Two or More Races,C,True,,36,True,C,May,Wednesday,Senior
363-05-8954,2024-04-20 02:52:00,C,Cream,F,42,Two or More Races,C,True,,48,False,C,April,Saturday,Adult
269-47-2004,2024-02-16 13:09:00,C,Howton,F,40,Two or More Races,C,True,,56,False,C,February,Friday,Adult
450-65-5946,2024-02-17 06:34:00,C,Duchart,F,28,Two or More Races,C,True,,59,False,C,February,Saturday,Adult
104-42-4856,2023-12-21 04:08:00,D,Kynett,F,13,Two or More Races,D,True,,27,False,D,December,Thursday,Teen
696-03-1165,2024-09-06 00:26:00,D,Wilmut,F,40,Two or More Races,D,True,,47,False,D,September,Friday,Adult
651-18-1234,2023-12-31 15:29:00,D,McKeurton,F,40,Two or More Races,D,True,,59,False,D,December,Sunday,Adult
719-81-3707,2023-12-06 13:41:00,E,Espadas,F,41,Two or More Races,E,True,,39,False,E,December,Wednesday,Adult
582-90-6970,2024-11-02 20:15:00,E,Biles,F,74,Two or More Races,E,True,,47,False,E,November,Saturday,Senior
382-88-1416,2024-05-23 06:41:00,E,Titcomb,F,57,Two or More Races,E,True,,50,False,E,May,Thursday,Adult
338-41-6137,2024-03-29 06:46:00,E,Stoad,F,18,Two or More Races,E,True,,58,False,E,March,Friday,Teen
386-68-5391,2024-10-08 00:55:00,F,MacPaik,F,27,Two or More Races,F,True,,19,False,F,October,Tuesday,Adult
125-73-3589,2023-07-16 12:41:00,F,Killough,F,49,Two or More Races,F,True,,31,False,F,July,Sunday,Adult
750-58-3647,2024-02-27 10:13:00,F,Cheale,F,51,Two or More Races,F,True,,35,False,F,February,Tuesday,Adult
202-20-9289,2023-12-11 12:11:00,F,Hollibone,F,31,Two or More Races,F,True,,42,False,F,December,Monday,Adult
577-82-1899,2024-03-29 00:47:00,F,Kohtler,F,74,Two or More Races,F,True,,42,False,F,March,Friday,Senior
793-63-4699,2024-08-25 08:25:00,F,Hug,F,37,Two or More Races,F,True,,50,False,F,August,Sunday,Adult
705-84-9983,2024-03-06 00:53:00,G,Mutter,F,48,Two or More Races,G,True,,12,False,G,March,Wednesday,Adult
883-21-7443,2024-05-22 15:16:00,G,Winnett,F,68,Two or More Races,G,True,,20,False,G,May,Wednesday,Senior
346-36-7581,2024-03-10 04:02:00,G,Marrow,F,49,Two or More Races,G,True,,23,False,G,March,Sunday,Adult
819-75-6661,2024-09-29 19:10:00,G,Decourt,F,64,Two or More Races,G,True,,29,False,G,September,Sunday,Senior
845-45-0091,2024-01-09 21:36:00,G,Baldinotti,F,6,Two or More Races,G,True,,41,False,G,January,Tuesday,Child
213-20-9329,2024-04-19 03:30:00,G,Dillet,F,66,Two or More Races,G,True,,41,False,G,April,Friday,Senior
240-41-3530,2023-07-13 19:13:00,H,Griffitt,F,48,Two or More Races,H,True,,19,False,H,July,Thursday,Adult
191-80-9331,2024-07-03 08:59:00,H,Beddoes,F,12,Two or More Races,H,True,,48,False,H,July,Wednesday,Child
769-18-6872,2024-04-02 10:54:00,I,Jerdon,F,55,Two or More Races,I,True,,28,False,I,April,Tuesday,Adult
278-05-0695,2024-10-14 12:56:00,I,Dunklee,F,51,Two or More Races,I,True,,47,False,I,October,Monday,Adult
176-91-5532,2023-09-22 12:24:00,J,Gorvette,F,78,Two or More Races,J,True,,26,False,J,September,Friday,Senior
588-56-7026,2024-08-14 09:09:00,J,Bernet,F,72,Two or More Races,J,True,,51,False,J,August,Wednesday,Senior
343-93-8086,2024-10-14 08:16:00,J,Ughi,F,21,Two or More Races,J,True,,54,False,J,October,Monday,Adult
424-85-2084,2023-04-21 11:18:00,K,Sire,F,7,Two or More Races,K,True,,13,False,K,April,Friday,Child
653-25-4152,2023-12-04 03:57:00,K,Smowton,F,11,Two or More Races,K,True,,14,False,K,December,Monday,Child
799-73-6211,2024-05-09 20:59:00,K,Dallin,F,51,Two or More Races,K,True,,14,False,K,May,Thursday,Adult
398-68-7636,2023-07-12 14:20:00,K,Kopmann,F,67,Two or More Races,K,True,,25,False,K,July,Wednesday,Senior
421-46-0575,2023-08-09 08:39:00,K,Theyer,F,38,Two or More Races,K,True,,39,False,K,August,Wednesday,Adult
770-53-5270,2024-06-01 02:00:00,K,Swyer,F,5,Two or More Races,K,True,,41,False,K,June,Saturday,Child
763-25-3640,2024-05-15 08:43:00,K,Agget,F,57,Two or More Races,K,True,,43,False,K,May,Wednesday,Adult
192-63-0250,2024-02-02 05:20:00,K,Hucke,F,63,Two or More Races,K,True,,45,False,K,February,Friday,Senior
633-69-2579,2024-06-26 03:09:00,K,Strotton,F,63,Two or More Races,K,True,,56,False,K,June,Wednesday,Senior
646-10-4499,2024-06-01 08:22:00,L,Beirne,F,9,Two or More Races,L,True,,15,False,L,June,Saturday,Child
422-06-3911,2023-09-19 15:30:00,L,Needham,F,43,Two or More Races,L,True,,25,False,L,September,Tuesday,Adult
349-86-9740,2024-05-29 18:23:00,L,Withnall,F,1,Two or More Races,L,True,,44,False,L,May,Wednesday,Child
617-59-2394,2024-08-04 22:35:00,L,Pautard,F,58,Two or More Races,L,True,,59,False,L,August,Sunday,Adult
241-69-1762,2024-05-04 16:41:00,M,Perel,F,33,Two or More Races,M,True,,24,False,M,May,Saturday,Adult
457-31-6371,2024-05-07 17:29:00,M,Charlot,F,55,Two or More Races,M,True,,36,False,M,May,Tuesday,Adult
361-13-2097,2023-05-08 18:47:00,M,Sterte,F,75,Two or More Races,M,True,,58,False,M,May,Monday,Senior
228-19-2198,2024-04-30 01:12:00,N,Caneo,F,19,Two or More Races,N,True,,22,False,N,April,Tuesday,Adult
243-68-6278,2024-02-29 08:58:00,N,Abbyss,F,48,Two or More Races,N,True,,24,False,N,February,Thursday,Adult
791-04-7639,2024-09-29 16:42:00,N,Gownge,F,75,Two or More Races,N,True,,24,False,N,September,Sunday,Senior
778-08-9654,2023-08-13 12:08:00,N,Uvedale,F,12,Two or More Races,N,True,,25,False,N,August,Sunday,Child
510-77-6351,2024-01-29 18:12:00,N,Sheather,F,10,Two or More Races,N,True,,38,False,N,January,Monday,Child
741-90-5657,2023-05-06 15:05:00,O,Adamovitch,F,46,Two or More Races,O,True,,13,False,O,May,Saturday,Adult
144-61-3169,2024-06-07 07:13:00,O,Bollans,F,49,Two or More Races,O,True,,23,False,O,June,Friday,Adult
821-57-3198,2024-06-18 17:07:00,O,Le Gassick,F,59,Two or More Races,O,True,,31,False,O,June,Tuesday,Adult
338-30-6597,2024-07-27 12:32:00,O,Giberd,F,43,Two or More Races,O,True,,32,False,O,July,Saturday,Adult
687-92-4881,2023-04-14 11:53:00,O,Morant,F,6,Two or More Races,O,True,,49,False,O,April,Friday,Child
785-86-9715,2023-09-28 11:40:00,O,Cupper,F,46,Two or More Races,O,True,,51,False,O,September,Thursday,Adult
801-42-8784,2024-09-20 15:21:00,O,Ramplee,F,20,Two or More Races,O,True,,52,False,O,September,Friday,Adult
390-90-9742,2024-02-24 11:11:00,P,Kalkofer,F,13,Two or More Races,P,True,,24,False,P,February,Saturday,Teen
794-77-1016,2023-11-18 21:46:00,P,McCreath,F,5,Two or More Races,P,True,,37,False,P,November,Saturday,Child
417-91-8960,2023-12-23 02:13:00,P,Posen,F,33,Two or More Races,P,True,,38,False,P,December,Saturday,Adult
486-26-3604,2024-09-26 10:38:00,P,Stienton,F,29,Two or More Races,P,True,,48,False,P,September,Thursday,Adult
888-40-6467,2024-09-04 03:00:00,Q,Mensler,F,29,Two or More Races,Q,True,,23,False,Q,September,Wednesday,Adult
541-38-5588,2024-01-07 19:31:00,Q,Gorbell,F,31,Two or More Races,Q,True,,31,False,Q,January,Sunday,Adult
892-94-9106,2023-05-10 22:58:00,Q,Softley,F,79,Two or More Races,Q,True,,33,False,Q,May,Wednesday,Senior
584-70-7549,2024-08-24 11:25:00,Q,Fieldsend,F,22,Two or More Races,Q,True,,45,False,Q,August,Saturday,Adult
589-47-6817,2024-11-08 06:30:00,Q,Haszard,F,36,Two or More Races,Q,True,,48,False,Q,November,Friday,Adult
893-71-6988,2023-03-05 07:31:00,Q,Hogben,F,36,Two or More Races,Q,True,,50,True,Q,March,Sunday,Adult
480-43-2139,2024-09-07 05:22:00,Q,Selesnick,F,5,Two or More Races,Q,True,,57,False,Q,September,Saturday,Child
635-32-3437,2024-06-17 20:44:00,Q,Trowbridge,F,54,Two or More Races,Q,True,,58,False,Q,June,Monday,Adult
227-41-9226,2023-07-21 07:13:00,Q,Scotchforth,F,57,Two or More Races,Q,True,,58,False,Q,July,Friday,Adult
886-50-8533,2023-07-09 09:23:00,R,Kellart,F,19,Two or More Races,R,True,,22,False,R,July,Sunday,Adult
758-51-4409,2023-08-19 16:10:00,R,Scrogges,F,78,Two or More Races,R,True,,26,False,R,August,Saturday,Senior
243-43-7192,2023-01-08 22:26:00,R,Altham,F,57,Two or More Races,R,True,,34,False,R,January,Sunday,Adult
804-64-6939,2024-02-22 05:38:00,R,Jukubczak,F,70,Two or More Races,R,True,,39,False,R,February,Thursday,Senior
700-93-8957,2023-07-29 14:47:00,S,Ealles,F,10,Two or More Races,S,True,,10,False,S,July,Saturday,Child
475-41-1345,2024-01-15 10:43:00,S,Pankhurst.,F,74,Two or More Races,S,True,,17,False,S,January,Monday,Senior
707-39-1661,2023-06-10 14:51:00,S,Lynam,F,54,Two or More Races,S,True,,51,False,S,June,Saturday,Adult
203-79-1155,2024-05-23 03:04:00,S,Impett,F,66,Two or More Races,S,True,,51,False,S,May,Thursday,Senior
835-94-1722,2024-02-21 01:08:00,S,Ferrarello,F,30,Two or More Races,S,True,,54,False,S,February,Wednesday,Adult
698-29-3153,2023-12-13 00:30:00,S,Cutill,F,5,Two or More Races,S,True,,59,False,S,December,Wednesday,Child
719-53-7812,2023-12-29 02:34:00,T,Crocetto,F,79,Two or More Races,T,True,,16,False,T,December,Friday,Senior
874-43-7034,2024-03-26 03:10:00,T,Mandal,F,6,Two or More Races,T,True,,19,False,T,March,Tuesday,Child
723-18-5369,2024-08-17 07:29:00,T,Vanyutin,F,62,Two or More Races,T,True,,20,False,T,August,Saturday,Senior
140-84-5336,2023-02-09 23:31:00,T,Filov,F,28,Two or More Races,T,True,,45,False,T,February,Thursday,Adult
341-50-7757,2023-05-16 07:52:00,T,Hartigan,F,49,Two or More Races,T,True,,55,True,T,May,Tuesday,Adult
576-33-2866,2023-06-17 02:19:00,U,Olenchikov,F,37,Two or More Races,U,True,,30,False,U,June,Saturday,Adult
856-47-3379,2023-08-08 05:35:00,U,Perfitt,F,35,Two or More Races,U,True,,37,False,U,August,Tuesday,Adult
263-91-2295,2023-05-30 23:56:00,U,Millions,F,14,Two or More Races,U,True,,38,True,U,May,Tuesday,Teen
477-66-8791,2023-08-29 03:09:00,U,MacBrearty,F,54,Two or More Races,U,True,,43,False,U,August,Tuesday,Adult
134-48-7705,2024-02-04 01:20:00,U,Noen,F,73,Two or More Races,U,True,,47,False,U,February,Sunday,Senior
419-18-4859,2023-08-05 18:28:00,V,Kubicka,F,17,Two or More Races,V,True,,26,True,V,August,Saturday,Teen
698-18-8238,2024-08-09 09:56:00,V,Newson,F,79,Two or More Races,V,True,,30,False,V,August,Friday,Senior
133-59-5051,2023-10-04 19:02:00,V,Conrad,F,51,Two or More Races,V,True,,33,False,V,October,Wednesday,Adult
417-42-4910,2023-01-04 23:46:00,V,Clelle,F,79,Two or More Races,V,True,,45,False,V,January,Wednesday,Senior
471-82-1748,2024-01-06 14:35:00,V,Cullrford,F,19,Two or More Races,V,True,,47,False,V,January,Saturday,Adult
802-95-4470,2024-09-28 03:42:00,V,Allardyce,F,35,Two or More Races,V,True,,50,False,V,September,Saturday,Adult
860-78-0173,2024-01-26 21:25:00,V,Farncomb,F,36,Two or More Races,V,True,,53,False,V,January,Friday,Adult
844-57-2534,2024-02-10 19:06:00,V,Dincke,F,42,Two or More Races,V,True,,54,False,V,February,Saturday,Adult
428-19-8362,2023-11-06 13:38:00,V,Seviour,F,71,Two or More Races,V,True,,59,False,V,November,Monday,Senior
649-29-1531,2024-03-23 16:48:00,W,Fitzsymons,F,14,Two or More Races,W,True,,13,False,W,March,Saturday,Teen
897-46-6177,2023-12-04 04:53:00,W,Dillingham,F,52,Two or More Races,W,True,,13,False,W,December,Monday,Adult
359-97-6728,2023-08-15 02:09:00,W,Boch,F,54,Two or More Races,W,True,,16,False,W,August,Tuesday,Adult
499-92-5363,2023-04-11 05:18:00,W,Cayzer,F,2,Two or More Races,W,True,,36,False,W,April,Tuesday,Child
255-19-6333,2024-06-15 22:56:00,W,Daldan,F,38,Two or More Races,W,True,,37,False,W,June,Saturday,Adult
467-94-3398,2024-04-29 12:23:00,W,Bill,F,79,Two or More Races,W,True,,37,False,W,April,Monday,Senior
497-14-4839,2023-06-30 01:48:00,W,Fergusson,F,69,Two or More Races,W,True,,50,False,W,June,Friday,Senior
338-36-9753,2023-10-08 02:06:00,W,Bierton,F,36,Two or More Races,W,True,,55,False,W,October,Sunday,Adult
380-28-2793,2024-03-16 19:43:00,W,Itschakov,F,76,Two or More Races,W,True,,55,False,W,March,Saturday,Senior
466-84-0336,2024-08-16 12:38:00,X,Keynes,F,52,Two or More Races,X,True,,11,False,X,August,Friday,Adult
221-17-0462,2023-09-29 13:06:00,X,Follin,F,50,Two or More Races,X,True,,28,False,X,September,Friday,Adult
895-94-4857,2024-05-03 17:30:00,X,Peplow,F,21,Two or More Races,X,True,,33,False,X,May,Friday,Adult
786-06-4660,2023-08-25 13:50:00,X,Noulton,F,36,Two or More Races,X,True,,34,False,X,August,Friday,Adult
230-36-3922,2023-05-28 08:13:00,X,Pepi,F,70,Two or More Races,X,True,,39,True,X,May,Sunday,Senior
684-92-6450,2024-08-08 08:11:00,X,Ewing,F,79,Two or More Races,X,True,,41,False,X,August,Thursday,Senior
362-70-5793,2024-11-03 02:16:00,X,Ragborne,F,52,Two or More Races,X,True,,42,False,X,November,Sunday,Adult
290-43-5673,2023-12-07 07:35:00,Y,Brunker,F,14,Two or More Races,Y,True,,16,False,Y,December,Thursday,Teen
523-97-7326,2024-04-13 16:23:00,Y,Touzey,F,41,Two or More Races,Y,True,,26,False,Y,April,Saturday,Adult
196-56-2812,2024-08-03 07:03:00,Y,Oller,F,25,Two or More Races,Y,True,,27,False,Y,August,Saturday,Adult
697-49-8948,2023-07-23 07:47:00,Y,Woollard,F,38,Two or More Races,Y,True,,42,False,Y,July,Sunday,Adult
539-91-6495,2024-04-08 04:23:00,Y,Kubat,F,6,Two or More Races,Y,True,,46,False,Y,April,Monday,Child
422-73-8407,2024-06-26 02:52:00,Y,Gowry,F,38,Two or More Races,Y,True,,47,False,Y,June,Wednesday,Adult
205-06-0581,2024-05-25 08:42:00,Y,Caines,F,38,Two or More Races,Y,True,,59,False,Y,May,Saturday,Adult
551-28-0390,2023-12-16 03:18:00,Y,Perone,F,53,Two or More Races,Y,True,,60,False,Y,December,Saturday,Adult
811-45-8659,2023-05-17 09:42:00,Z,Fitkin,F,32,Two or More Races,Z,True,,18,True,Z,May,Wednesday,Adult
514-37-1729,2024-09-14 05:03:00,Z,Howling,F,17,Two or More Races,Z,True,,30,False,Z,September,Saturday,Teen
574-90-3887,2024-01-13 07:35:00,Z,Shakelade,F,15,Two or More Races,Z,True,,33,False,Z,January,Saturday,Teen
337-20-1813,2024-06-26 18:21:00,Z,Twinberrow,F,23,Two or More Races,Z,True,,49,False,Z,June,Wednesday,Adult
509-10-8255,2023-10-13 14:04:00,Z,Skipsey,F,68,Two or More Races,Z,True,,52,False,Z,October,Friday,Senior
844-29-1051,2023-07-10 22:40:00,Z,Deeprose,F,23,Two or More Races,Z,True,,59,False,Z,July,Monday,Adult
156-92-5624,2024-09-01 13:56:00,D,Peirson,F,1,Two or More Races,D,True,0.0,19,False,D,September,Sunday,Child
171-32-2578,2024-04-01 04:44:00,Y,Andrez,F,58,Two or More Races,Y,True,0.0,15,False,Y,April,Monday,Adult
714-05-3336,2024-09-21 09:20:00,N,Quernel,F,73,Two or More Races,N,True,1.0,38,False,N,September,Saturday,Senior
478-46-3518,2024-07-28 17:09:00,R,McFarlane,F,74,Two or More Races,R,True,1.0,39,False,R,July,Sunday,Senior
379-58-8462,2024-01-31 00:26:00,U,Lovell,F,74,Two or More Races,U,True,1.0,18,False,U,January,Wednesday,Senior
283-13-1525,2024-01-08 01:12:00,W,Gyde,F,3,Two or More Races,W,True,1.0,55,False,W,January,Monday,Child
206-69-0689,2023-10-08 21:38:00,Z,Kenrat,F,5,Two or More Races,Z,True,1.0,36,False,Z,October,Sunday,Child
237-94-9372,2024-12-09 19:36:00,G,McSparran,F,41,Two or More Races,G,True,2.0,51,False,G,December,Monday,Adult
568-87-7009,2024-04-17 09:10:00,K,Matusevich,F,45,Two or More Races,K,True,2.0,59,False,K,April,Wednesday,Adult
224-77-9238,2024-02-08 16:29:00,K,Alday,F,45,Two or More Races,K,True,2.0,60,False,K,February,Thursday,Adult
246-06-8866,2024-02-21 14:54:00,V,Coneley,F,34,Two or More Races,V,True,2.0,32,False,V,February,Wednesday,Adult
502-74-6263,2023-06-25 21:32:00,D,Bretherton,F,47,Two or More Races,D,True,3.0,60,False,D,June,Sunday,Adult
350-10-0311,2023-10-28 13:49:00,E,Ahlin,F,69,Two or More Races,E,True,3.0,29,False,E,October,Saturday,Senior
216-23-9901,2024-11-06 07:36:00,F,Alphonso,F,60,Two or More Races,F,True,3.0,44,False,F,November,Wednesday,Adult
420-85-5170,2024-07-20 12:39:00,H,Marlon,F,3,Two or More Races,H,True,3.0,57,False,H,July,Saturday,Child
233-33-9463,2024-03-30 03:05:00,I,Nornasell,F,3,Two or More Races,I,True,3.0,15,False,I,March,Saturday,Child
466-15-0928,2023-09-16 12:28:00,M,Kivell,F,42,Two or More Races,M,True,3.0,29,False,M,September,Saturday,Adult
389-24-7558,2023-04-16 18:07:00,N,Strettell,F,41,Two or More Races,N,True,3.0,31,False,N,April,Sunday,Adult
358-19-9800,2023-07-22 03:13:00,S,Berisford,F,72,Two or More Races,S,True,3.0,44,False,S,July,Saturday,Senior
165-28-1239,2024-07-04 14:47:00,T,Van den Oord,F,23,Two or More Races,T,True,3.0,19,False,T,July,Thursday,Adult
195-72-1556,2024-09-21 04:16:00,N,Blues,F,74,Two or More Races,N,True,4.0,26,False,N,September,Saturday,Senior
831-73-1879,2023-07-22 18:11:00,Q,Simon,F,47,Two or More Races,Q,True,4.0,59,False,Q,July,Saturday,Adult
722-83-5564,2023-10-22 09:32:00,R,Paumier,F,50,Two or More Races,R,True,4.0,58,False,R,October,Sunday,Adult
584-75-1706,2024-01-07 01:31:00,U,Zohrer,F,19,Two or More Races,U,True,4.0,45,False,U,January,Sunday,Adult
623-61-9841,2024-05-27 09:12:00,X,Lewsy,F,67,Two or More Races,X,True,4.0,32,False,X,May,Monday,Senior
570-76-1303,2024-07-03 06:29:00,A,Manley,F,34,Two or More Races,A,True,5.0,40,False,A,July,Wednesday,Adult
307-10-9903,2024-10-20 14:10:00,C,Motton,F,21,Two or More Races,C,True,5.0,45,False,C,October,Sunday,Adult
274-44-4510,2024-01-27 23:14:00,C,Guppy,F,57,Two or More Races,C,True,5.0,49,False,C,January,Saturday,Adult
636-40-6086,2023-04-11 16:04:00,F,Yekel,F,52,Two or More Races,F,True,5.0,51,False,F,April,Tuesday,Adult
708-70-6853,2024-02-23 10:47:00,M,Eallis,F,41,Two or More Races,M,True,5.0,14,False,M,February,Friday,Adult
489-05-8649,2024-09-04 06:57:00,Y,Calan,F,64,Two or More Races,Y,True,5.0,18,False,Y,September,Wednesday,Senior
275-21-8502,2024-09-06 22:09:00,Y,Grimmer,F,76,Two or More Races,Y,True,5.0,30,False,Y,September,Friday,Senior
578-99-8746,2023-05-24 18:31:00,K,Bartalin,F,28,Two or More Races,K,True,6.0,54,True,K,May,Wednesday,Adult
341-60-5841,2023-07-31 21:46:00,N,Auletta,F,34,Two or More Races,N,True,6.0,35,False,N,July,Monday,Adult
120-74-3430,2024-01-20 12:15:00,P,Boreham,F,35,Two or More Races,P,True,6.0,33,False,P,January,Saturday,Adult
249-31-5844,2023-02-09 19:12:00,P,Morsom,F,56,Two or More Races,P,True,6.0,42,False,P,February,Thursday,Adult
246-84-5205,2024-07-03 18:54:00,X,Jarman,F,9,Two or More Races,X,True,6.0,36,False,X,July,Wednesday,Child
310-42-9819,2023-04-10 17:22:00,Z,Bagnold,F,31,Two or More Races,Z,True,6.0,35,False,Z,April,Monday,Adult
140-62-8233,2024-04-26 20:32:00,Z,Palleske,F,31,Two or More Races,Z,True,6.0,41,False,Z,April,Friday,Adult
371-76-0692,2023-05-17 12:54:00,D,Osmint,F,28,Two or More Races,D,True,7.0,10,True,D,May,Wednesday,Adult
599-32-7561,2023-07-05 13:35:00,E,Calcott,F,77,Two or More Races,E,True,7.0,38,True,E,July,Wednesday,Senior
682-94-8732,2023-12-24 08:48:00,I,Bunnell,F,62,Two or More Races,I,True,7.0,28,False,I,December,Sunday,Senior
511-82-4653,2024-09-10 02:07:00,I,Gartin,F,7,Two or More Races,I,True,7.0,52,False,I,September,Tuesday,Child
829-10-5536,2023-12-08 12:46:00,M,Gori,F,27,Two or More Races,M,True,7.0,12,False,M,December,Friday,Adult
195-28-0811,2024-07-06 16:00:00,M,Winkett,F,67,Two or More Races,M,True,7.0,58,False,M,July,Saturday,Senior
488-92-0999,2024-03-23 03:20:00,P,Ayers,F,67,Two or More Races,P,True,7.0,11,False,P,March,Saturday,Senior
178-24-4407,2023-12-08 22:20:00,Q,Sweeney,F,71,Two or More Races,Q,True,7.0,45,False,Q,December,Friday,Senior
389-43-8291,2023-08-20 04:24:00,T,Leach,F,7,Two or More Races,T,True,7.0,45,False,T,August,Sunday,Child
132-13-7157,2024-04-20 22:17:00,Y,McCreedy,F,76,Two or More Races,Y,True,7.0,36,False,Y,April,Saturday,Senior
106-29-7582,2024-07-01 16:12:00,E,Calcut,F,13,Two or More Races,E,True,8.0,11,False,E,July,Monday,Teen
593-38-9878,2024-06-05 18:42:00,H,Atheis,F,2,Two or More Races,H,True,8.0,28,False,H,June,Wednesday,Child
744-03-5281,2024-08-28 20:56:00,Z,Gregorin,F,15,Two or More Races,Z,True,8.0,33,False,Z,August,Wednesday,Teen
849-38-9457,2023-08-05 05:14:00,D,Jiggens,F,78,Two or More Races,D,True,9.0,30,True,D,August,Saturday,Senior
322-37-4264,2024-07-03 16:37:00,E,Auton,F,52,Two or More Races,E,True,9.0,45,False,E,July,Wednesday,Adult
686-61-2694,2024-10-24 11:37:00,O,Gummery,F,48,Two or More Races,O,True,9.0,54,False,O,October,Thursday,Adult
603-26-5838,2024-04-03 03:21:00,R,Elsley,F,4,Two or More Races,R,True,9.0,11,False,R,April,Wednesday,Child
459-06-4503,2024-02-06 07:15:00,Y,Lincoln,F,38,Two or More Races,Y,True,9.0,13,False,Y,February,Tuesday,Adult
805-12-6491,2023-10-19 18:57:00,Y,Collcott,F,53,Two or More Races,Y,True,9.0,47,False,Y,October,Thursday,Adult
335-53-6706,2024-05-29 10:57:00,Z,Brandino,F,36,Two or More Races,Z,True,9.0,58,False,Z,May,Wednesday,Adult
370-58-5256,2024-09-25 12:57:00,B,Norkett,F,41,Two or More Races,B,True,10.0,18,False,B,September,Wednesday,Adult
443-52-9348,2023-12-25 20:05:00,E,Kasperski,F,36,Two or More Races,E,True,10.0,13,False,E,December,Monday,Adult
798-67-0882,2024-03-28 19:08:00,U,Dofty,F,42,Two or More Races,U,True,10.0,26,False,U,March,Thursday,Adult
674-03-7037,2024-10-17 10:06:00,Y,Winchester,F,30,Two or More Races,Y,True,10.0,59,False,Y,October,Thursday,Adult
675-74-4830,2024-10-21 19:52:00,A,MacCosto,F,75,Two or More Races,A,True,,53,False,A,October,Monday,Senior
429-25-2267,2023-04-10 04:33:00,C,Fowlds,F,46,Two or More Races,C,True,,34,False,C,April,Monday,Adult
814-16-5063,2024-06-19 08:35:00,E,Sheasby,F,78,Two or More Races,E,True,,47,False,E,June,Wednesday,Senior
171-14-8581,2023-09-11 05:50:00,I,Whitmore,F,56,Two or More Races,I,True,,12,False,I,September,Monday,Adult
119-37-8978,2023-08-12 01:51:00,I,Drakard,F,72,Two or More Races,I,True,,49,False,I,August,Saturday,Senior
822-41-7734,2024-12-08 14:46:00,J,Dowall,F,27,Two or More Races,J,True,,52,False,J,December,Sunday,Adult
216-85-2300,2024-07-26 01:12:00,N,Kenforth,F,29,Two or More Races,N,True,,38,False,N,July,Friday,Adult
485-49-0599,2024-04-21 07:11:00,N,Nel,F,31,Two or More Races,N,True,,40,False,N,April,Sunday,Adult
440-04-5619,2023-09-18 04:12:00,P,Kivlehan,F,48,Two or More Races,P,True,,48,False,P,September,Monday,Adult
261-68-3689,2024-04-28 14:21:00,Q,Hedditeh,F,6,Two or More Races,Q,True,,45,False,Q,April,Sunday,Child
616-88-3087,2023-12-14 20:10:00,R,Hagan,F,43,Two or More Races,R,True,,49,False,R,December,Thursday,Adult
643-42-0906,2024-05-22 04:52:00,T,Barrett,F,46,Two or More Races,T,True,,20,False,T,May,Wednesday,Adult
761-34-5834,2023-06-17 00:20:00,X,Penddreth,F,17,Two or More Races,X,True,,15,False,X,June,Saturday,Teen
650-34-0647,2023-10-25 04:44:00,X,Withers,F,34,Two or More Races,X,True,,29,False,X,October,Wednesday,Adult
589-07-2378,2024-09-10 02:46:00,Y,Lindores,F,65,Two or More Races,Y,True,,54,False,Y,September,Tuesday,Senior
640-63-5453,2023-08-18 17:54:00,Z,Curl,F,23,Two or More Races,Z,True,,10,False,Z,August,Friday,Adult
400-51-3029,2024-08-02 22:19:00,X,Abdy,F,41,Two or More Races,X,True,0.0,49,False,X,August,Friday,Adult
245-09-8382,2023-10-30 14:23:00,B,Tennick,F,18,Two or More Races,B,True,2.0,35,False,B,October,Monday,Teen
604-19-2040,2024-08-28 15:48:00,J,Founds,F,54,Two or More Races,J,True,6.0,30,False,J,August,Wednesday,Adult
637-90-2785,2023-04-06 23:30:00,H,Garside,F,75,Two or More Races,H,True,7.0,13,False,H,April,Thursday,Senior
593-93-2765,2023-08-04 20:10:00,E,Le Huquet,F,2,Two or More Races,E,True,8.0,25,False,E,August,Friday,Child
425-45-8845,2023-11-21 19:18:00,G,Mackiewicz,F,10,Two or More Races,G,True,9.0,11,False,G,November,Tuesday,Child
171-97-5054,2024-04-08 22:30:00,G,MacCosto,F,46,Two or More Races,G,True,9.0,30,False,G,April,Monday,Adult
760-97-7277,2023-07-26 00:11:00,Q,Benam,F,27,Two or More Races,Q,True,9.0,58,False,Q,July,Wednesday,Adult
669-18-2341,2023-03-07 18:28:00,G,Prazer,F,37,Two or More Races,G,True,,49,False,G,March,Tuesday,Adult
707-35-6910,2024-01-08 20:38:00,I,Kennler,F,61,Two or More Races,I,True,,27,False,I,January,Monday,Senior
793-72-2819,2023-04-10 03:05:00,K,Ogdahl,F,73,Two or More Races,K,True,,18,False,K,April,Monday,Senior
422-87-0090,2023-09-22 19:55:00,K,Doerren,F,47,Two or More Races,K,True,,19,False,K,September,Friday,Adult
875-34-4380,2024-02-16 05:06:00,J,Legging,F,3,Two or More Races,J,True,2.0,14,False,J,February,Friday,Child
852-80-8003,2023-07-14 06:41:00,X,Moneypenny,F,69,Two or More Races,X,True,2.0,48,False,X,July,Friday,Senior
404-25-9280,2023-05-14 17:23:00,B,Knowler,F,31,Two or More Races,B,True,,27,True,B,May,Sunday,Adult
643-14-5413,2023-12-10 03:19:00,D,De Caroli,F,54,Two or More Races,D,True,,53,False,D,December,Sunday,Adult
697-08-8904,2023-03-07 01:53:00,D,Sneddon,F,72,White,D,True,,41,False,D,March,Tuesday,Senior
293-45-9729,2024-08-19 12:01:00,F,Francais,F,15,White,F,True,,40,False,F,August,Monday,Teen
479-82-6847,2023-06-10 10:27:00,F,Rannald,F,7,White,F,True,,53,False,F,June,Saturday,Child
565-24-0607,2024-04-05 06:06:00,G,Meddemmen,F,41,White,G,True,,48,False,G,April,Friday,Adult
568-58-7867,2024-08-21 05:31:00,H,McGilvary,F,62,White,H,True,,28,False,H,August,Wednesday,Senior
719-12-1585,2023-10-25 20:45:00,J,Woltering,F,5,White,J,True,,16,False,J,October,Wednesday,Child
848-85-3012,2024-08-02 20:16:00,O,Kauffman,F,22,White,O,True,,41,False,O,August,Friday,Adult
702-17-2187,2024-10-23 01:58:00,P,Fishe,F,64,White,P,True,,60,False,P,October,Wednesday,Senior
206-35-3192,2024-06-03 00:11:00,Q,Treffry,F,40,White,Q,True,,44,False,Q,June,Monday,Adult
154-03-1861,2024-04-25 22:57:00,Q,Martt,F,57,White,Q,True,,55,False,Q,April,Thursday,Adult
121-51-9644,2023-08-29 09:12:00,P,O'Sullivan,F,27,White,P,True,1.0,20,False,P,August,Tuesday,Adult
154-08-4257,2023-02-08 12:59:00,X,Coventon,F,59,White,X,True,2.0,13,False,X,February,Wednesday,Adult
408-41-7059,2023-09-18 23:48:00,K,Kilpin,F,37,White,K,True,4.0,22,False,K,September,Monday,Adult
462-41-3786,2024-09-04 07:08:00,U,Chinnock,F,71,White,U,True,4.0,52,False,U,September,Wednesday,Senior
714-02-5849,2023-05-10 07:26:00,H,Steinhammer,F,25,White,H,True,6.0,38,False,H,May,Wednesday,Adult
768-69-7056,2023-10-12 08:31:00,X,Heales,F,72,White,X,True,6.0,58,False,X,October,Thursday,Senior
301-60-9365,2024-05-09 21:29:00,J,Castelluzzi,F,17,White,J,True,7.0,60,False,J,May,Thursday,Teen
461-55-0550,2023-06-29 19:19:00,L,Fawlks,F,59,White,L,True,7.0,47,False,L,June,Thursday,Adult
641-80-7935,2024-10-17 09:23:00,V,Mandy,F,63,White,V,True,8.0,11,False,V,October,Thursday,Senior
726-10-5465,2024-11-06 06:37:00,E,Vooght,F,43,White,E,True,,46,False,E,November,Wednesday,Adult
835-94-6808,2023-04-06 10:46:00,N,Jarvis,F,13,White,N,True,,60,False,N,April,Thursday,Teen
856-07-9802,2023-05-04 05:43:00,P,Flukes,F,23,White,P,True,,34,False,P,May,Thursday,Adult
688-06-4798,2024-09-20 20:25:00,V,Hacquard,F,70,White,V,True,,11,False,V,September,Friday,Senior
582-72-6724,2023-07-30 12:54:00,Z,Cowderoy,F,70,White,Z,True,,16,False,Z,July,Sunday,Senior
123-48-8041,2024-04-07 19:29:00,M,Cyphus,F,64,White,M,True,3.0,30,False,M,April,Sunday,Senior
260-68-9723,2023-09-27 22:14:00,R,Silverston,F,19,White,R,True,7.0,57,False,R,September,Wednesday,Adult
246-48-0846,2023-06-27 02:35:00,Z,Kays,F,47,White,Z,True,7.0,32,False,Z,June,Tuesday,Adult
392-91-5620,2024-02-25 23:05:00,B,Pyer,F,63,White,B,True,,26,False,B,February,Sunday,Senior
198-08-3001,2024-03-30 19:42:00,B,Dallow,F,52,White,B,True,,34,False,B,March,Saturday,Adult
312-12-5886,2024-11-10 08:16:00,B,Patemore,F,36,White,B,True,,36,False,B,November,Sunday,Adult
256-24-0224,2024-03-25 14:53:00,B,Daens,F,75,White,B,True,,39,False,B,March,Monday,Senior
505-50-0210,2024-07-03 05:49:00,B,Newvill,F,53,White,B,True,,41,False,B,July,Wednesday,Adult
333-35-9595,2023-05-17 21:20:00,C,Scola,F,27,White,C,True,,40,True,C,May,Wednesday,Adult
745-61-1116,2023-11-05 05:44:00,C,Humpage,F,75,White,C,True,,47,True,C,November,Sunday,Senior
731-89-5373,2024-09-21 18:44:00,C,Jonson,F,30,White,C,True,,60,False,C,September,Saturday,Adult
109-11-0500,2024-07-18 16:24:00,D,Becket,F,25,White,D,True,,22,False,D,July,Thursday,Adult
631-77-8384,2023-12-19 21:58:00,D,Dutteridge,F,38,White,D,True,,24,False,D,December,Tuesday,Adult
162-97-8549,2023-09-16 05:53:00,D,Pointer,F,50,White,D,True,,25,False,D,September,Saturday,Adult
386-69-5532,2024-11-10 04:38:00,D,Chapelhow,F,65,White,D,True,,25,False,D,November,Sunday,Senior
570-43-7551,2024-09-23 09:45:00,D,Cashin,F,58,White,D,True,,38,False,D,September,Monday,Adult
744-31-9326,2024-04-15 14:12:00,E,Pettyfer,F,16,White,E,True,,23,False,E,April,Monday,Teen
208-13-0472,2023-11-21 02:41:00,E,Morais,F,45,White,E,True,,25,False,E,November,Tuesday,Adult
667-75-8929,2024-10-20 10:13:00,E,Delion,F,5,White,E,True,,38,False,E,October,Sunday,Child
167-67-7087,2024-03-28 05:25:00,E,Hardaway,F,35,White,E,True,,52,False,E,March,Thursday,Adult
304-29-9773,2023-04-22 21:32:00,E,Otley,F,43,White,E,True,,55,False,E,April,Saturday,Adult
130-34-9435,2024-10-06 21:40:00,F,Antwis,F,7,White,F,True,,29,False,F,October,Sunday,Child
324-61-3810,2024-10-13 18:56:00,F,Leivers,F,51,White,F,True,,40,False,F,October,Sunday,Adult
769-03-0157,2023-05-22 09:56:00,F,Sisland,F,50,White,F,True,,60,True,F,May,Monday,Adult
754-98-4218,2024-07-27 02:25:00,G,Varian,F,27,White,G,True,,11,False,G,July,Saturday,Adult
775-45-1167,2024-10-16 01:26:00,G,Aveson,F,28,White,G,True,,16,False,G,October,Wednesday,Adult
214-64-8639,2023-04-25 04:33:00,G,La Wille,F,75,White,G,True,,58,False,G,April,Tuesday,Senior
784-41-9437,2024-01-18 10:17:00,G,Walker,F,8,White,G,True,,59,False,G,January,Thursday,Child
404-79-6616,2024-06-18 01:38:00,H,Malyon,F,38,White,H,True,,13,False,H,June,Tuesday,Adult
243-35-8779,2024-08-03 02:48:00,H,Rasell,F,78,White,H,True,,38,False,H,August,Saturday,Senior
898-98-4823,2023-03-09 16:29:00,H,Klais,F,56,White,H,True,,48,False,H,March,Thursday,Adult
564-43-2650,2023-06-14 12:07:00,I,Gooding,F,63,White,I,True,,14,False,I,June,Wednesday,Senior
216-32-9846,2023-04-25 10:03:00,I,Cettell,F,66,White,I,True,,30,False,I,April,Tuesday,Senior
719-19-2025,2023-07-30 14:40:00,I,Waldren,F,54,White,I,True,,32,False,I,July,Sunday,Adult
891-56-9495,2023-04-14 06:17:00,I,Eyres,F,17,White,I,True,,40,False,I,April,Friday,Teen
242-79-8906,2023-10-14 17:31:00,J,Gavozzi,F,64,White,J,True,,60,False,J,October,Saturday,Senior
593-14-3589,2024-10-28 18:57:00,L,Priestley,F,33,White,L,True,,17,False,L,October,Monday,Adult
352-70-3795,2023-01-06 22:24:00,L,Ord,F,27,White,L,True,,46,False,L,January,Friday,Adult
896-70-9335,2023-10-18 06:55:00,M,Steinor,F,49,White,M,True,,12,False,M,October,Wednesday,Adult
163-37-3593,2023-11-09 17:38:00,M,Hazley,F,44,White,M,True,,15,False,M,November,Thursday,Adult
852-57-6371,2024-01-25 00:27:00,M,Roels,F,37,White,M,True,,17,False,M,January,Thursday,Adult
227-92-6315,2024-05-08 18:56:00,M,Guillain,F,69,White,M,True,,30,False,M,May,Wednesday,Senior
704-38-7358,2024-11-07 04:17:00,N,Lambard,F,41,White,N,True,,27,False,N,November,Thursday,Adult
899-73-5432,2023-07-30 07:09:00,N,Klasing,F,8,White,N,True,,29,False,N,July,Sunday,Child
449-57-7823,2023-10-25 00:33:00,N,Weatherell,F,14,White,N,True,,29,False,N,October,Wednesday,Teen
386-93-0195,2023-08-29 15:18:00,N,Ipplett,F,6,White,N,True,,31,False,N,August,Tuesday,Child
681-09-1146,2024-04-25 20:46:00,N,Schroeder,F,60,White,N,True,,49,False,N,April,Thursday,Adult
694-42-3578,2023-05-05 11:35:00,O,Gullberg,F,56,White,O,True,,24,True,O,May,Friday,Adult
828-58-5766,2024-05-01 00:04:00,O,Brockie,F,30,White,O,True,,29,False,O,May,Wednesday,Adult
232-22-8377,2024-01-23 16:23:00,O,Messham,F,75,White,O,True,,44,False,O,January,Tuesday,Senior
330-15-2022,2024-03-25 14:35:00,P,Durdy,F,28,White,P,True,,48,False,P,March,Monday,Adult
293-87-7863,2024-06-06 05:43:00,Q,Mulliss,F,69,White,Q,True,,54,False,Q,June,Thursday,Senior
624-10-4726,2023-08-20 11:02:00,Q,Tippings,F,20,White,Q,True,,57,False,Q,August,Sunday,Adult
470-60-5830,2023-10-12 20:34:00,Q,Olenchenko,F,53,White,Q,True,,57,False,Q,October,Thursday,Adult
737-87-2672,2024-11-08 05:23:00,R,Arniz,F,32,White,R,True,,27,False,R,November,Friday,Adult
894-85-2431,2023-11-12 17:44:00,R,Stainton - Skinn,F,4,White,R,True,,28,False,R,November,Sunday,Child
880-71-5024,2024-09-17 15:43:00,R,Roydon,F,67,White,R,True,,34,False,R,September,Tuesday,Senior
693-79-5815,2023-04-16 19:37:00,R,Hintze,F,17,White,R,True,,48,False,R,April,Sunday,Teen
124-83-1571,2024-08-19 04:40:00,R,Janik,F,44,White,R,True,,56,False,R,August,Monday,Adult
634-04-5264,2024-09-09 17:25:00,R,Possek,F,70,White,R,True,,57,False,R,September,Monday,Senior
624-07-8564,2024-12-10 07:34:00,S,Fegan,F,27,White,S,True,,34,False,S,December,Tuesday,Adult
711-91-1753,2023-10-18 07:28:00,T,Oliveras,F,34,White,T,True,,46,False,T,October,Wednesday,Adult
548-51-4965,2024-02-17 21:15:00,T,Figura,F,77,White,T,True,,54,False,T,February,Saturday,Senior
140-25-6958,2024-06-20 07:20:00,T,Sivorn,F,19,White,T,True,,58,False,T,June,Thursday,Adult
290-33-0784,2023-01-12 13:16:00,U,Battman,F,70,White,U,True,,10,False,U,January,Thursday,Senior
736-65-1711,2023-02-11 11:34:00,U,Rumble,F,55,White,U,True,,39,False,U,February,Saturday,Adult
396-62-3227,2024-04-30 00:59:00,U,Iwanowicz,F,59,White,U,True,,39,False,U,April,Tuesday,Adult
486-16-3524,2024-09-19 23:19:00,V,Haitlie,F,33,White,V,True,,38,False,V,September,Thursday,Adult
824-49-2063,2023-09-22 20:57:00,V,Grahamslaw,F,1,White,V,True,,56,False,V,September,Friday,Child
725-92-4975,2023-10-04 04:24:00,W,Goldstone,F,35,White,W,True,,19,False,W,October,Wednesday,Adult
759-28-1275,2024-02-05 20:04:00,W,Shaplin,F,53,White,W,True,,24,False,W,February,Monday,Adult
860-61-6074,2023-05-06 18:45:00,W,Brickstock,F,72,White,W,True,,25,False,W,May,Saturday,Senior
425-78-2883,2023-04-12 15:37:00,X,Heintzsch,F,20,White,X,True,,52,False,X,April,Wednesday,Adult
262-44-2199,2023-08-14 03:37:00,X,Breche,F,6,White,X,True,,54,False,X,August,Monday,Child
275-99-2473,2024-05-07 01:24:00,X,Burgett,F,39,White,X,True,,59,False,X,May,Tuesday,Adult
394-02-2360,2024-11-09 00:02:00,Y,Chappelle,F,37,White,Y,True,,22,False,Y,November,Saturday,Adult
526-02-1830,2024-01-18 15:35:00,Y,Filgate,F,42,White,Y,True,,46,False,Y,January,Thursday,Adult
379-54-8312,2023-04-24 17:51:00,Z,Szymanek,F,74,White,Z,True,,16,False,Z,April,Monday,Senior
386-17-3826,2023-12-15 06:08:00,Z,Eiler,F,21,White,Z,True,,27,False,Z,December,Friday,Adult
312-76-3868,2023-01-06 18:31:00,Z,O'Doherty,F,79,White,Z,True,,44,False,Z,January,Friday,Senior
295-04-1906,2024-03-09 13:18:00,B,Skin,F,62,White,B,True,0.0,47,False,B,March,Saturday,Senior
587-40-6537,2023-05-28 13:19:00,E,Lettuce,F,77,White,E,True,0.0,52,True,E,May,Sunday,Senior
419-26-1516,2024-10-29 09:13:00,S,Bilovsky,F,21,White,S,True,0.0,24,False,S,October,Tuesday,Adult
461-76-6137,2024-05-23 23:32:00,D,Scud,F,26,White,D,True,1.0,37,False,D,May,Thursday,Adult
552-27-9168,2024-04-20 13:39:00,O,Po,F,57,White,O,True,1.0,28,False,O,April,Saturday,Adult
209-76-3431,2024-08-30 06:30:00,E,Schimaschke,F,33,White,E,True,2.0,32,False,E,August,Friday,Adult
509-22-5012,2023-05-11 06:35:00,P,Aggis,F,15,White,P,True,2.0,43,False,P,May,Thursday,Teen
665-01-2413,2024-02-17 22:57:00,Y,Yakob,F,5,White,Y,True,2.0,36,False,Y,February,Saturday,Child
598-59-6394,2023-06-12 04:00:00,Y,Upchurch,F,32,White,Y,True,2.0,58,False,Y,June,Monday,Adult
262-75-8796,2024-01-17 08:36:00,H,Redihalgh,F,18,White,H,True,3.0,22,False,H,January,Wednesday,Teen
635-27-4110,2023-09-17 03:09:00,J,Schruyer,F,9,White,J,True,3.0,32,False,J,September,Sunday,Child
823-66-1885,2023-10-05 16:48:00,K,Rolfo,F,39,White,K,True,3.0,23,True,K,October,Thursday,Adult
731-69-9552,2024-08-04 23:13:00,D,Langeren,F,23,White,D,True,4.0,10,False,D,August,Sunday,Adult
766-83-5972,2024-08-19 03:45:00,F,Durnill,F,42,White,F,True,4.0,39,False,F,August,Monday,Adult
298-91-5578,2023-06-27 19:47:00,S,Stanfield,F,70,White,S,True,4.0,44,False,S,June,Tuesday,Senior
261-20-6037,2023-04-22 22:10:00,A,Whitemarsh,F,58,White,A,True,5.0,35,False,A,April,Saturday,Adult
771-03-7336,2023-02-04 00:43:00,E,Sessions,F,29,White,E,True,5.0,26,False,E,February,Saturday,Adult
196-37-4530,2023-08-19 23:35:00,O,Lovewell,F,3,White,O,True,5.0,42,False,O,August,Saturday,Child
235-08-1285,2023-12-29 08:14:00,P,Draycott,F,58,White,P,True,5.0,14,False,P,December,Friday,Adult
214-91-3829,2023-01-05 06:05:00,Y,Maylor,F,77,White,Y,True,5.0,46,True,Y,January,Thursday,Senior
399-75-7983,2024-05-18 07:46:00,U,Kleynen,F,23,White,U,True,6.0,41,False,U,May,Saturday,Adult
614-75-1257,2024-03-26 05:07:00,X,Stallion,F,11,White,X,True,6.0,58,False,X,March,Tuesday,Child
660-42-0591,2023-10-15 07:04:00,E,Michelotti,F,68,White,E,True,7.0,33,False,E,October,Sunday,Senior
137-94-4888,2023-03-05 06:23:00,E,Mattheis,F,31,White,E,True,7.0,43,True,E,March,Sunday,Adult
768-98-4894,2023-05-11 09:45:00,U,McLarty,F,61,White,U,True,7.0,52,False,U,May,Thursday,Senior
390-43-5551,2023-08-12 22:00:00,W,Fordyce,F,14,White,W,True,7.0,41,False,W,August,Saturday,Teen
323-14-5080,2023-05-23 15:37:00,X,Idle,F,8,White,X,True,7.0,14,True,X,May,Tuesday,Child
513-36-1037,2023-08-21 02:28:00,Z,Branchflower,F,69,White,Z,True,7.0,22,False,Z,August,Monday,Senior
490-11-8769,2024-01-02 07:32:00,F,Bourcq,F,39,White,F,True,8.0,37,False,F,January,Tuesday,Adult
798-22-8341,2023-05-10 07:24:00,H,Weerdenburg,F,18,White,H,True,8.0,12,False,H,May,Wednesday,Teen
762-06-3723,2024-02-27 11:54:00,O,de Clerk,F,22,White,O,True,8.0,52,False,O,February,Tuesday,Adult
556-89-6240,2023-09-05 19:16:00,B,Runham,F,58,White,B,True,9.0,16,True,B,September,Tuesday,Adult
549-72-7509,2023-11-16 18:04:00,F,Sansbury,F,49,White,F,True,9.0,28,False,F,November,Thursday,Adult
487-35-6749,2023-09-11 16:37:00,G,Heelis,F,71,White,G,True,9.0,18,False,G,September,Monday,Senior
621-62-5464,2024-02-01 18:53:00,I,Gawthorp,F,40,White,I,True,9.0,17,False,I,February,Thursday,Adult
306-19-5290,2024-08-30 02:51:00,R,Onians,F,27,White,R,True,9.0,42,False,R,August,Friday,Adult
759-80-5949,2024-10-19 03:55:00,Z,Maccree,F,49,White,Z,True,9.0,46,False,Z,October,Saturday,Adult
211-58-9428,2024-08-23 22:21:00,D,Geockle,F,74,White,D,True,10.0,49,False,D,August,Friday,Senior
193-77-7514,2024-05-16 11:02:00,I,Trigwell,F,26,White,I,True,10.0,40,False,I,May,Thursday,Adult
863-21-0169,2023-05-17 02:57:00,Q,Corstorphine,F,39,White,Q,True,10.0,19,True,Q,May,Wednesday,Adult
617-16-3537,2024-08-30 06:27:00,A,Gansbuhler,F,57,White,A,True,,48,False,A,August,Friday,Adult
276-85-5628,2024-04-27 02:32:00,C,Thirtle,F,27,White,C,True,,23,False,C,April,Saturday,Adult
605-75-8255,2023-05-05 12:58:00,E,Fernez,F,38,White,E,True,,52,True,E,May,Friday,Adult
716-64-7519,2023-10-06 05:06:00,I,MacAscaidh,F,51,White,I,True,,39,False,I,October,Friday,Adult
739-54-8847,2024-09-23 15:54:00,I,Egglestone,F,9,White,I,True,,59,False,I,September,Monday,Child
858-06-1882,2024-05-04 10:11:00,N,Hoggan,F,79,White,N,True,,23,False,N,May,Saturday,Senior
128-05-1579,2023-09-06 01:37:00,T,MacCarrick,F,30,White,T,True,,56,False,T,September,Wednesday,Adult
863-96-5808,2024-10-10 15:23:00,Z,Finlow,F,20,White,Z,True,,51,False,Z,October,Thursday,Adult
158-13-3727,2023-09-22 15:43:00,Z,Karpmann,F,70,White,Z,True,1.0,30,False,Z,September,Friday,Senior
893-28-5273,2023-01-06 23:31:00,F,Metcalf,F,23,White,F,True,2.0,42,False,F,January,Friday,Adult
254-35-5734,2024-01-02 04:11:00,S,Foulstone,F,32,White,S,True,5.0,60,False,S,January,Tuesday,Adult
426-94-0569,2024-10-17 04:42:00,H,Siss,F,35,White,H,True,9.0,49,False,H,October,Thursday,Adult
242-46-7448,2024-03-08 03:50:00,U,Chippin,F,29,White,U,True,10.0,20,False,U,March,Friday,Adult
115-71-1308,2024-04-26 21:32:00,A,Jeggo,F,1,White,A,True,,12,False,A,April,Friday,Child
493-76-6065,2024-08-04 14:59:00,A,Batte,F,27,White,A,True,,13,False,A,August,Sunday,Adult
307-83-2857,2024-02-08 18:49:00,A,Backshaw,F,18,White,A,True,,21,False,A,February,Thursday,Teen
283-68-9956,2023-12-28 06:33:00,A,Goodricke,F,10,White,A,True,,23,False,A,December,Thursday,Child
162-06-4044,2023-10-18 00:17:00,A,Godspede,F,45,White,A,True,,27,False,A,October,Wednesday,Adult
820-21-1992,2023-09-28 05:09:00,A,McMorland,F,41,White,A,True,,33,False,A,September,Thursday,Adult
440-08-8558,2023-03-12 22:47:00,A,Sneezem,F,49,White,A,True,,33,False,A,March,Sunday,Adult
873-95-7772,2023-07-17 08:11:00,A,Floyd,F,36,White,A,True,,38,False,A,July,Monday,Adult
175-29-2235,2024-01-31 03:57:00,A,Wolfit,F,57,White,A,True,,38,False,A,January,Wednesday,Adult
748-73-6404,2023-12-15 22:49:00,A,Dennitts,F,63,White,A,True,,40,False,A,December,Friday,Senior
427-96-4240,2023-05-30 03:10:00,B,Utting,F,36,White,B,True,,10,True,B,May,Tuesday,Adult
141-90-4537,2024-03-20 12:07:00,B,Kornyshev,F,15,White,B,True,,15,False,B,March,Wednesday,Teen
243-08-9374,2023-04-05 15:09:00,B,Capstick,F,63,White,B,True,,16,True,B,April,Wednesday,Senior
740-40-8810,2023-07-14 10:33:00,B,Sillick,F,43,White,B,True,,21,False,B,July,Friday,Adult
159-15-1286,2023-07-25 06:17:00,B,Morant,F,75,White,B,True,,22,False,B,July,Tuesday,Senior
304-66-6297,2024-02-18 14:26:00,B,Iddenden,F,31,White,B,True,,39,False,B,February,Sunday,Adult
312-86-7147,2024-08-31 18:12:00,B,Masterton,F,37,White,B,True,,43,False,B,August,Saturday,Adult
471-34-5753,2024-01-15 21:23:00,B,Connock,F,76,White,B,True,,55,False,B,January,Monday,Senior
123-01-6587,2023-05-15 21:49:00,B,Billingham,F,59,White,B,True,,59,True,B,May,Monday,Adult
148-71-3350,2023-09-27 19:01:00,C,Clute,F,22,White,C,True,,19,False,C,September,Wednesday,Adult
310-57-6808,2024-10-24 09:35:00,C,Tinton,F,40,White,C,True,,27,False,C,October,Thursday,Adult
429-49-9383,2023-07-30 06:07:00,C,Ovenell,F,43,White,C,True,,35,False,C,July,Sunday,Adult
636-65-9131,2023-01-10 04:06:00,C,Melladew,F,74,White,C,True,,40,False,C,January,Tuesday,Senior
117-34-7854,2024-08-09 21:19:00,C,Goodhew,F,4,White,C,True,,55,False,C,August,Friday,Child
534-58-7485,2023-12-28 11:53:00,C,Lund,F,60,White,C,True,,58,False,C,December,Thursday,Adult
872-17-6505,2023-05-29 07:54:00,D,Austick,F,59,White,D,True,,14,True,D,May,Monday,Adult
410-07-3685,2023-07-15 16:35:00,D,Paragreen,F,57,White,D,True,,19,False,D,July,Saturday,Adult
642-02-9790,2024-02-08 06:26:00,D,Bassindale,F,23,White,D,True,,20,False,D,February,Thursday,Adult
732-15-8159,2023-06-08 23:08:00,D,Pirkis,F,49,White,D,True,,22,False,D,June,Thursday,Adult
665-11-9872,2024-05-29 08:57:00,D,Gasnell,F,42,White,D,True,,28,False,D,May,Wednesday,Adult
893-49-6850,2024-10-22 06:52:00,D,Gudahy,F,37,White,D,True,,30,False,D,October,Tuesday,Adult
217-68-5823,2023-05-22 23:11:00,D,Minto,F,43,White,D,True,,30,True,D,May,Monday,Adult
789-66-3333,2024-04-20 16:11:00,D,Loalday,F,69,White,D,True,,52,False,D,April,Saturday,Senior
413-65-7874,2023-05-19 01:42:00,D,Dinzey,F,28,White,D,True,,55,True,D,May,Friday,Adult
728-48-6496,2023-01-11 03:11:00,E,Liggens,F,13,White,E,True,,16,False,E,January,Wednesday,Teen
869-21-9278,2023-09-14 19:39:00,E,Karlolczak,F,20,White,E,True,,19,False,E,September,Thursday,Adult
170-06-8817,2024-04-13 09:06:00,E,Robb,F,18,White,E,True,,27,False,E,April,Saturday,Teen
375-90-1345,2023-05-12 12:19:00,E,Ibert,F,71,White,E,True,,44,False,E,May,Friday,Senior
356-43-7542,2024-01-02 23:57:00,E,Blunden,F,5,White,E,True,,50,False,E,January,Tuesday,Child
481-80-2217,2024-02-03 17:20:00,E,Billham,F,15,White,E,True,,55,False,E,February,Saturday,Teen
533-87-1299,2024-01-01 12:55:00,E,Brownlee,F,28,White,E,True,,57,False,E,January,Monday,Adult
356-90-7296,2023-12-27 08:14:00,E,Jewes,F,39,White,E,True,,57,False,E,December,Wednesday,Adult
886-27-9586,2024-05-26 11:58:00,F,Conaghan,F,23,White,F,True,,18,False,F,May,Sunday,Adult
703-41-7007,2023-04-18 02:50:00,F,Phippen,F,58,White,F,True,,35,False,F,April,Tuesday,Adult
249-96-3585,2024-08-19 03:01:00,F,Salisbury,F,36,White,F,True,,37,False,F,August,Monday,Adult
138-23-1611,2023-07-16 11:32:00,F,Bendle,F,5,White,F,True,,48,False,F,July,Sunday,Child
121-27-3643,2024-07-04 08:15:00,G,Sellstrom,F,75,White,G,True,,16,False,G,July,Thursday,Senior
810-44-3227,2023-11-28 20:27:00,G,Barnett,F,76,White,G,True,,20,False,G,November,Tuesday,Senior
186-51-7721,2024-02-26 07:12:00,G,Skamell,F,35,White,G,True,,24,False,G,February,Monday,Adult
401-77-7410,2023-08-06 16:09:00,G,Wilber,F,55,White,G,True,,24,False,G,August,Sunday,Adult
349-99-1289,2023-08-05 05:54:00,G,Fildes,F,42,White,G,True,,31,True,G,August,Saturday,Adult
101-60-5189,2024-04-08 16:53:00,G,Georger,F,45,White,G,True,,43,False,G,April,Monday,Adult
899-55-9031,2024-04-24 22:08:00,G,Geibel,F,31,White,G,True,,46,False,G,April,Wednesday,Adult
778-65-4673,2024-01-07 12:56:00,G,Summerly,F,13,White,G,True,,49,False,G,January,Sunday,Teen
248-18-0030,2023-05-30 08:59:00,G,Savill,F,7,White,G,True,,54,True,G,May,Tuesday,Child
811-98-4727,2023-07-29 23:29:00,G,Guierre,F,58,White,G,True,,58,False,G,July,Saturday,Adult
111-52-9197,2023-01-04 19:07:00,G,Hawkeswood,F,64,White,G,True,,59,False,G,January,Wednesday,Senior
245-85-4529,2024-06-07 22:15:00,G,Breawood,F,11,White,G,True,,60,False,G,June,Friday,Child
522-70-1823,2024-07-19 22:26:00,H,McKeighen,F,10,White,H,True,,20,False,H,July,Friday,Child
695-96-3195,2024-06-28 01:39:00,H,Pascoe,F,45,White,H,True,,22,False,H,June,Friday,Adult
881-39-8203,2024-10-08 23:50:00,H,Woolens,F,77,White,H,True,,27,False,H,October,Tuesday,Senior
665-57-2100,2024-01-08 11:09:00,H,Gorrissen,F,72,White,H,True,,30,False,H,January,Monday,Senior
669-85-1884,2024-12-07 14:03:00,H,Kenningham,F,11,White,H,True,,34,False,H,December,Saturday,Child
688-42-3225,2023-12-24 16:27:00,H,Matveichev,F,49,White,H,True,,47,False,H,December,Sunday,Adult
314-15-4273,2023-10-12 12:32:00,H,Poulden,F,1,White,H,True,,55,False,H,October,Thursday,Child
104-41-1688,2023-08-04 11:22:00,H,Jime,F,22,White,H,True,,55,False,H,August,Friday,Adult
816-27-9410,2023-11-29 06:57:00,I,Lavell,F,4,White,I,True,,11,False,I,November,Wednesday,Child
335-18-8563,2023-04-06 11:05:00,I,Jeandot,F,36,White,I,True,,15,False,I,April,Thursday,Adult
347-87-0017,2023-09-20 12:11:00,I,Farfalameev,F,73,White,I,True,,17,False,I,September,Wednesday,Senior
153-06-0149,2023-04-15 18:28:00,I,Thominga,F,4,White,I,True,,22,False,I,April,Saturday,Child
820-78-6035,2023-04-26 22:00:00,I,Aronov,F,28,White,I,True,,22,False,I,April,Wednesday,Adult
686-76-3824,2024-10-16 18:26:00,I,Doudny,F,51,White,I,True,,32,False,I,October,Wednesday,Adult
190-62-3939,2024-06-23 08:43:00,I,Barnet,F,15,White,I,True,,33,False,I,June,Sunday,Teen
695-82-0712,2023-07-12 12:59:00,I,Ragbourne,F,75,White,I,True,,34,False,I,July,Wednesday,Senior
728-85-5305,2023-09-10 17:26:00,I,Biagini,F,22,White,I,True,,43,False,I,September,Sunday,Adult
745-85-7922,2023-08-18 13:14:00,I,Ingolotti,F,46,White,I,True,,53,False,I,August,Friday,Adult
607-81-6711,2024-02-23 05:38:00,I,Creebo,F,8,White,I,True,,58,False,I,February,Friday,Child
775-92-7178,2023-08-13 03:31:00,J,Dietzler,F,17,White,J,True,,10,False,J,August,Sunday,Teen
886-57-1192,2023-10-31 18:02:00,J,Tampion,F,7,White,J,True,,17,False,J,October,Tuesday,Child
685-87-5099,2024-09-08 20:29:00,J,Buten,F,22,White,J,True,,19,False,J,September,Sunday,Adult
278-16-0978,2023-06-19 02:24:00,J,Mutimer,F,61,White,J,True,,20,False,J,June,Monday,Senior
778-84-9008,2024-07-29 13:38:00,J,Blackborow,F,7,White,J,True,,33,False,J,July,Monday,Child
382-31-9718,2023-07-20 18:52:00,J,Albrighton,F,46,White,J,True,,38,False,J,July,Thursday,Adult
801-07-7339,2024-06-17 14:06:00,J,Schermick,F,9,White,J,True,,44,False,J,June,Monday,Child
625-89-1102,2023-05-12 09:11:00,J,Oehme,F,18,White,J,True,,51,False,J,May,Friday,Teen
838-81-9021,2024-07-02 05:31:00,K,Leebeter,F,22,White,K,True,,10,False,K,July,Tuesday,Adult
839-41-1835,2023-12-05 10:43:00,K,Zumbusch,F,7,White,K,True,,14,True,K,December,Tuesday,Child
729-89-2202,2024-05-20 03:20:00,K,Ensten,F,74,White,K,True,,26,False,K,May,Monday,Senior
202-25-2915,2023-10-30 15:25:00,K,Bale,F,43,White,K,True,,27,False,K,October,Monday,Adult
273-14-8894,2023-02-12 17:10:00,K,Booij,F,55,White,K,True,,28,False,K,February,Sunday,Adult
746-23-4827,2023-02-05 18:25:00,K,Baelde,F,6,White,K,True,,40,True,K,February,Sunday,Child
733-12-3253,2024-01-29 08:11:00,K,Meanwell,F,53,White,K,True,,52,False,K,January,Monday,Adult
343-57-5815,2023-12-30 02:21:00,K,Aery,F,51,White,K,True,,55,False,K,December,Saturday,Adult
630-94-7356,2024-07-07 13:31:00,L,Mattersey,F,72,White,L,True,,13,False,L,July,Sunday,Senior
794-82-3847,2024-12-02 21:02:00,L,Bagger,F,60,White,L,True,,17,False,L,December,Monday,Adult
316-13-4077,2024-07-21 18:13:00,L,Buesnel,F,3,White,L,True,,18,False,L,July,Sunday,Child
886-03-1751,2024-04-28 04:53:00,L,Hicks,F,41,White,L,True,,19,False,L,April,Sunday,Adult
893-49-5294,2023-12-28 18:31:00,L,Vane,F,69,White,L,True,,26,False,L,December,Thursday,Senior
315-63-4355,2024-09-17 08:42:00,L,Dilawey,F,72,White,L,True,,29,False,L,September,Tuesday,Senior
187-74-1267,2024-05-19 14:29:00,L,Tweedlie,F,3,White,L,True,,32,False,L,May,Sunday,Child
293-46-1362,2023-02-06 00:24:00,L,Woodrooffe,F,16,White,L,True,,32,False,L,February,Monday,Teen
250-32-3822,2023-10-30 16:03:00,L,Ferruzzi,F,27,White,L,True,,40,False,L,October,Monday,Adult
157-96-7378,2024-02-17 06:42:00,L,Lilion,F,47,White,L,True,,45,False,L,February,Saturday,Adult
415-66-4951,2023-05-21 15:45:00,L,Zisneros,F,67,White,L,True,,49,True,L,May,Sunday,Senior
844-81-6009,2024-07-21 15:43:00,L,Wroath,F,43,White,L,True,,53,False,L,July,Sunday,Adult
579-48-1437,2023-04-08 22:45:00,L,Castells,F,9,White,L,True,,60,False,L,April,Saturday,Child
607-93-7414,2024-02-25 11:39:00,M,Fevier,F,49,White,M,True,,13,False,M,February,Sunday,Adult
100-04-3993,2023-04-04 04:50:00,M,St Ange,F,29,White,M,True,,16,False,M,April,Tuesday,Adult
545-72-4306,2024-04-13 08:13:00,M,Skaid,F,2,White,M,True,,25,False,M,April,Saturday,Child
649-31-1998,2024-07-14 21:05:00,M,Strowger,F,63,White,M,True,,26,False,M,July,Sunday,Senior
685-99-9934,2024-03-06 00:49:00,M,Carnilian,F,18,White,M,True,,35,False,M,March,Wednesday,Teen
604-72-2115,2024-11-06 21:11:00,M,Kinghorn,F,32,White,M,True,,37,False,M,November,Wednesday,Adult
466-62-5683,2023-11-23 13:50:00,M,Fairbard,F,61,White,M,True,,41,False,M,November,Thursday,Senior
686-87-6613,2024-10-05 03:11:00,M,Goldsmith,F,75,White,M,True,,45,False,M,October,Saturday,Senior
206-19-3396,2023-10-29 02:11:00,M,Casaroli,F,32,White,M,True,,52,False,M,October,Sunday,Adult
267-55-1101,2023-09-30 18:23:00,M,Matuszynski,F,10,White,M,True,,57,False,M,September,Saturday,Child
146-48-1270,2024-05-19 04:25:00,N,McCraine,F,23,White,N,True,,11,False,N,May,Sunday,Adult
363-91-7135,2024-05-03 18:49:00,N,Dugan,F,51,White,N,True,,11,False,N,May,Friday,Adult
806-43-1330,2024-09-08 07:54:00,N,Legion,F,72,White,N,True,,11,False,N,September,Sunday,Senior
393-31-6473,2024-04-16 23:42:00,N,McVee,F,30,White,N,True,,16,False,N,April,Tuesday,Adult
781-31-2173,2023-07-17 18:55:00,N,Claque,F,60,White,N,True,,20,False,N,July,Monday,Adult
860-64-5355,2024-04-07 22:15:00,N,Aird,F,18,White,N,True,,27,False,N,April,Sunday,Teen
622-90-4135,2024-02-29 00:51:00,N,Nani,F,25,White,N,True,,36,False,N,February,Thursday,Adult
701-32-1463,2024-09-03 04:31:00,N,Darbey,F,67,White,N,True,,40,False,N,September,Tuesday,Senior
621-92-0440,2023-05-11 18:08:00,N,Weall,F,15,White,N,True,,45,False,N,May,Thursday,Teen
110-73-7294,2023-07-08 17:51:00,N,Handrahan,F,63,White,N,True,,56,False,N,July,Saturday,Senior
802-43-8558,2023-01-10 08:27:00,O,Pusey,F,57,White,O,True,,11,False,O,January,Tuesday,Adult
451-83-4132,2024-12-02 12:22:00,O,Bills,F,22,White,O,True,,24,False,O,December,Monday,Adult
760-69-8796,2024-06-20 18:00:00,O,Pawlaczyk,F,74,White,O,True,,26,False,O,June,Thursday,Senior
370-75-6636,2023-05-30 08:21:00,O,Blissitt,F,4,White,O,True,,32,True,O,May,Tuesday,Child
372-60-0704,2024-12-05 02:25:00,O,Teague,F,37,White,O,True,,32,False,O,December,Thursday,Adult
466-80-6058,2024-06-29 19:42:00,O,Crimes,F,27,White,O,True,,39,False,O,June,Saturday,Adult
218-23-7747,2024-03-09 02:12:00,O,Steddall,F,27,White,O,True,,46,False,O,March,Saturday,Adult
392-38-0122,2024-04-14 05:39:00,O,Grigoriev,F,64,White,O,True,,47,False,O,April,Sunday,Senior
890-11-8619,2023-07-08 16:21:00,O,Maypowder,F,43,White,O,True,,51,False,O,July,Saturday,Adult
742-08-0457,2023-09-06 04:39:00,O,Fogel,F,5,White,O,True,,59,False,O,September,Wednesday,Child
448-67-4574,2024-06-24 21:58:00,P,Munehay,F,41,White,P,True,,12,False,P,June,Monday,Adult
389-45-4781,2024-03-22 00:09:00,P,Aynold,F,24,White,P,True,,15,False,P,March,Friday,Adult
372-42-1419,2024-03-24 09:51:00,P,Currington,F,25,White,P,True,,20,False,P,March,Sunday,Adult
786-79-3778,2023-08-16 00:18:00,P,Medley,F,69,White,P,True,,20,False,P,August,Wednesday,Senior
839-32-4736,2023-12-12 15:39:00,P,Matuszinski,F,35,White,P,True,,23,False,P,December,Tuesday,Adult
616-29-5551,2023-01-08 22:41:00,P,Chinge de Hals,F,22,White,P,True,,25,False,P,January,Sunday,Adult
389-33-9944,2023-07-05 23:28:00,P,Rens,F,65,White,P,True,,27,True,P,July,Wednesday,Senior
170-78-1385,2024-03-08 14:16:00,P,Aggiss,F,30,White,P,True,,31,False,P,March,Friday,Adult
850-70-6234,2023-08-20 19:46:00,P,Wray,F,66,White,P,True,,33,False,P,August,Sunday,Senior
529-82-7621,2023-11-17 22:27:00,P,Kilian,F,44,White,P,True,,52,False,P,November,Friday,Adult
151-32-6273,2024-06-05 08:58:00,P,Aisthorpe,F,62,White,P,True,,56,False,P,June,Wednesday,Senior
713-59-1709,2023-08-19 19:43:00,Q,Vears,F,33,White,Q,True,,13,False,Q,August,Saturday,Adult
208-57-1411,2024-06-19 21:40:00,Q,Oxherd,F,75,White,Q,True,,20,False,Q,June,Wednesday,Senior
202-31-8321,2024-02-15 13:40:00,Q,Goose,F,51,White,Q,True,,23,False,Q,February,Thursday,Adult
108-45-7414,2024-01-26 05:43:00,Q,Garroway,F,34,White,Q,True,,28,False,Q,January,Friday,Adult
615-10-6038,2024-08-31 09:53:00,Q,Twinbrow,F,52,White,Q,True,,38,False,Q,August,Saturday,Adult
843-63-4258,2024-04-23 12:12:00,Q,Stiggers,F,35,White,Q,True,,41,False,Q,April,Tuesday,Adult
378-50-4904,2023-10-31 14:25:00,Q,Fitton,F,2,White,Q,True,,45,False,Q,October,Tuesday,Child
255-19-2946,2024-09-09 11:18:00,Q,Dalglish,F,59,White,Q,True,,45,False,Q,September,Monday,Adult
730-33-4575,2024-01-18 22:00:00,Q,Picard,F,44,White,Q,True,,60,False,Q,January,Thursday,Adult
765-93-0785,2024-04-21 07:15:00,R,Haugeh,F,11,White,R,True,,19,False,R,April,Sunday,Child
606-24-1350,2024-06-06 08:18:00,R,Rich,F,54,White,R,True,,21,False,R,June,Thursday,Adult
692-37-6345,2023-06-30 11:41:00,R,Salisbury,F,15,White,R,True,,29,False,R,June,Friday,Teen
215-53-0351,2023-05-07 18:56:00,R,Schust,F,55,White,R,True,,32,False,R,May,Sunday,Adult
405-62-2584,2024-04-04 05:35:00,S,Hedge,F,7,White,S,True,,25,False,S,April,Thursday,Child
573-36-8002,2023-11-24 23:33:00,S,Eads,F,8,White,S,True,,27,False,S,November,Friday,Child
140-51-8841,2023-12-14 01:27:00,S,Novelli,F,16,White,S,True,,34,False,S,December,Thursday,Teen
154-15-2617,2024-06-19 10:08:00,S,Copyn,F,50,White,S,True,,38,False,S,June,Wednesday,Adult
837-47-2662,2024-04-08 09:27:00,S,Colwell,F,27,White,S,True,,42,False,S,April,Monday,Adult
896-98-1041,2024-02-27 02:53:00,S,Zolini,F,12,White,S,True,,44,False,S,February,Tuesday,Child
683-01-7970,2023-05-29 00:06:00,S,Tethcote,F,3,White,S,True,,45,True,S,May,Monday,Child
433-13-6881,2023-08-20 05:57:00,S,Gullane,F,63,White,S,True,,57,False,S,August,Sunday,Senior
367-87-1289,2023-11-19 18:47:00,T,Winspur,F,9,White,T,True,,17,False,T,November,Sunday,Child
750-23-2793,2023-04-20 15:43:00,T,Kener,F,34,White,T,True,,18,False,T,April,Thursday,Adult
192-34-8866,2023-11-16 21:53:00,T,Kluge,F,63,White,T,True,,22,False,T,November,Thursday,Senior
261-16-1672,2023-12-08 04:53:00,T,Brixham,F,55,White,T,True,,26,False,T,December,Friday,Adult
674-12-8997,2024-02-07 06:30:00,T,Napoli,F,18,White,T,True,,33,False,T,February,Wednesday,Teen
611-56-4055,2023-09-20 01:04:00,T,Caccavale,F,22,White,T,True,,37,False,T,September,Wednesday,Adult
168-08-3622,2023-10-28 23:15:00,T,Iliffe,F,72,White,T,True,,43,False,T,October,Saturday,Senior
525-26-1951,2024-05-16 12:16:00,T,Colecrough,F,2,White,T,True,,48,False,T,May,Thursday,Child
233-10-7135,2023-06-22 04:40:00,U,Berendsen,F,24,White,U,True,,20,False,U,June,Thursday,Adult
318-26-1414,2024-09-28 14:47:00,U,Benneyworth,F,27,White,U,True,,23,False,U,September,Saturday,Adult
790-73-9010,2024-05-24 06:36:00,U,Dumini,F,15,White,U,True,,27,False,U,May,Friday,Teen
304-16-6136,2024-11-07 03:42:00,U,Folomkin,F,52,White,U,True,,37,False,U,November,Thursday,Adult
370-63-2061,2023-06-11 05:13:00,U,Yearnes,F,53,White,U,True,,45,False,U,June,Sunday,Adult
135-81-4176,2023-06-26 19:12:00,U,Chastanet,F,22,White,U,True,,56,False,U,June,Monday,Adult
727-03-0231,2023-04-18 00:14:00,U,Kauffman,F,53,White,U,True,,59,False,U,April,Tuesday,Adult
167-98-2758,2023-11-30 16:12:00,V,Pothergill,F,10,White,V,True,,11,False,V,November,Thursday,Child
473-28-7174,2023-09-29 21:40:00,V,Merigon,F,47,White,V,True,,14,False,V,September,Friday,Adult
277-12-6417,2023-03-09 11:13:00,V,Whittington,F,66,White,V,True,,40,False,V,March,Thursday,Senior
371-39-0855,2024-03-15 05:48:00,V,McCreedy,F,15,White,V,True,,51,False,V,March,Friday,Teen
438-38-9392,2024-01-23 12:50:00,V,Pezey,F,70,White,V,True,,59,False,V,January,Tuesday,Senior
648-60-8938,2023-08-05 18:01:00,V,Bellingham,F,79,White,V,True,,60,True,V,August,Saturday,Senior
310-05-1868,2024-04-03 21:13:00,W,Blakelock,F,12,White,W,True,,19,False,W,April,Wednesday,Child
210-50-1801,2024-01-04 08:46:00,W,Martinelli,F,76,White,W,True,,23,False,W,January,Thursday,Senior
110-38-1118,2024-09-08 22:49:00,W,Laing,F,45,White,W,True,,45,False,W,September,Sunday,Adult
330-88-2389,2023-10-19 07:33:00,W,Rosenfrucht,F,73,White,W,True,,45,False,W,October,Thursday,Senior
261-65-5742,2023-04-13 13:48:00,X,Mugford,F,77,White,X,True,,10,False,X,April,Thursday,Senior
561-56-3940,2024-03-25 09:52:00,X,Chidlow,F,16,White,X,True,,17,False,X,March,Monday,Teen
174-22-5046,2023-10-07 12:57:00,X,Driuzzi,F,29,White,X,True,,23,False,X,October,Saturday,Adult
419-41-5696,2024-08-26 08:06:00,X,Hebble,F,74,White,X,True,,27,False,X,August,Monday,Senior
180-76-2943,2024-06-15 19:14:00,X,Zarfai,F,1,White,X,True,,29,False,X,June,Saturday,Child
559-71-3169,2024-07-25 00:39:00,X,Ebbett,F,13,White,X,True,,30,False,X,July,Thursday,Teen
852-82-9914,2023-11-09 05:45:00,X,Piffe,F,41,White,X,True,,41,False,X,November,Thursday,Adult
657-61-2319,2024-10-03 23:18:00,X,Seeks,F,77,White,X,True,,48,False,X,October,Thursday,Senior
738-82-3669,2023-03-08 18:29:00,X,Faldo,F,79,White,X,True,,48,False,X,March,Wednesday,Senior
600-74-3535,2023-07-08 02:22:00,X,Cammish,F,9,White,X,True,,49,False,X,July,Saturday,Child
200-22-2878,2023-05-16 05:28:00,X,Schwier,F,57,White,X,True,,49,True,X,May,Tuesday,Adult
891-62-7156,2023-12-30 01:57:00,X,Ellen,F,75,White,X,True,,50,False,X,December,Saturday,Senior
191-27-8899,2024-09-27 22:26:00,X,Domelaw,F,34,White,X,True,,52,False,X,September,Friday,Adult
278-69-7509,2024-04-08 15:19:00,X,Whitters,F,53,White,X,True,,53,False,X,April,Monday,Adult
637-94-0312,2023-10-09 07:44:00,Y,Pratten,F,59,White,Y,True,,16,False,Y,October,Monday,Adult
651-85-3281,2023-08-24 06:05:00,Y,Bedbury,F,24,White,Y,True,,20,False,Y,August,Thursday,Adult
299-88-9999,2024-09-17 07:08:00,Y,Lempke,F,63,White,Y,True,,22,False,Y,September,Tuesday,Senior
600-63-1753,2023-08-07 09:55:00,Y,Eye,F,24,White,Y,True,,26,False,Y,August,Monday,Adult
705-90-0854,2023-06-09 04:22:00,Y,Nerney,F,69,White,Y,True,,31,False,Y,June,Friday,Senior
881-42-6523,2023-08-12 11:15:00,Y,Boggas,F,44,White,Y,True,,42,False,Y,August,Saturday,Adult
712-65-0532,2023-08-16 04:27:00,Y,Emanuelov,F,68,White,Y,True,,42,False,Y,August,Wednesday,Senior
285-35-2292,2024-03-03 07:03:00,Y,Cuthill,F,36,White,Y,True,,49,False,Y,March,Sunday,Adult
405-64-0256,2024-06-22 04:45:00,Y,Topling,F,64,White,Y,True,,51,False,Y,June,Saturday,Senior
795-63-6602,2023-05-21 06:13:00,Y,Willmore,F,14,White,Y,True,,55,True,Y,May,Sunday,Teen
724-76-3876,2024-12-04 23:37:00,Y,Ragbourne,F,43,White,Y,True,,57,False,Y,December,Wednesday,Adult
788-52-8242,2024-04-29 16:37:00,Z,Avramchik,F,48,White,Z,True,,10,False,Z,April,Monday,Adult
331-63-7662,2023-04-30 22:19:00,Z,Taggett,F,62,White,Z,True,,11,False,Z,April,Sunday,Senior
542-32-4303,2024-05-08 01:25:00,Z,Barles,F,41,White,Z,True,,25,False,Z,May,Wednesday,Adult
681-60-5890,2023-12-14 17:34:00,Z,Burfoot,F,18,White,Z,True,,27,False,Z,December,Thursday,Teen
205-32-4024,2023-12-25 04:38:00,Z,Ellen,F,61,White,Z,True,,31,False,Z,December,Monday,Senior
714-04-8028,2023-08-19 16:35:00,Z,Bakesef,F,53,White,Z,True,,39,False,Z,August,Saturday,Adult
522-98-0828,2023-12-06 18:43:00,Z,Bonifazio,F,7,White,Z,True,,52,False,Z,December,Wednesday,Child
389-02-6025,2024-07-25 09:09:00,Z,Brownlie,F,18,White,Z,True,,56,False,Z,July,Thursday,Teen
536-37-9223,2024-05-28 12:32:00,A,Duigenan,F,42,White,A,True,0.0,27,False,A,May,Tuesday,Adult
309-58-3156,2023-07-16 20:43:00,C,Ibberson,F,69,White,C,True,0.0,29,False,C,July,Sunday,Senior
219-41-5143,2024-01-07 15:54:00,F,Priver,F,53,White,F,True,0.0,44,False,F,January,Sunday,Adult
507-18-9945,2023-12-29 23:38:00,H,Tittershill,F,53,White,H,True,0.0,14,False,H,December,Friday,Adult
518-59-9140,2024-08-08 01:39:00,L,Halward,F,74,White,L,True,0.0,27,False,L,August,Thursday,Senior
887-81-0302,2024-12-05 12:56:00,N,Hurt,F,27,White,N,True,0.0,16,False,N,December,Thursday,Adult
478-28-3152,2023-11-28 04:09:00,Q,Lackmann,F,69,White,Q,True,0.0,33,False,Q,November,Tuesday,Senior
762-48-6422,2024-05-31 03:58:00,G,Kachel,F,60,White,G,True,1.0,52,False,G,May,Friday,Adult
849-50-0138,2024-07-05 04:54:00,H,Ruhben,F,22,White,H,True,1.0,60,False,H,July,Friday,Adult
508-47-0601,2023-02-05 08:43:00,I,Heading,F,60,White,I,True,1.0,18,True,I,February,Sunday,Adult
259-14-9232,2023-06-04 00:56:00,M,Olexa,F,26,White,M,True,1.0,24,False,M,June,Sunday,Adult
152-65-5703,2024-06-18 22:00:00,N,Swedeland,F,72,White,N,True,1.0,15,False,N,June,Tuesday,Senior
654-74-6226,2023-06-18 01:59:00,N,Brayn,F,45,White,N,True,1.0,43,False,N,June,Sunday,Adult
864-39-8168,2023-11-10 11:17:00,S,Alywen,F,67,White,S,True,1.0,28,False,S,November,Friday,Senior
672-03-7924,2024-04-06 16:50:00,T,Beazer,F,26,White,T,True,1.0,19,False,T,April,Saturday,Adult
171-47-9048,2024-02-13 19:01:00,V,Fiennes,F,67,White,V,True,1.0,17,False,V,February,Tuesday,Senior
704-26-0836,2024-05-23 23:14:00,V,Loughran,F,32,White,V,True,1.0,45,False,V,May,Thursday,Adult
277-99-9308,2024-03-16 16:16:00,W,Ketcher,F,67,White,W,True,1.0,43,False,W,March,Saturday,Senior
811-38-7866,2023-10-18 15:57:00,X,Palffrey,F,7,White,X,True,1.0,39,False,X,October,Wednesday,Child
625-37-2390,2023-05-05 15:50:00,D,Moorcraft,F,60,White,D,True,2.0,18,True,D,May,Friday,Adult
781-73-2733,2023-05-11 07:18:00,E,Edgcombe,F,65,White,E,True,2.0,49,False,E,May,Thursday,Senior
224-04-4489,2024-07-17 11:25:00,G,Matignon,F,39,White,G,True,2.0,11,False,G,July,Wednesday,Adult
113-47-3396,2023-07-20 22:55:00,G,Ary,F,42,White,G,True,2.0,50,False,G,July,Thursday,Adult
695-76-1933,2024-08-07 08:02:00,I,Chung,F,66,White,I,True,2.0,46,False,I,August,Wednesday,Senior
857-38-9352,2023-11-30 19:01:00,J,Wheatland,F,13,White,J,True,2.0,49,False,J,November,Thursday,Teen
169-34-3725,2023-06-17 14:29:00,M,Smart,F,62,White,M,True,2.0,21,False,M,June,Saturday,Senior
487-63-8783,2023-07-20 20:27:00,N,Whisker,F,73,White,N,True,2.0,36,False,N,July,Thursday,Senior
678-73-4267,2023-11-19 14:10:00,S,Latch,F,1,White,S,True,2.0,37,False,S,November,Sunday,Child
465-84-4385,2024-05-04 05:53:00,T,Winfield,F,18,White,T,True,2.0,44,False,T,May,Saturday,Teen
576-08-7899,2023-08-06 02:11:00,U,Silmon,F,72,White,U,True,2.0,46,False,U,August,Sunday,Senior
358-91-0735,2023-10-19 23:21:00,H,Dallas,F,63,White,H,True,3.0,42,False,H,October,Thursday,Senior
100-84-7203,2023-06-13 21:33:00,K,Ybarra,F,37,White,K,True,3.0,55,False,K,June,Tuesday,Adult
777-20-5908,2024-06-21 08:25:00,M,Blockley,F,55,White,M,True,3.0,60,False,M,June,Friday,Adult
361-75-8418,2023-12-10 15:26:00,N,O'Finan,F,34,White,N,True,3.0,44,False,N,December,Sunday,Adult
580-75-8753,2024-08-06 21:43:00,P,Piatto,F,71,White,P,True,3.0,38,False,P,August,Tuesday,Senior
515-64-2739,2024-05-17 19:26:00,U,Doggerell,F,60,White,U,True,3.0,55,False,U,May,Friday,Adult
251-41-9778,2024-03-30 14:16:00,W,Wark,F,36,White,W,True,3.0,59,False,W,March,Saturday,Adult
890-16-9208,2024-04-30 09:40:00,X,Willimont,F,73,White,X,True,3.0,43,False,X,April,Tuesday,Senior
825-75-2269,2024-09-25 02:47:00,B,Wofenden,F,42,White,B,True,4.0,47,False,B,September,Wednesday,Adult
201-35-2507,2023-09-17 00:35:00,C,Bes,F,57,White,C,True,4.0,41,False,C,September,Sunday,Adult
131-81-9850,2024-01-25 21:53:00,D,Oliva,F,54,White,D,True,4.0,28,False,D,January,Thursday,Adult
404-55-4051,2023-08-24 07:23:00,K,Tolwood,F,19,White,K,True,4.0,60,False,K,August,Thursday,Adult
711-41-6622,2023-06-22 21:58:00,M,Geelan,F,23,White,M,True,4.0,32,False,M,June,Thursday,Adult
156-45-0074,2023-10-08 21:46:00,O,Lagde,F,76,White,O,True,4.0,39,False,O,October,Sunday,Senior
220-78-7254,2024-07-18 02:18:00,O,Paskin,F,11,White,O,True,4.0,48,False,O,July,Thursday,Child
672-52-6379,2024-01-22 04:05:00,Q,Fausset,F,19,White,Q,True,4.0,35,False,Q,January,Monday,Adult
789-37-2567,2023-10-31 07:28:00,S,De Gregario,F,49,White,S,True,4.0,39,False,S,October,Tuesday,Adult
174-20-1756,2024-07-31 22:41:00,S,Shropsheir,F,32,White,S,True,4.0,48,False,S,July,Wednesday,Adult
279-48-0099,2023-06-10 02:12:00,T,Riggulsford,F,15,White,T,True,4.0,59,False,T,June,Saturday,Teen
898-70-4805,2023-05-12 16:56:00,W,Sturridge,F,27,White,W,True,4.0,56,False,W,May,Friday,Adult
467-58-7994,2023-09-06 09:30:00,W,Sanbrooke,F,61,White,W,True,4.0,57,False,W,September,Wednesday,Senior
365-52-7650,2024-08-01 02:00:00,Y,McCree,F,68,White,Y,True,4.0,58,False,Y,August,Thursday,Senior
641-52-3173,2024-01-01 04:59:00,L,Harford,F,37,White,L,True,5.0,10,False,L,January,Monday,Adult
692-89-7681,2023-08-29 21:19:00,L,Johl,F,24,White,L,True,5.0,59,False,L,August,Tuesday,Adult
252-05-5600,2024-05-15 05:46:00,N,Deaton,F,12,White,N,True,5.0,25,False,N,May,Wednesday,Child
726-37-1120,2024-07-03 15:49:00,T,Weekley,F,41,White,T,True,5.0,54,False,T,July,Wednesday,Adult
524-87-1820,2024-02-02 01:08:00,U,Riggeard,F,56,White,U,True,5.0,43,False,U,February,Friday,Adult
535-36-0130,2024-03-09 17:53:00,W,Byrch,F,50,White,W,True,5.0,19,False,W,March,Saturday,Adult
140-37-0074,2023-07-11 15:22:00,B,Rooms,F,33,White,B,True,6.0,35,False,B,July,Tuesday,Adult
586-32-2671,2024-08-14 06:02:00,C,McGucken,F,41,White,C,True,6.0,30,False,C,August,Wednesday,Adult
441-35-9026,2024-06-23 00:25:00,I,Kubas,F,73,White,I,True,6.0,17,False,I,June,Sunday,Senior
499-12-6236,2023-04-04 10:30:00,O,Durek,F,69,White,O,True,6.0,45,False,O,April,Tuesday,Senior
216-39-5937,2024-06-17 11:36:00,P,Dupre,F,1,White,P,True,6.0,34,False,P,June,Monday,Child
198-94-3682,2024-09-21 07:58:00,T,Cisec,F,55,White,T,True,6.0,27,False,T,September,Saturday,Adult
647-22-2299,2024-01-20 14:29:00,V,Hook,F,42,White,V,True,6.0,12,False,V,January,Saturday,Adult
424-19-6464,2023-08-12 23:20:00,Y,Leaves,F,32,White,Y,True,6.0,54,False,Y,August,Saturday,Adult
568-22-3902,2024-07-05 15:04:00,Z,La Wille,F,40,White,Z,True,6.0,36,False,Z,July,Friday,Adult
277-68-8077,2023-10-16 15:13:00,A,Markl,F,71,White,A,True,7.0,18,False,A,October,Monday,Senior
289-89-6208,2024-10-18 23:08:00,A,Merlin,F,49,White,A,True,7.0,20,False,A,October,Friday,Adult
293-41-9295,2024-05-02 13:42:00,H,Vogt,F,3,White,H,True,7.0,26,False,H,May,Thursday,Child
869-03-4231,2023-11-15 03:17:00,N,Barnhill,F,28,White,N,True,7.0,58,False,N,November,Wednesday,Adult
583-94-8865,2023-12-23 10:46:00,P,Burditt,F,40,White,P,True,7.0,50,False,P,December,Saturday,Adult
607-39-9421,2023-12-15 11:40:00,T,Ourtic,F,46,White,T,True,7.0,16,False,T,December,Friday,Adult
158-65-6855,2024-05-21 00:53:00,V,Groocock,F,13,White,V,True,7.0,59,False,V,May,Tuesday,Teen
368-43-0999,2024-09-15 07:34:00,X,Brass,F,21,White,X,True,7.0,40,False,X,September,Sunday,Adult
620-29-6632,2024-03-14 04:01:00,Y,Jellis,F,79,White,Y,True,7.0,53,False,Y,March,Thursday,Senior
754-13-2622,2024-07-15 20:22:00,E,McNutt,F,61,White,E,True,8.0,42,False,E,July,Monday,Senior
842-83-6859,2023-08-17 04:53:00,F,O'Brien,F,17,White,F,True,8.0,29,False,F,August,Thursday,Teen
199-35-7842,2024-01-19 10:46:00,F,Legerwood,F,29,White,F,True,8.0,31,False,F,January,Friday,Adult
646-66-3685,2023-08-04 00:17:00,L,Elmhurst,F,28,White,L,True,8.0,50,False,L,August,Friday,Adult
401-21-8466,2023-04-18 06:05:00,M,Shimuk,F,10,White,M,True,8.0,43,False,M,April,Tuesday,Child
388-23-8484,2024-09-06 03:18:00,R,Meneely,F,36,White,R,True,8.0,16,False,R,September,Friday,Adult
821-88-9428,2024-05-17 12:25:00,R,Cockhill,F,3,White,R,True,8.0,46,False,R,May,Friday,Child
546-51-7389,2024-08-28 02:25:00,S,Grevile,F,56,White,S,True,8.0,33,False,S,August,Wednesday,Adult
814-67-6519,2024-06-01 01:44:00,U,Rosenhaupt,F,46,White,U,True,8.0,10,False,U,June,Saturday,Adult
328-39-9275,2023-02-10 10:02:00,U,Birkbeck,F,48,White,U,True,8.0,26,False,U,February,Friday,Adult
309-47-2018,2023-12-20 13:44:00,V,Delahunt,F,35,White,V,True,8.0,44,False,V,December,Wednesday,Adult
373-97-5103,2024-04-18 06:20:00,W,Lunnon,F,66,White,W,True,8.0,25,False,W,April,Thursday,Senior
639-29-8268,2024-08-27 14:37:00,Z,Rous,F,74,White,Z,True,8.0,27,False,Z,August,Tuesday,Senior
791-06-9701,2023-05-31 02:51:00,Z,Lunney,F,73,White,Z,True,8.0,34,True,Z,May,Wednesday,Senior
230-34-4538,2023-04-26 21:37:00,C,Costi,F,17,White,C,True,9.0,37,False,C,April,Wednesday,Teen
787-02-2075,2024-01-03 11:45:00,D,Bartalin,F,31,White,D,True,9.0,25,False,D,January,Wednesday,Adult
669-25-6650,2023-04-27 15:40:00,E,Wilks,F,65,White,E,True,9.0,39,False,E,April,Thursday,Senior
803-56-3133,2024-05-17 19:16:00,E,Lynd,F,22,White,E,True,9.0,43,False,E,May,Friday,Adult
895-09-2744,2024-01-07 10:13:00,J,Wickens,F,49,White,J,True,9.0,38,False,J,January,Sunday,Adult
342-05-6538,2023-04-09 05:25:00,P,Clandillon,F,66,White,P,True,9.0,33,False,P,April,Sunday,Senior
340-55-3895,2023-08-28 21:56:00,Q,Chandlar,F,62,White,Q,True,10.0,56,False,Q,August,Monday,Senior
639-02-4514,2023-11-10 02:51:00,R,Jobbins,F,27,White,R,True,10.0,60,False,R,November,Friday,Adult
335-70-9921,2024-10-16 23:01:00,B,Quinby,F,76,White,B,True,,56,False,B,October,Wednesday,Senior
334-83-4102,2024-03-27 10:01:00,C,Pordall,F,16,White,C,True,,39,False,C,March,Wednesday,Teen
857-74-9716,2024-07-29 18:50:00,C,Brownill,F,28,White,C,True,,40,False,C,July,Monday,Adult
159-86-5469,2023-06-07 23:28:00,C,Magrane,F,18,White,C,True,,41,False,C,June,Wednesday,Teen
267-78-0835,2023-04-17 12:26:00,D,Wellan,F,51,White,D,True,,11,False,D,April,Monday,Adult
515-35-7484,2024-09-26 01:10:00,E,Kensley,F,2,White,E,True,,14,False,E,September,Thursday,Child
491-79-2938,2024-10-24 06:16:00,E,Courage,F,15,White,E,True,,30,False,E,October,Thursday,Teen
237-73-3094,2023-09-07 20:27:00,F,Kelsall,F,15,White,F,True,,19,False,F,September,Thursday,Teen
851-08-1351,2023-10-11 23:07:00,F,Innott,F,78,White,F,True,,26,False,F,October,Wednesday,Senior
342-05-3969,2024-07-21 12:51:00,G,Sinnott,F,16,White,G,True,,36,False,G,July,Sunday,Teen
260-96-0945,2023-12-16 04:32:00,G,Feehily,F,37,White,G,True,,49,False,G,December,Saturday,Adult
622-23-4523,2024-08-06 20:56:00,H,Rizzillo,F,36,White,H,True,,19,False,H,August,Tuesday,Adult
118-89-9281,2023-06-24 15:14:00,H,Ritter,F,35,White,H,True,,38,False,H,June,Saturday,Adult
307-49-7871,2023-11-18 03:00:00,K,Rimour,F,66,White,K,True,,59,False,K,November,Saturday,Senior
632-49-6543,2024-07-21 00:52:00,L,Pagel,F,28,White,L,True,,10,False,L,July,Sunday,Adult
317-64-6528,2023-10-26 19:32:00,M,Krug,F,14,White,M,True,,39,False,M,October,Thursday,Teen
737-03-7902,2024-06-09 17:40:00,M,Stanion,F,20,White,M,True,,55,False,M,June,Sunday,Adult
167-38-8507,2023-09-07 07:26:00,M,Carlow,F,39,White,M,True,,55,False,M,September,Thursday,Adult
307-77-2768,2023-06-29 08:19:00,N,Hubbard,F,57,White,N,True,,15,False,N,June,Thursday,Adult
681-87-8647,2023-03-08 14:42:00,N,Edens,F,70,White,N,True,,19,False,N,March,Wednesday,Senior
824-26-7312,2024-06-14 09:46:00,N,Siuda,F,16,White,N,True,,48,False,N,June,Friday,Teen
795-20-4901,2024-03-10 21:50:00,N,Glossup,F,67,White,N,True,,53,False,N,March,Sunday,Senior
102-21-5953,2024-08-14 06:20:00,O,Annett,F,49,White,O,True,,11,False,O,August,Wednesday,Adult
236-97-7586,2024-06-27 12:17:00,P,De la Zenne,F,4,White,P,True,,13,False,P,June,Thursday,Child
357-89-2203,2024-03-06 23:06:00,Q,McGonigal,F,56,White,Q,True,,40,False,Q,March,Wednesday,Adult
255-92-6340,2023-06-29 08:32:00,Q,Isitt,F,12,White,Q,True,,48,False,Q,June,Thursday,Child
614-30-7245,2024-03-08 18:41:00,S,Blinder,F,6,White,S,True,,24,False,S,March,Friday,Child
773-37-3969,2024-02-05 21:04:00,S,Gagie,F,51,White,S,True,,42,False,S,February,Monday,Adult
270-14-4609,2023-08-04 01:14:00,T,Eldred,F,3,White,T,True,,32,False,T,August,Friday,Child
514-12-0922,2024-10-05 22:06:00,U,Traite,F,19,White,U,True,,28,False,U,October,Saturday,Adult
646-89-4565,2023-03-07 15:05:00,U,Claringbold,F,48,White,U,True,,35,False,U,March,Tuesday,Adult
449-83-1904,2024-01-23 09:26:00,U,Bisacre,F,29,White,U,True,,37,False,U,January,Tuesday,Adult
388-50-1748,2023-07-07 01:40:00,U,Candy,F,73,White,U,True,,42,False,U,July,Friday,Senior
560-55-4242,2023-09-08 18:09:00,W,Simonassi,F,49,White,W,True,,20,False,W,September,Friday,Adult
690-47-2962,2023-11-20 06:21:00,W,Damiata,F,46,White,W,True,,21,False,W,November,Monday,Adult
740-44-2216,2023-12-13 18:10:00,W,Giovannacci,F,21,White,W,True,,34,False,W,December,Wednesday,Adult
869-40-4882,2024-01-04 10:24:00,W,Strover,F,56,White,W,True,,43,False,W,January,Thursday,Adult
592-85-9953,2023-01-11 07:17:00,W,Phidgin,F,38,White,W,True,,52,False,W,January,Wednesday,Adult
713-55-4167,2024-10-24 07:25:00,X,Somerscales,F,52,White,X,True,,23,False,X,October,Thursday,Adult
334-62-9552,2024-06-13 16:50:00,X,Butterick,F,54,White,X,True,,25,False,X,June,Thursday,Adult
512-75-1926,2023-11-29 04:57:00,Y,Davidowich,F,45,White,Y,True,,29,False,Y,November,Wednesday,Adult
535-70-6724,2023-11-10 10:49:00,Y,Everett,F,11,White,Y,True,,32,False,Y,November,Friday,Child
508-17-5890,2023-12-07 03:20:00,Y,Jouaneton,F,40,White,Y,True,,39,False,Y,December,Thursday,Adult
528-14-9097,2023-05-06 05:03:00,Y,Minchinden,F,9,White,Y,True,,49,False,Y,May,Saturday,Child
825-01-3965,2023-11-17 19:44:00,Z,Rumke,F,75,White,Z,True,,17,False,Z,November,Friday,Senior
188-24-3805,2024-03-31 00:02:00,Z,Bourdis,F,43,White,Z,True,,32,False,Z,March,Sunday,Adult
191-85-0502,2023-07-26 11:08:00,Z,Curror,F,49,White,Z,True,,42,False,Z,July,Wednesday,Adult
664-02-2390,2024-09-16 16:47:00,Q,Buddle,F,62,White,Q,True,0.0,25,False,Q,September,Monday,Senior
608-66-3521,2024-12-06 00:01:00,A,Coldbathe,F,29,White,A,True,1.0,25,False,A,December,Friday,Adult
876-71-2417,2023-11-06 09:01:00,B,Gladebeck,F,6,White,B,True,2.0,56,False,B,November,Monday,Child
426-07-4984,2024-04-01 03:29:00,I,Deluca,F,11,White,I,True,4.0,42,False,I,April,Monday,Child
142-27-8439,2024-05-05 14:23:00,E,Braam,F,4,White,E,True,5.0,24,False,E,May,Sunday,Child
819-28-2751,2023-06-11 05:41:00,D,Malkin,F,64,White,D,True,6.0,41,False,D,June,Sunday,Senior
185-45-4039,2024-08-08 21:48:00,I,Palphreyman,F,28,White,I,True,6.0,12,False,I,August,Thursday,Adult
580-12-9421,2024-07-03 03:34:00,F,Aicken,F,57,White,F,True,7.0,22,False,F,July,Wednesday,Adult
183-64-9809,2023-06-07 17:30:00,U,Zanelli,F,58,White,U,True,7.0,18,False,U,June,Wednesday,Adult
800-81-9945,2024-04-04 23:04:00,Z,Ridewood,F,22,White,Z,True,7.0,53,False,Z,April,Thursday,Adult
733-21-0718,2023-11-12 20:17:00,E,McLoney,F,61,White,E,True,8.0,13,False,E,November,Sunday,Senior
634-36-6673,2023-05-04 18:31:00,Q,O'Hegertie,F,61,White,Q,True,9.0,18,False,Q,May,Thursday,Senior
724-59-7143,2024-04-10 02:11:00,V,Trewhella,F,24,White,V,True,10.0,31,False,V,April,Wednesday,Adult
580-44-0953,2024-02-21 20:56:00,A,Braizier,F,62,White,A,True,,47,False,A,February,Wednesday,Senior
719-22-6541,2024-09-02 10:35:00,B,Little,F,23,White,B,True,,59,False,B,September,Monday,Adult
869-11-9024,2024-07-25 00:45:00,C,Trebbett,F,67,White,C,True,,15,False,C,July,Thursday,Senior
309-02-2959,2024-02-05 15:23:00,D,Titherington,F,43,White,D,True,,31,False,D,February,Monday,Adult
208-31-6331,2023-06-21 00:03:00,E,Boffey,F,57,White,E,True,,59,False,E,June,Wednesday,Adult
140-58-6732,2023-05-19 11:26:00,M,Freake,F,46,White,M,True,,45,True,M,May,Friday,Adult
816-72-0393,2024-03-03 09:43:00,N,Tohill,F,78,White,N,True,,30,False,N,March,Sunday,Senior
468-10-3284,2023-05-28 10:18:00,P,Trainor,F,57,White,P,True,,19,True,P,May,Sunday,Adult
880-24-0836,2023-05-30 02:40:00,P,Wais,F,19,White,P,True,,26,True,P,May,Tuesday,Adult
730-96-4481,2024-08-01 05:30:00,R,Eede,F,54,White,R,True,,59,False,R,August,Thursday,Adult
321-64-7625,2024-08-28 03:05:00,X,McLanachan,F,67,White,X,True,,56,False,X,August,Wednesday,Senior
105-78-1308,2023-10-25 13:11:00,Y,McConville,F,36,White,Y,True,,30,False,Y,October,Wednesday,Adult
289-63-4913,2024-10-26 23:54:00,Z,Sherwill,F,45,White,Z,True,,31,False,Z,October,Saturday,Adult
299-35-4987,2023-08-14 07:35:00,X,Middlemiss,F,58,White,X,True,8.0,49,False,X,August,Monday,Adult
663-10-0081,2024-08-20 09:08:00,K,Landell,F,50,White,K,True,,35,False,K,August,Tuesday,Adult
230-43-0881,2023-10-26 02:23:00,T,Hunte,F,65,White,T,True,,15,False,T,October,Thursday,Senior
324-71-0403,2023-07-04 11:58:00,T,D'Oyly,F,68,White,T,True,,51,False,T,July,Tuesday,Senior
319-09-5768,2023-02-05 14:34:00,W,Ianetti,F,39,White,W,True,,15,True,W,February,Sunday,Adult
895-84-8091,2024-02-04 16:03:00,V,Staniforth,F,27,White,V,True,0.0,17,False,V,February,Sunday,Adult
659-19-0626,2023-05-16 05:13:00,B,Deverose,F,63,White,B,True,7.0,49,True,B,May,Tuesday,Senior
774-31-5026,2024-09-10 15:07:00,Y,Sugars,F,27,White,Y,True,10.0,28,False,Y,September,Tuesday,Adult
535-83-6651,2023-05-13 14:01:00,G,Ariss,M,59,African American,G,True,,54,True,G,May,Saturday,Adult
429-95-4610,2023-11-11 14:53:00,H,Knowlys,M,14,African American,H,True,,22,False,H,November,Saturday,Teen
390-93-3319,2023-04-04 07:34:00,K,Glendenning,M,73,African American,K,True,,25,False,K,April,Tuesday,Senior
295-23-8004,2023-08-27 20:57:00,L,Lung,M,24,African American,L,True,,30,False,L,August,Sunday,Adult
515-02-5699,2023-02-08 14:50:00,M,Ashdown,M,14,African American,M,True,,58,False,M,February,Wednesday,Teen
321-06-1856,2023-03-04 15:44:00,O,McEnteggart,M,57,African American,O,True,,31,False,O,March,Saturday,Adult
494-94-0828,2024-08-02 03:09:00,P,Jurczak,M,15,African American,P,True,,50,False,P,August,Friday,Teen
536-23-6460,2024-08-09 03:54:00,S,Pulley,M,58,African American,S,True,,17,False,S,August,Friday,Adult
524-28-5350,2023-07-16 18:54:00,V,Shalcros,M,51,African American,V,True,,60,False,V,July,Sunday,Adult
844-70-3132,2024-05-23 09:40:00,X,Clench,M,30,African American,X,True,,50,False,X,May,Thursday,Adult
806-40-9445,2023-05-08 04:36:00,X,Nias,M,70,African American,X,True,,55,False,X,May,Monday,Senior
880-77-9403,2023-06-19 08:26:00,W,Benbrick,M,3,African American,W,True,0.0,59,False,W,June,Monday,Child
596-01-0068,2023-11-12 00:00:00,E,Brazener,M,60,African American,E,True,4.0,58,False,E,November,Sunday,Adult
701-66-0377,2023-11-20 21:52:00,U,Franken,M,36,African American,U,True,10.0,48,False,U,November,Monday,Adult
255-94-5207,2023-06-26 08:17:00,C,Adamkiewicz,M,65,African American,C,True,,44,False,C,June,Monday,Senior
238-35-0465,2023-10-27 06:46:00,P,Saltwell,M,50,African American,P,True,,59,False,P,October,Friday,Adult
369-81-8304,2024-03-04 10:23:00,U,Nollet,M,49,African American,U,True,,47,False,U,March,Monday,Adult
224-37-3281,2024-11-07 22:36:00,W,Lacotte,M,18,African American,W,True,,37,False,W,November,Thursday,Teen
526-60-6600,2023-11-30 02:38:00,Z,Meharg,M,36,African American,Z,True,,21,False,Z,November,Thursday,Adult
288-52-5096,2024-09-07 12:47:00,X,Ginty,M,49,African American,X,True,2.0,50,False,X,September,Saturday,Adult
102-24-8249,2024-01-03 16:52:00,A,Staples,M,2,African American,A,True,,27,False,A,January,Wednesday,Child
675-21-7410,2024-09-24 09:04:00,A,Penswick,M,50,African American,A,True,,30,False,A,September,Tuesday,Adult
452-17-9747,2024-07-08 04:09:00,A,Locks,M,69,African American,A,True,,32,False,A,July,Monday,Senior
833-73-2750,2023-02-11 16:28:00,A,Eisold,M,58,African American,A,True,,44,False,A,February,Saturday,Adult
858-29-9077,2024-03-01 08:45:00,B,Puddicombe,M,53,African American,B,True,,35,False,B,March,Friday,Adult
391-41-7192,2024-09-14 23:43:00,B,Roistone,M,16,African American,B,True,,43,False,B,September,Saturday,Teen
418-93-2750,2024-10-05 06:24:00,C,Puttrell,M,16,African American,C,True,,26,False,C,October,Saturday,Teen
333-16-9345,2024-01-13 00:27:00,C,Hayball,M,62,African American,C,True,,50,False,C,January,Saturday,Senior
729-50-4417,2023-09-18 03:39:00,C,Yantsev,M,3,African American,C,True,,51,False,C,September,Monday,Child
728-14-0562,2023-07-09 03:24:00,C,Shevlane,M,74,African American,C,True,,55,False,C,July,Sunday,Senior
899-89-7946,2023-11-08 06:18:00,C,Bocke,M,62,African American,C,True,,59,False,C,November,Wednesday,Senior
649-17-7342,2023-05-10 04:08:00,D,Klossmann,M,13,African American,D,True,,42,False,D,May,Wednesday,Teen
536-62-3509,2024-10-03 06:32:00,E,Pyecroft,M,78,African American,E,True,,11,False,E,October,Thursday,Senior
814-09-6431,2023-11-04 13:15:00,F,Barstock,M,67,African American,F,True,,11,False,F,November,Saturday,Senior
354-24-0826,2024-04-30 06:54:00,F,Demann,M,70,African American,F,True,,25,False,F,April,Tuesday,Senior
459-37-0971,2024-02-23 19:22:00,F,Minmagh,M,25,African American,F,True,,57,False,F,February,Friday,Adult
340-56-4663,2024-04-02 16:23:00,F,Vigneron,M,49,African American,F,True,,57,False,F,April,Tuesday,Adult
300-02-0984,2023-06-19 00:54:00,G,Hatto,M,42,African American,G,True,,33,False,G,June,Monday,Adult
519-40-0307,2023-08-24 19:27:00,G,Caddies,M,13,African American,G,True,,54,False,G,August,Thursday,Teen
291-55-1551,2024-09-30 21:47:00,H,Swinford,M,27,African American,H,True,,43,False,H,September,Monday,Adult
300-84-9983,2024-10-21 17:34:00,H,Gaiford,M,72,African American,H,True,,44,False,H,October,Monday,Senior
642-77-7413,2024-06-18 22:55:00,H,Hanster,M,42,African American,H,True,,59,False,H,June,Tuesday,Adult
184-06-3568,2024-02-01 22:31:00,I,Boyford,M,30,African American,I,True,,12,False,I,February,Thursday,Adult
143-66-9743,2024-02-28 20:45:00,I,Epgrave,M,4,African American,I,True,,31,False,I,February,Wednesday,Child
683-47-8284,2024-07-15 10:18:00,I,Todhunter,M,79,African American,I,True,,31,False,I,July,Monday,Senior
723-73-7614,2023-10-15 17:29:00,I,Kennedy,M,28,African American,I,True,,32,False,I,October,Sunday,Adult
134-90-6858,2023-07-08 18:59:00,J,Emby,M,11,African American,J,True,,26,False,J,July,Saturday,Child
723-15-3645,2024-07-31 20:52:00,J,Franceschino,M,53,African American,J,True,,46,False,J,July,Wednesday,Adult
199-30-3238,2023-11-18 01:23:00,J,Buie,M,15,African American,J,True,,52,False,J,November,Saturday,Teen
369-70-1222,2023-12-11 11:16:00,L,Radmore,M,27,African American,L,True,,30,False,L,December,Monday,Adult
326-56-9254,2023-09-12 03:49:00,L,Norssister,M,22,African American,L,True,,40,False,L,September,Tuesday,Adult
459-89-1735,2023-03-05 05:33:00,L,Cattell,M,55,African American,L,True,,58,True,L,March,Sunday,Adult
223-22-4801,2023-06-07 01:32:00,M,Runsey,M,46,African American,M,True,,10,False,M,June,Wednesday,Adult
456-11-4142,2024-12-04 02:27:00,N,Tretwell,M,28,African American,N,True,,13,False,N,December,Wednesday,Adult
275-12-2439,2023-05-13 04:54:00,N,Stimson,M,1,African American,N,True,,39,True,N,May,Saturday,Child
797-73-7347,2023-07-28 21:04:00,N,Pieter,M,39,African American,N,True,,40,False,N,July,Friday,Adult
498-67-1104,2024-01-23 22:05:00,N,Brettel,M,56,African American,N,True,,43,False,N,January,Tuesday,Adult
337-21-5947,2023-09-15 13:39:00,N,Atwood,M,38,African American,N,True,,52,False,N,September,Friday,Adult
658-55-7464,2024-11-03 10:58:00,O,Sainte Paul,M,26,African American,O,True,,22,False,O,November,Sunday,Adult
311-92-5519,2023-10-24 08:48:00,O,Overell,M,53,African American,O,True,,26,False,O,October,Tuesday,Adult
285-46-6711,2024-06-28 23:39:00,O,Stemson,M,43,African American,O,True,,43,False,O,June,Friday,Adult
645-31-7078,2023-10-05 11:14:00,O,Dominique,M,61,African American,O,True,,59,True,O,October,Thursday,Senior
567-48-5176,2024-06-09 11:57:00,O,Menaul,M,38,African American,O,True,,60,False,O,June,Sunday,Adult
255-38-4437,2024-09-28 02:47:00,P,Puttan,M,33,African American,P,True,,27,False,P,September,Saturday,Adult
676-47-0405,2024-04-26 21:26:00,R,Gianilli,M,5,African American,R,True,,41,False,R,April,Friday,Child
644-24-9754,2024-10-03 14:46:00,S,Pattinson,M,61,African American,S,True,,58,False,S,October,Thursday,Senior
377-85-6911,2024-01-23 07:52:00,T,Sellars,M,40,African American,T,True,,23,False,T,January,Tuesday,Adult
882-89-0493,2023-07-17 19:09:00,T,Sybry,M,47,African American,T,True,,43,False,T,July,Monday,Adult
678-30-9293,2024-05-19 07:37:00,U,Gulleford,M,29,African American,U,True,,43,False,U,May,Sunday,Adult
690-72-7531,2024-08-23 02:15:00,U,Brockest,M,43,African American,U,True,,44,False,U,August,Friday,Adult
288-58-9865,2024-11-03 16:09:00,U,Hawkin,M,59,African American,U,True,,51,False,U,November,Sunday,Adult
294-39-3862,2024-07-05 12:17:00,V,Matyashev,M,22,African American,V,True,,13,False,V,July,Friday,Adult
220-05-7403,2023-09-16 05:00:00,V,Perocci,M,52,African American,V,True,,23,False,V,September,Saturday,Adult
821-46-1915,2024-04-15 12:42:00,V,Howett,M,61,African American,V,True,,46,False,V,April,Monday,Senior
411-92-7835,2024-03-18 20:03:00,W,McDugal,M,19,African American,W,True,,15,False,W,March,Monday,Adult
527-62-7143,2023-02-10 14:27:00,W,Giffkins,M,4,African American,W,True,,41,False,W,February,Friday,Child
863-02-6812,2023-02-06 06:17:00,X,Housego,M,70,African American,X,True,,25,False,X,February,Monday,Senior
486-69-4084,2024-02-10 17:57:00,X,Dussy,M,1,African American,X,True,,49,False,X,February,Saturday,Child
243-30-4158,2024-02-28 12:22:00,X,Jeffryes,M,66,African American,X,True,,49,False,X,February,Wednesday,Senior
507-30-6087,2024-08-25 18:20:00,Y,Kinforth,M,8,African American,Y,True,,12,False,Y,August,Sunday,Child
542-78-1121,2023-08-25 04:52:00,Y,Camacke,M,18,African American,Y,True,,42,False,Y,August,Friday,Teen
333-84-5832,2023-06-27 00:49:00,Y,Morison,M,71,African American,Y,True,,42,False,Y,June,Tuesday,Senior
885-75-2052,2023-11-29 13:28:00,Y,Zoppie,M,32,African American,Y,True,,48,False,Y,November,Wednesday,Adult
556-53-6518,2024-02-04 20:14:00,Z,Dishmon,M,54,African American,Z,True,,43,False,Z,February,Sunday,Adult
336-91-0183,2024-09-18 09:41:00,Z,Clapp,M,50,African American,Z,True,,46,False,Z,September,Wednesday,Adult
276-52-8357,2023-10-11 05:01:00,M,Quinsee,M,15,African American,M,True,0.0,53,False,M,October,Wednesday,Teen
377-24-0858,2024-03-16 10:07:00,X,Sayles,M,78,African American,X,True,0.0,57,False,X,March,Saturday,Senior
247-36-8636,2024-03-24 04:26:00,T,Klich,M,71,African American,T,True,1.0,31,False,T,March,Sunday,Senior
706-72-9405,2023-07-19 23:44:00,W,Tuckerman,M,32,African American,W,True,1.0,46,False,W,July,Wednesday,Adult
580-60-8042,2023-05-22 11:44:00,H,Fairtlough,M,14,African American,H,True,2.0,21,True,H,May,Monday,Teen
352-21-9569,2023-12-23 09:19:00,H,Linney,M,44,African American,H,True,3.0,58,False,H,December,Saturday,Adult
456-44-1674,2023-02-11 04:33:00,J,Benyon,M,50,African American,J,True,3.0,16,False,J,February,Saturday,Adult
179-15-5492,2024-05-30 03:15:00,Q,Shipsey,M,13,African American,Q,True,3.0,40,False,Q,May,Thursday,Teen
819-74-3706,2024-09-04 10:42:00,P,Emmett,M,68,African American,P,True,4.0,43,False,P,September,Wednesday,Senior
390-36-3570,2024-12-02 08:53:00,Q,Groomebridge,M,79,African American,Q,True,5.0,31,False,Q,December,Monday,Senior
651-58-3998,2024-05-29 16:52:00,S,Methuen,M,73,African American,S,True,5.0,50,False,S,May,Wednesday,Senior
682-49-1467,2023-10-29 05:09:00,Z,Christofol,M,46,African American,Z,True,5.0,54,False,Z,October,Sunday,Adult
616-32-3050,2023-12-29 23:47:00,H,Lowe,M,19,African American,H,True,6.0,40,False,H,December,Friday,Adult
121-90-9321,2023-10-31 17:58:00,J,Innett,M,61,African American,J,True,6.0,36,False,J,October,Tuesday,Senior
665-62-7161,2023-09-06 19:52:00,J,Thirlaway,M,29,African American,J,True,7.0,51,False,J,September,Wednesday,Adult
781-97-5522,2023-07-07 13:06:00,Z,Kilgour,M,24,African American,Z,True,7.0,40,False,Z,July,Friday,Adult
336-02-6807,2024-09-18 13:53:00,O,Kleen,M,12,African American,O,True,8.0,52,False,O,September,Wednesday,Child
181-02-4908,2024-02-13 12:35:00,O,Wakelin,M,74,African American,O,True,8.0,53,False,O,February,Tuesday,Senior
207-33-7470,2023-11-09 04:07:00,Z,Gayforth,M,44,African American,Z,True,8.0,34,False,Z,November,Thursday,Adult
864-13-4043,2024-02-14 14:15:00,Q,Lyngsted,M,37,African American,Q,True,9.0,43,False,Q,February,Wednesday,Adult
436-07-6332,2024-07-27 15:31:00,C,Ferrero,M,64,African American,C,True,10.0,18,False,C,July,Saturday,Senior
306-67-0589,2023-11-22 15:14:00,R,Stuther,M,48,African American,R,True,10.0,48,False,R,November,Wednesday,Adult
293-62-8125,2024-09-13 22:26:00,A,Jordon,M,47,African American,A,True,,59,False,A,September,Friday,Adult
185-95-8729,2024-03-05 17:57:00,B,Tayloe,M,69,African American,B,True,,57,False,B,March,Tuesday,Senior
132-83-6895,2024-09-06 01:44:00,E,Wickes,M,67,African American,E,True,,20,False,E,September,Friday,Senior
442-19-9879,2023-11-09 16:31:00,I,Summergill,M,78,African American,I,True,,20,False,I,November,Thursday,Senior
175-69-9432,2024-12-08 09:55:00,M,Coultass,M,78,African American,M,True,,41,False,M,December,Sunday,Senior
659-87-6427,2023-10-20 21:26:00,M,Cankett,M,9,African American,M,True,,55,False,M,October,Friday,Child
242-14-9128,2023-10-15 16:20:00,S,Samuel,M,25,African American,S,True,,11,False,S,October,Sunday,Adult
899-98-2466,2024-06-13 18:09:00,V,Rodinger,M,65,African American,V,True,,32,False,V,June,Thursday,Senior
717-75-6312,2023-12-08 14:40:00,Z,Spohrmann,M,55,African American,Z,True,2.0,45,False,Z,December,Friday,Adult
483-81-4980,2024-03-01 02:36:00,K,Leabeater,M,12,African American,K,True,4.0,52,False,K,March,Friday,Child
382-45-2464,2023-10-07 04:44:00,A,Ewen,M,48,African American,A,True,,11,False,A,October,Saturday,Adult
408-16-6050,2024-08-06 00:05:00,A,Kyle,M,62,African American,A,True,,12,False,A,August,Tuesday,Senior
722-10-2750,2023-09-19 22:15:00,A,Oldroyd,M,37,African American,A,True,,14,False,A,September,Tuesday,Adult
369-32-9854,2023-08-25 11:26:00,A,Rohlf,M,56,African American,A,True,,18,False,A,August,Friday,Adult
102-85-6993,2024-03-24 16:02:00,A,McCumskay,M,67,African American,A,True,,30,False,A,March,Sunday,Senior
453-45-2632,2024-10-25 02:35:00,A,Crich,M,60,African American,A,True,,34,False,A,October,Friday,Adult
716-71-0779,2024-04-20 11:24:00,A,Collabine,M,55,African American,A,True,,56,False,A,April,Saturday,Adult
772-14-1187,2023-11-13 06:58:00,B,Riccelli,M,54,African American,B,True,,11,False,B,November,Monday,Adult
685-97-5055,2023-06-20 05:57:00,B,Baldoni,M,61,African American,B,True,,13,False,B,June,Tuesday,Senior
446-50-4248,2024-05-31 08:48:00,B,Bricket,M,28,African American,B,True,,17,False,B,May,Friday,Adult
181-64-2880,2023-10-28 23:40:00,B,Sever,M,67,African American,B,True,,20,False,B,October,Saturday,Senior
555-65-1219,2023-01-05 10:36:00,B,Gammell,M,45,African American,B,True,,29,True,B,January,Thursday,Adult
103-34-3477,2024-04-18 22:54:00,B,Meanwell,M,25,African American,B,True,,34,False,B,April,Thursday,Adult
198-78-1461,2024-03-09 14:06:00,B,Gravey,M,7,African American,B,True,,45,False,B,March,Saturday,Child
254-96-4021,2023-11-19 09:39:00,C,Jacobsson,M,52,African American,C,True,,13,False,C,November,Sunday,Adult
277-10-3005,2023-08-19 09:10:00,C,Bartolomieu,M,65,African American,C,True,,13,False,C,August,Saturday,Senior
230-18-7731,2023-04-19 09:34:00,C,Knoller,M,17,African American,C,True,,23,False,C,April,Wednesday,Teen
783-31-0633,2023-11-10 07:57:00,C,Ughini,M,74,African American,C,True,,42,False,C,November,Friday,Senior
756-39-1456,2024-10-19 08:58:00,C,Nanson,M,58,African American,C,True,,49,False,C,October,Saturday,Adult
436-09-6143,2023-09-04 11:09:00,C,Tawn,M,63,African American,C,True,,51,False,C,September,Monday,Senior
250-94-3465,2024-06-23 14:05:00,C,Echlin,M,31,African American,C,True,,60,False,C,June,Sunday,Adult
446-18-0337,2024-05-30 01:46:00,D,Scotson,M,3,African American,D,True,,14,False,D,May,Thursday,Child
455-96-8404,2023-08-29 22:35:00,D,Avramovich,M,73,African American,D,True,,22,False,D,August,Tuesday,Senior
888-68-1783,2023-12-08 00:19:00,D,Heskey,M,43,African American,D,True,,39,False,D,December,Friday,Adult
637-45-8303,2024-02-06 15:29:00,D,Engledow,M,23,African American,D,True,,48,False,D,February,Tuesday,Adult
605-08-3714,2024-09-28 02:01:00,E,Ripley,M,45,African American,E,True,,10,False,E,September,Saturday,Adult
395-56-6604,2024-01-30 04:25:00,E,Gamett,M,53,African American,E,True,,11,False,E,January,Tuesday,Adult
272-94-7142,2024-06-07 03:43:00,E,Churms,M,2,African American,E,True,,17,False,E,June,Friday,Child
411-75-6910,2023-11-22 09:30:00,E,Johnsey,M,65,African American,E,True,,18,False,E,November,Wednesday,Senior
800-16-9268,2024-11-05 23:51:00,E,Coulthard,M,68,African American,E,True,,24,False,E,November,Tuesday,Senior
198-62-3897,2024-09-28 11:01:00,E,Clifforth,M,50,African American,E,True,,27,False,E,September,Saturday,Adult
103-04-9687,2023-12-23 14:33:00,E,Finby,M,48,African American,E,True,,29,False,E,December,Saturday,Adult
381-22-6530,2024-02-07 05:43:00,E,Ateridge,M,75,African American,E,True,,32,False,E,February,Wednesday,Senior
425-76-5422,2024-11-08 12:01:00,E,Knell,M,55,African American,E,True,,33,False,E,November,Friday,Adult
111-53-3748,2024-08-18 23:17:00,E,Somerset,M,2,African American,E,True,,35,False,E,August,Sunday,Child
174-52-2854,2023-04-18 16:05:00,E,Rowcastle,M,11,African American,E,True,,35,False,E,April,Tuesday,Child
454-34-9403,2024-05-15 13:27:00,E,Presidey,M,65,African American,E,True,,36,False,E,May,Wednesday,Senior
376-36-7341,2024-10-01 16:25:00,F,Gore,M,25,African American,F,True,,21,False,F,October,Tuesday,Adult
518-17-6328,2024-04-26 00:06:00,F,Forster,M,58,African American,F,True,,23,False,F,April,Friday,Adult
238-94-8308,2023-10-05 17:39:00,F,Ricart,M,40,African American,F,True,,30,True,F,October,Thursday,Adult
806-98-7631,2024-11-07 20:05:00,F,Harbord,M,62,African American,F,True,,34,False,F,November,Thursday,Senior
308-24-5685,2023-07-15 03:21:00,F,Wastall,M,6,African American,F,True,,35,False,F,July,Saturday,Child
350-72-3131,2023-10-06 06:45:00,F,Crutchley,M,22,African American,F,True,,41,False,F,October,Friday,Adult
465-11-1514,2023-08-17 09:45:00,F,Tame,M,50,African American,F,True,,56,False,F,August,Thursday,Adult
425-31-1479,2024-10-19 06:17:00,G,Scogings,M,5,African American,G,True,,11,False,G,October,Saturday,Child
584-57-3044,2023-05-14 05:49:00,G,Chiplin,M,35,African American,G,True,,17,True,G,May,Sunday,Adult
849-76-4601,2024-10-07 06:41:00,G,MacUchadair,M,5,African American,G,True,,21,False,G,October,Monday,Child
491-12-1945,2023-11-06 19:09:00,G,Hentzeler,M,24,African American,G,True,,30,False,G,November,Monday,Adult
610-20-5197,2024-01-16 05:52:00,G,McCotter,M,54,African American,G,True,,30,False,G,January,Tuesday,Adult
895-94-4956,2024-10-19 03:24:00,G,McEntagart,M,77,African American,G,True,,50,False,G,October,Saturday,Senior
440-75-5817,2023-12-29 22:38:00,G,Clever,M,37,African American,G,True,,55,False,G,December,Friday,Adult
769-69-5025,2024-09-02 01:00:00,G,Vossing,M,47,African American,G,True,,56,False,G,September,Monday,Adult
642-26-9810,2024-03-08 12:55:00,G,Mellodey,M,35,African American,G,True,,58,False,G,March,Friday,Adult
711-74-2032,2024-05-09 07:26:00,G,Carruth,M,76,African American,G,True,,58,False,G,May,Thursday,Senior
842-87-0322,2024-10-09 07:42:00,H,Martindale,M,76,African American,H,True,,36,False,H,October,Wednesday,Senior
859-81-4141,2024-07-31 20:56:00,H,Metham,M,78,African American,H,True,,40,False,H,July,Wednesday,Senior
325-70-7368,2023-08-15 01:46:00,I,Bucknill,M,25,African American,I,True,,24,False,I,August,Tuesday,Adult
877-48-1758,2023-06-11 18:03:00,I,Smedmoor,M,30,African American,I,True,,25,False,I,June,Sunday,Adult
802-39-9719,2023-09-29 06:37:00,I,Muzzi,M,40,African American,I,True,,29,False,I,September,Friday,Adult
453-26-5597,2024-11-09 11:41:00,I,Bertholin,M,44,African American,I,True,,44,False,I,November,Saturday,Adult
519-51-4443,2024-01-30 04:45:00,I,Kerss,M,67,African American,I,True,,44,False,I,January,Tuesday,Senior
769-87-9911,2024-12-10 13:55:00,I,Crusham,M,11,African American,I,True,,47,False,I,December,Tuesday,Child
877-95-1315,2024-03-20 09:51:00,I,Cassidy,M,59,African American,I,True,,48,False,I,March,Wednesday,Adult
711-70-7397,2023-05-23 07:12:00,I,Plant,M,74,African American,I,True,,53,True,I,May,Tuesday,Senior
395-89-7021,2023-11-27 08:35:00,I,Kondratowicz,M,67,African American,I,True,,57,False,I,November,Monday,Senior
438-94-1614,2023-12-24 19:47:00,J,Tarn,M,29,African American,J,True,,11,False,J,December,Sunday,Adult
776-93-8725,2024-09-19 17:14:00,J,Ruegg,M,75,African American,J,True,,13,False,J,September,Thursday,Senior
105-08-6438,2023-04-15 09:44:00,J,Baumer,M,2,African American,J,True,,27,False,J,April,Saturday,Child
355-69-4576,2023-10-19 23:23:00,J,Gehrts,M,27,African American,J,True,,28,False,J,October,Thursday,Adult
105-85-2242,2024-03-27 19:45:00,J,Enos,M,27,African American,J,True,,33,False,J,March,Wednesday,Adult
207-09-3254,2024-11-08 23:24:00,J,Chatel,M,61,African American,J,True,,45,False,J,November,Friday,Senior
420-71-6756,2024-02-25 04:27:00,J,Thomsson,M,65,African American,J,True,,54,False,J,February,Sunday,Senior
873-06-1299,2023-08-20 21:24:00,J,Diddams,M,73,African American,J,True,,58,False,J,August,Sunday,Senior
160-10-6189,2023-06-05 15:04:00,J,Mico,M,29,African American,J,True,,60,True,J,June,Monday,Adult
563-74-9045,2023-07-16 01:43:00,K,Sambedge,M,1,African American,K,True,,14,False,K,July,Sunday,Child
717-12-1341,2024-11-05 01:36:00,K,Pywell,M,46,African American,K,True,,17,False,K,November,Tuesday,Adult
644-78-8816,2023-05-26 05:42:00,K,Daborne,M,36,African American,K,True,,24,True,K,May,Friday,Adult
425-31-8542,2024-05-05 21:48:00,K,Louedey,M,72,African American,K,True,,39,False,K,May,Sunday,Senior
174-30-8230,2024-06-20 08:24:00,K,Snellman,M,45,African American,K,True,,40,False,K,June,Thursday,Adult
341-94-7840,2024-03-17 10:03:00,K,Werrit,M,38,African American,K,True,,42,False,K,March,Sunday,Adult
851-89-9617,2023-10-28 01:27:00,K,Petheridge,M,31,African American,K,True,,47,False,K,October,Saturday,Adult
509-61-3723,2024-04-22 08:27:00,K,Huitt,M,41,African American,K,True,,48,False,K,April,Monday,Adult
561-21-7158,2024-08-02 16:44:00,L,Jacobsson,M,66,African American,L,True,,15,False,L,August,Friday,Senior
177-33-0238,2023-07-17 03:25:00,L,Francescotti,M,50,African American,L,True,,27,False,L,July,Monday,Adult
177-90-0569,2024-04-10 22:30:00,L,Oswald,M,21,African American,L,True,,28,False,L,April,Wednesday,Adult
141-86-2089,2024-04-04 08:32:00,L,Dilgarno,M,24,African American,L,True,,29,False,L,April,Thursday,Adult
303-99-1624,2024-08-07 12:13:00,L,Matschek,M,66,African American,L,True,,43,False,L,August,Wednesday,Senior
701-63-6274,2023-10-09 11:37:00,L,Vickers,M,1,African American,L,True,,52,False,L,October,Monday,Child
410-77-6549,2023-06-26 22:27:00,M,Kimblen,M,18,African American,M,True,,17,False,M,June,Monday,Teen
790-43-2241,2024-03-04 21:55:00,M,Nunn,M,37,African American,M,True,,20,False,M,March,Monday,Adult
543-91-7241,2023-11-24 19:00:00,M,Maslin,M,14,African American,M,True,,22,False,M,November,Friday,Teen
392-57-1593,2024-01-01 15:19:00,M,Mantz,M,8,African American,M,True,,23,False,M,January,Monday,Child
426-38-4934,2023-11-12 03:02:00,M,Leander,M,59,African American,M,True,,33,False,M,November,Sunday,Adult
489-02-8869,2023-04-08 02:24:00,M,Samme,M,62,African American,M,True,,34,False,M,April,Saturday,Senior
675-93-4085,2023-02-08 15:29:00,M,Edney,M,67,African American,M,True,,34,False,M,February,Wednesday,Senior
151-56-8440,2024-01-29 16:45:00,M,Martusewicz,M,36,African American,M,True,,36,False,M,January,Monday,Adult
637-94-6670,2024-03-07 12:51:00,M,Rozalski,M,68,African American,M,True,,44,False,M,March,Thursday,Senior
372-64-7580,2024-12-03 11:35:00,M,Iskow,M,55,African American,M,True,,45,False,M,December,Tuesday,Adult
551-07-6781,2024-06-08 07:39:00,M,Paulisch,M,14,African American,M,True,,51,False,M,June,Saturday,Teen
647-42-9843,2024-09-15 21:49:00,M,Learmond,M,12,African American,M,True,,55,False,M,September,Sunday,Child
678-72-8369,2024-07-05 00:15:00,M,Willerson,M,32,African American,M,True,,59,False,M,July,Friday,Adult
593-35-9447,2023-12-16 23:14:00,N,Gregson,M,79,African American,N,True,,14,False,N,December,Saturday,Senior
601-16-0575,2023-05-30 15:01:00,N,Abramof,M,77,African American,N,True,,21,True,N,May,Tuesday,Senior
403-23-4583,2024-08-17 10:27:00,N,Brumfitt,M,11,African American,N,True,,34,False,N,August,Saturday,Child
236-86-6006,2024-09-14 12:45:00,N,Body,M,43,African American,N,True,,43,False,N,September,Saturday,Adult
133-59-7490,2024-11-10 05:31:00,N,Hardy-Piggin,M,58,African American,N,True,,54,False,N,November,Sunday,Adult
620-87-4388,2023-05-22 13:34:00,O,Killby,M,79,African American,O,True,,18,True,O,May,Monday,Senior
249-45-2143,2023-10-20 10:19:00,O,Oxbie,M,42,African American,O,True,,21,False,O,October,Friday,Adult
374-23-7586,2024-05-19 10:25:00,O,Coxhell,M,7,African American,O,True,,29,False,O,May,Sunday,Child
835-77-3003,2024-08-29 00:51:00,O,Abad,M,72,African American,O,True,,29,False,O,August,Thursday,Senior
697-55-1406,2023-09-16 00:23:00,O,Graddon,M,23,African American,O,True,,42,False,O,September,Saturday,Adult
252-20-2215,2024-02-06 12:38:00,O,Spain-Gower,M,57,African American,O,True,,43,False,O,February,Tuesday,Adult
365-31-3066,2024-01-08 03:56:00,O,Wickie,M,22,African American,O,True,,52,False,O,January,Monday,Adult
578-88-9545,2024-10-01 11:46:00,O,Seally,M,53,African American,O,True,,58,False,O,October,Tuesday,Adult
388-42-8354,2023-03-04 12:31:00,P,Sibbons,M,12,African American,P,True,,16,False,P,March,Saturday,Child
234-46-1768,2023-10-07 20:42:00,P,Libby,M,4,African American,P,True,,22,False,P,October,Saturday,Child
477-94-3638,2024-04-06 17:27:00,P,Salasar,M,15,African American,P,True,,23,False,P,April,Saturday,Teen
469-42-8522,2024-04-21 10:39:00,P,Breed,M,24,African American,P,True,,28,False,P,April,Sunday,Adult
572-52-8145,2023-12-16 14:55:00,P,Durnin,M,31,African American,P,True,,28,False,P,December,Saturday,Adult
861-59-5355,2024-08-28 14:41:00,P,Poore,M,56,African American,P,True,,32,False,P,August,Wednesday,Adult
235-60-7765,2023-02-09 03:47:00,P,Sherville,M,57,African American,P,True,,32,False,P,February,Thursday,Adult
620-60-9423,2023-06-13 13:36:00,P,Dennes,M,39,African American,P,True,,37,False,P,June,Tuesday,Adult
820-79-9287,2024-04-29 14:09:00,P,Dodsley,M,30,African American,P,True,,38,False,P,April,Monday,Adult
177-20-9536,2024-04-16 05:47:00,P,Casford,M,53,African American,P,True,,40,False,P,April,Tuesday,Adult
409-38-0348,2024-10-04 09:41:00,P,Harrie,M,17,African American,P,True,,48,False,P,October,Friday,Teen
692-25-6759,2023-07-17 00:36:00,Q,Freer,M,38,African American,Q,True,,23,False,Q,July,Monday,Adult
188-62-8921,2023-03-10 01:03:00,Q,Boulde,M,20,African American,Q,True,,28,False,Q,March,Friday,Adult
487-35-8534,2023-01-08 09:44:00,Q,Illes,M,38,African American,Q,True,,31,False,Q,January,Sunday,Adult
541-08-9900,2024-02-14 09:38:00,Q,Brassill,M,50,African American,Q,True,,34,False,Q,February,Wednesday,Adult
362-68-6096,2023-11-05 16:41:00,Q,Sola,M,73,African American,Q,True,,39,True,Q,November,Sunday,Senior
162-04-2630,2023-12-19 07:34:00,R,Velde,M,9,African American,R,True,,16,False,R,December,Tuesday,Child
628-35-4629,2024-07-16 04:53:00,R,Fibbens,M,55,African American,R,True,,20,False,R,July,Tuesday,Adult
198-58-7194,2024-10-18 10:28:00,R,Ribou,M,55,African American,R,True,,28,False,R,October,Friday,Adult
793-63-1688,2023-06-05 06:59:00,R,Morison,M,1,African American,R,True,,39,True,R,June,Monday,Child
225-69-0800,2024-05-15 12:21:00,R,Wooles,M,56,African American,R,True,,41,False,R,May,Wednesday,Adult
422-79-2376,2023-12-06 22:46:00,R,Guilfoyle,M,20,African American,R,True,,56,False,R,December,Wednesday,Adult
100-70-0071,2024-01-14 01:43:00,R,Downham,M,38,African American,R,True,,57,False,R,January,Sunday,Adult
446-22-8407,2024-03-16 06:21:00,R,Draaisma,M,39,African American,R,True,,57,False,R,March,Saturday,Adult
472-79-7036,2023-09-23 08:02:00,S,Okell,M,28,African American,S,True,,12,False,S,September,Saturday,Adult
807-77-5028,2024-11-10 11:12:00,S,Shasnan,M,30,African American,S,True,,12,False,S,November,Sunday,Adult
324-34-8824,2023-10-09 22:45:00,S,Quincey,M,57,African American,S,True,,34,False,S,October,Monday,Adult
464-11-9261,2023-04-12 00:28:00,S,Buddock,M,11,African American,S,True,,51,False,S,April,Wednesday,Child
539-64-9567,2023-05-10 09:27:00,S,Zimmer,M,51,African American,S,True,,55,False,S,May,Wednesday,Adult
223-49-3545,2024-07-10 09:27:00,T,Joontjes,M,22,African American,T,True,,14,False,T,July,Wednesday,Adult
668-28-5376,2023-09-25 09:01:00,T,Milley,M,32,African American,T,True,,45,False,T,September,Monday,Adult
607-36-7676,2024-04-30 11:52:00,U,Leall,M,10,African American,U,True,,20,False,U,April,Tuesday,Child
393-76-3342,2023-08-09 08:52:00,U,Wisbey,M,63,African American,U,True,,23,False,U,August,Wednesday,Senior
787-63-5091,2023-05-30 05:50:00,U,Haccleton,M,2,African American,U,True,,28,True,U,May,Tuesday,Child
575-80-8828,2023-06-13 01:49:00,U,Shawcross,M,59,African American,U,True,,37,False,U,June,Tuesday,Adult
132-56-4513,2023-09-16 05:02:00,U,Stronough,M,59,African American,U,True,,39,False,U,September,Saturday,Adult
317-40-2697,2023-06-16 18:00:00,U,Kells,M,48,African American,U,True,,43,False,U,June,Friday,Adult
186-14-2053,2024-02-20 05:33:00,V,Minchinden,M,66,African American,V,True,,20,False,V,February,Tuesday,Senior
315-55-1344,2024-05-02 03:57:00,V,Kyte,M,46,African American,V,True,,36,False,V,May,Thursday,Adult
797-63-5683,2024-03-10 14:23:00,V,Gibbins,M,3,African American,V,True,,43,False,V,March,Sunday,Child
746-88-5176,2023-05-04 16:56:00,V,Carncross,M,48,African American,V,True,,45,False,V,May,Thursday,Adult
528-38-1491,2024-03-25 10:45:00,V,Howat,M,33,African American,V,True,,47,False,V,March,Monday,Adult
100-17-5081,2024-01-14 19:20:00,V,Flicker,M,67,African American,V,True,,60,False,V,January,Sunday,Senior
329-52-8249,2024-03-10 07:06:00,W,Snoddon,M,73,African American,W,True,,21,False,W,March,Sunday,Senior
711-14-6363,2024-03-28 09:46:00,W,Merriton,M,31,African American,W,True,,43,False,W,March,Thursday,Adult
586-36-0979,2023-04-14 20:47:00,W,Brugmann,M,61,African American,W,True,,44,False,W,April,Friday,Senior
512-27-6855,2023-07-24 20:42:00,W,Watting,M,75,African American,W,True,,46,False,W,July,Monday,Senior
736-65-1410,2024-08-24 00:15:00,W,Gossage,M,34,African American,W,True,,52,False,W,August,Saturday,Adult
506-47-7494,2023-11-23 22:59:00,W,Weld,M,66,African American,W,True,,58,False,W,November,Thursday,Senior
800-68-0100,2023-09-21 04:47:00,X,Crier,M,51,African American,X,True,,14,False,X,September,Thursday,Adult
680-14-5223,2024-02-16 23:01:00,X,Delgadillo,M,68,African American,X,True,,19,False,X,February,Friday,Senior
542-26-9769,2023-05-26 11:06:00,X,Twelvetree,M,22,African American,X,True,,31,True,X,May,Friday,Adult
781-65-5758,2024-02-21 18:13:00,X,Masseo,M,34,African American,X,True,,39,False,X,February,Wednesday,Adult
492-55-5790,2024-02-07 18:02:00,X,Shorland,M,25,African American,X,True,,45,False,X,February,Wednesday,Adult
532-91-6458,2024-08-27 03:43:00,X,Slaight,M,62,African American,X,True,,45,False,X,August,Tuesday,Senior
860-64-2420,2024-03-14 06:50:00,X,Brandham,M,76,African American,X,True,,54,False,X,March,Thursday,Senior
334-41-5934,2024-06-23 06:16:00,X,Ponte,M,18,African American,X,True,,58,False,X,June,Sunday,Teen
792-91-1843,2024-09-04 12:03:00,Y,Etteridge,M,63,African American,Y,True,,18,False,Y,September,Wednesday,Senior
699-31-0809,2023-10-22 14:55:00,Y,Dumsday,M,65,African American,Y,True,,18,False,Y,October,Sunday,Senior
350-63-4551,2023-07-09 07:05:00,Y,Vass,M,29,African American,Y,True,,25,False,Y,July,Sunday,Adult
314-50-1618,2024-03-30 17:54:00,Y,Barhems,M,52,African American,Y,True,,27,False,Y,March,Saturday,Adult
402-65-3498,2023-04-26 21:57:00,Y,Sharpe,M,71,African American,Y,True,,30,False,Y,April,Wednesday,Senior
387-69-1136,2024-05-25 02:36:00,Y,Juster,M,45,African American,Y,True,,31,False,Y,May,Saturday,Adult
864-95-3743,2024-01-30 11:53:00,Y,Figiovanni,M,14,African American,Y,True,,34,False,Y,January,Tuesday,Teen
701-10-0774,2024-01-14 09:34:00,Y,De Maine,M,2,African American,Y,True,,41,False,Y,January,Sunday,Child
341-90-9619,2023-09-17 20:28:00,Y,Hopkyns,M,59,African American,Y,True,,48,False,Y,September,Sunday,Adult
409-09-6299,2023-08-26 08:18:00,Y,Wyne,M,20,African American,Y,True,,49,False,Y,August,Saturday,Adult
355-78-1256,2024-06-30 08:31:00,Y,McGettigan,M,47,African American,Y,True,,51,False,Y,June,Sunday,Adult
360-57-7022,2023-11-07 07:20:00,Z,Reneke,M,19,African American,Z,True,,17,False,Z,November,Tuesday,Adult
337-49-3637,2024-12-09 18:52:00,Z,Dimitriades,M,39,African American,Z,True,,19,False,Z,December,Monday,Adult
502-37-4117,2024-06-19 01:03:00,Z,Linsey,M,51,African American,Z,True,,22,False,Z,June,Wednesday,Adult
646-76-4036,2023-05-24 00:40:00,Z,Northeast,M,46,African American,Z,True,,44,True,Z,May,Wednesday,Adult
350-37-2223,2024-09-15 12:02:00,Z,Jervois,M,57,African American,Z,True,,45,False,Z,September,Sunday,Adult
745-95-5434,2024-09-02 21:40:00,J,Piggen,M,26,African American,J,True,0.0,49,False,J,September,Monday,Adult
541-90-8828,2023-05-11 14:50:00,P,Stoop,M,44,African American,P,True,0.0,27,False,P,May,Thursday,Adult
859-60-6499,2023-12-21 11:33:00,P,Juzek,M,10,African American,P,True,0.0,30,False,P,December,Thursday,Child
731-69-1969,2023-02-10 10:26:00,X,Storck,M,26,African American,X,True,0.0,13,False,X,February,Friday,Adult
645-33-8446,2024-05-28 15:46:00,J,Early,M,68,African American,J,True,1.0,44,False,J,May,Tuesday,Senior
178-06-0072,2023-08-21 19:59:00,J,Dietsche,M,5,African American,J,True,1.0,59,False,J,August,Monday,Child
319-37-4998,2023-08-30 07:47:00,S,Fewster,M,46,African American,S,True,1.0,40,False,S,August,Wednesday,Adult
248-79-5709,2024-07-01 04:49:00,S,Coryndon,M,48,African American,S,True,1.0,40,False,S,July,Monday,Adult
689-07-9836,2024-05-10 02:28:00,A,Latek,M,25,African American,A,True,2.0,12,False,A,May,Friday,Adult
727-21-8996,2024-11-04 01:21:00,F,Bulch,M,73,African American,F,True,2.0,58,False,F,November,Monday,Senior
522-16-8744,2023-07-05 01:06:00,M,Jedras,M,60,African American,M,True,2.0,18,True,M,July,Wednesday,Adult
260-97-5738,2023-12-10 10:27:00,T,Dullingham,M,59,African American,T,True,2.0,58,False,T,December,Sunday,Adult
776-31-7222,2023-12-17 09:37:00,A,Golley,M,23,African American,A,True,3.0,34,False,A,December,Sunday,Adult
448-35-2141,2023-06-14 08:33:00,C,Tamlett,M,56,African American,C,True,3.0,15,False,C,June,Wednesday,Adult
393-15-1888,2024-09-17 21:42:00,K,Silveston,M,40,African American,K,True,3.0,35,False,K,September,Tuesday,Adult
456-31-3502,2024-05-21 00:33:00,M,Dosdell,M,44,African American,M,True,3.0,58,False,M,May,Tuesday,Adult
126-41-1668,2024-07-16 12:39:00,N,Godilington,M,22,African American,N,True,3.0,59,False,N,July,Tuesday,Adult
121-30-7937,2023-04-30 04:33:00,T,Wilse,M,71,African American,T,True,3.0,24,False,T,April,Sunday,Senior
374-94-7302,2024-10-06 00:45:00,Z,Gillogley,M,2,African American,Z,True,3.0,23,False,Z,October,Sunday,Child
275-04-7155,2024-10-26 12:48:00,J,Matzaitis,M,43,African American,J,True,4.0,23,False,J,October,Saturday,Adult
473-53-0515,2023-11-06 23:49:00,J,Limrick,M,31,African American,J,True,4.0,42,False,J,November,Monday,Adult
237-68-2124,2024-07-16 15:43:00,M,Erik,M,68,African American,M,True,4.0,23,False,M,July,Tuesday,Senior
359-91-9193,2023-06-28 09:03:00,Q,Ayllett,M,57,African American,Q,True,4.0,33,False,Q,June,Wednesday,Adult
171-56-3657,2024-12-06 00:40:00,R,Quixley,M,77,African American,R,True,4.0,36,False,R,December,Friday,Senior
451-34-4202,2024-03-26 17:33:00,S,Josey,M,17,African American,S,True,4.0,43,False,S,March,Tuesday,Teen
659-77-8969,2024-03-04 19:49:00,T,Sawdon,M,20,African American,T,True,4.0,27,False,T,March,Monday,Adult
339-65-9299,2023-08-10 18:56:00,U,Redan,M,58,African American,U,True,4.0,57,False,U,August,Thursday,Adult
329-19-9616,2023-06-27 00:46:00,H,Domico,M,50,African American,H,True,5.0,55,False,H,June,Tuesday,Adult
339-20-7594,2024-07-24 13:01:00,J,MacSharry,M,42,African American,J,True,5.0,38,False,J,July,Wednesday,Adult
328-14-5591,2024-02-01 02:33:00,L,Shambrooke,M,59,African American,L,True,5.0,49,False,L,February,Thursday,Adult
487-25-9893,2024-11-08 19:01:00,N,Keston,M,52,African American,N,True,5.0,54,False,N,November,Friday,Adult
265-11-8190,2023-07-21 19:38:00,C,Bendon,M,50,African American,C,True,6.0,36,False,C,July,Friday,Adult
818-69-8637,2023-02-06 11:32:00,H,Broscombe,M,56,African American,H,True,6.0,23,False,H,February,Monday,Adult
607-20-0742,2023-08-26 01:53:00,J,Lescop,M,38,African American,J,True,6.0,27,False,J,August,Saturday,Adult
859-80-5199,2023-07-11 06:27:00,B,Lochhead,M,52,African American,B,True,7.0,10,False,B,July,Tuesday,Adult
861-08-8144,2023-08-12 00:29:00,D,Illiston,M,67,African American,D,True,7.0,47,False,D,August,Saturday,Senior
699-68-4698,2023-12-29 07:39:00,F,Bandy,M,15,African American,F,True,7.0,26,False,F,December,Friday,Teen
858-56-1736,2023-05-20 19:51:00,K,Coull,M,28,African American,K,True,7.0,27,True,K,May,Saturday,Adult
676-57-7633,2023-12-07 08:11:00,O,Francillo,M,24,African American,O,True,7.0,12,False,O,December,Thursday,Adult
512-40-7624,2024-09-05 16:20:00,O,Powling,M,69,African American,O,True,7.0,55,False,O,September,Thursday,Senior
247-79-7253,2024-06-15 04:41:00,R,Richardin,M,25,African American,R,True,7.0,12,False,R,June,Saturday,Adult
120-15-5516,2024-04-20 18:02:00,S,Brooksbie,M,30,African American,S,True,7.0,25,False,S,April,Saturday,Adult
394-07-2661,2024-04-05 14:02:00,W,Berzin,M,27,African American,W,True,7.0,20,False,W,April,Friday,Adult
234-62-4445,2024-06-20 10:12:00,X,Dimmer,M,74,African American,X,True,7.0,40,False,X,June,Thursday,Senior
292-95-6291,2024-11-07 17:49:00,H,Walkling,M,65,African American,H,True,8.0,31,False,H,November,Thursday,Senior
806-11-1271,2023-08-06 13:58:00,N,Borman,M,36,African American,N,True,8.0,15,False,N,August,Sunday,Adult
497-27-2881,2024-01-09 18:15:00,W,Grimsdith,M,42,African American,W,True,8.0,36,False,W,January,Tuesday,Adult
500-85-3554,2024-07-06 15:07:00,X,Kineton,M,28,African American,X,True,8.0,47,False,X,July,Saturday,Adult
831-72-4104,2024-02-04 10:40:00,Z,Wevell,M,48,African American,Z,True,8.0,41,False,Z,February,Sunday,Adult
636-89-0732,2023-05-04 14:45:00,C,Brimacombe,M,4,African American,C,True,9.0,34,False,C,May,Thursday,Child
193-87-0591,2024-02-13 00:34:00,H,Batchan,M,78,African American,H,True,9.0,42,False,H,February,Tuesday,Senior
545-48-0481,2024-03-25 15:51:00,H,Allridge,M,76,African American,H,True,9.0,50,False,H,March,Monday,Senior
129-48-0933,2023-05-17 10:15:00,I,Saiger,M,21,African American,I,True,9.0,15,True,I,May,Wednesday,Adult
531-31-3664,2023-03-06 21:04:00,J,Thexton,M,8,African American,J,True,9.0,11,False,J,March,Monday,Child
861-48-5444,2024-03-13 12:35:00,K,Minero,M,13,African American,K,True,9.0,57,False,K,March,Wednesday,Teen
844-85-1514,2024-10-09 11:04:00,N,Pleager,M,20,African American,N,True,9.0,17,False,N,October,Wednesday,Adult
103-73-6870,2023-10-24 00:03:00,Q,Pickston,M,15,African American,Q,True,9.0,22,False,Q,October,Tuesday,Teen
836-45-5911,2024-01-10 12:05:00,Z,Jirsa,M,78,African American,Z,True,9.0,30,False,Z,January,Wednesday,Senior
161-39-6789,2024-05-24 07:01:00,B,Steffens,M,6,African American,B,True,10.0,60,False,B,May,Friday,Child
292-50-3675,2023-03-08 12:51:00,E,Kornalik,M,33,African American,E,True,10.0,47,False,E,March,Wednesday,Adult
202-95-1671,2024-06-26 23:29:00,F,Beneix,M,34,African American,F,True,10.0,54,False,F,June,Wednesday,Adult
583-72-3070,2023-06-26 11:08:00,H,Drayn,M,70,African American,H,True,10.0,16,False,H,June,Monday,Senior
474-58-0047,2024-06-17 05:33:00,H,Ruste,M,64,African American,H,True,10.0,22,False,H,June,Monday,Senior
618-74-2955,2024-01-16 18:19:00,U,Daubney,M,7,African American,U,True,10.0,14,False,U,January,Tuesday,Child
352-51-9558,2023-07-11 14:46:00,U,Mountstephen,M,50,African American,U,True,10.0,60,False,U,July,Tuesday,Adult
464-44-5970,2024-07-25 08:58:00,B,Turneaux,M,74,African American,B,True,,28,False,B,July,Thursday,Senior
602-47-8260,2024-11-10 09:50:00,B,Emloch,M,52,African American,B,True,,38,False,B,November,Sunday,Adult
138-91-1480,2024-02-08 18:44:00,C,Rushbrook,M,19,African American,C,True,,11,False,C,February,Thursday,Adult
853-27-4550,2024-07-24 20:13:00,D,Kewzick,M,53,African American,D,True,,20,False,D,July,Wednesday,Adult
546-93-3891,2024-06-27 17:12:00,D,Beedie,M,42,African American,D,True,,39,False,D,June,Thursday,Adult
313-02-6855,2024-01-29 08:11:00,E,Ephgrave,M,74,African American,E,True,,58,False,E,January,Monday,Senior
667-04-5340,2023-06-20 00:03:00,F,Dewar,M,29,African American,F,True,,46,False,F,June,Tuesday,Adult
219-46-2834,2023-12-28 21:00:00,F,Hugonneau,M,26,African American,F,True,,49,False,F,December,Thursday,Adult
258-65-5478,2023-09-23 03:13:00,F,Billings,M,47,African American,F,True,,53,False,F,September,Saturday,Adult
375-19-1172,2023-08-04 02:04:00,G,Earwaker,M,70,African American,G,True,,22,False,G,August,Friday,Senior
851-85-8318,2023-04-04 15:35:00,G,D'Ruel,M,9,African American,G,True,,36,False,G,April,Tuesday,Child
702-38-3084,2024-02-07 00:46:00,J,Sinden,M,75,African American,J,True,,17,False,J,February,Wednesday,Senior
855-68-8308,2023-07-09 21:12:00,J,Tellenbach,M,58,African American,J,True,,19,False,J,July,Sunday,Adult
265-01-7218,2023-04-14 06:19:00,K,MacAdam,M,5,African American,K,True,,34,False,K,April,Friday,Child
711-16-5014,2024-06-19 21:12:00,L,Frostdyke,M,49,African American,L,True,,18,False,L,June,Wednesday,Adult
658-61-9044,2024-03-28 08:51:00,L,Sayles,M,71,African American,L,True,,28,False,L,March,Thursday,Senior
352-98-0907,2024-01-09 02:23:00,M,Saywell,M,64,African American,M,True,,47,False,M,January,Tuesday,Senior
369-61-0041,2023-10-06 13:35:00,P,Clurow,M,48,African American,P,True,,25,False,P,October,Friday,Adult
864-54-6914,2023-07-18 06:56:00,P,Adger,M,15,African American,P,True,,53,False,P,July,Tuesday,Teen
340-40-0901,2024-05-23 17:24:00,P,Adamik,M,7,African American,P,True,,60,False,P,May,Thursday,Child
701-71-6155,2023-09-30 16:58:00,Q,Felce,M,18,African American,Q,True,,57,False,Q,September,Saturday,Teen
769-26-7401,2024-09-10 07:54:00,S,Blackstock,M,75,African American,S,True,,51,False,S,September,Tuesday,Senior
454-17-8279,2024-03-28 07:54:00,T,Odgaard,M,39,African American,T,True,,12,False,T,March,Thursday,Adult
723-76-5413,2023-09-15 13:54:00,T,Skrines,M,3,African American,T,True,,34,False,T,September,Friday,Child
521-83-9058,2023-05-14 17:35:00,U,Ors,M,32,African American,U,True,,17,True,U,May,Sunday,Adult
490-58-0794,2023-05-18 09:16:00,U,Adam,M,50,African American,U,True,,44,True,U,May,Thursday,Adult
517-09-3692,2024-10-07 13:34:00,U,Stanyland,M,34,African American,U,True,,58,False,U,October,Monday,Adult
758-75-6911,2023-08-07 15:48:00,W,Bogace,M,34,African American,W,True,,41,False,W,August,Monday,Adult
812-01-8966,2024-09-01 22:32:00,W,Bremond,M,24,African American,W,True,,60,False,W,September,Sunday,Adult
610-42-3028,2024-03-08 07:14:00,Y,Coghill,M,6,African American,Y,True,,42,False,Y,March,Friday,Child
197-42-3233,2023-08-18 04:33:00,Y,Goalby,M,74,African American,Y,True,,52,False,Y,August,Friday,Senior
843-11-0945,2023-12-17 01:11:00,Z,Egdale,M,64,African American,Z,True,,48,False,Z,December,Sunday,Senior
771-94-6870,2024-02-01 21:16:00,Z,Muccino,M,18,African American,Z,True,,55,False,Z,February,Thursday,Teen
330-29-6460,2024-01-14 01:16:00,E,Pennrington,M,45,African American,E,True,0.0,41,False,E,January,Sunday,Adult
533-97-4597,2023-02-11 13:04:00,D,Dudny,M,71,African American,D,True,1.0,10,False,D,February,Saturday,Senior
582-24-8875,2024-03-21 09:05:00,I,Gullberg,M,74,African American,I,True,1.0,21,False,I,March,Thursday,Senior
221-75-5469,2024-06-24 03:34:00,Q,Trudgeon,M,10,African American,Q,True,1.0,60,False,Q,June,Monday,Child
546-76-3103,2023-08-17 10:35:00,S,Leathart,M,13,African American,S,True,1.0,45,False,S,August,Thursday,Teen
821-53-2890,2024-06-06 01:28:00,T,Lawrance,M,29,African American,T,True,1.0,18,False,T,June,Thursday,Adult
872-54-2592,2023-08-12 15:47:00,W,Cossington,M,68,African American,W,True,2.0,54,False,W,August,Saturday,Senior
113-95-3971,2023-10-28 03:41:00,B,Preto,M,1,African American,B,True,3.0,25,False,B,October,Saturday,Child
211-48-9357,2024-03-03 09:51:00,N,Brunner,M,38,African American,N,True,3.0,15,False,N,March,Sunday,Adult
720-24-3690,2023-11-17 10:42:00,O,Mifflin,M,27,African American,O,True,4.0,17,False,O,November,Friday,Adult
452-87-5629,2024-07-20 05:50:00,A,Wilgar,M,50,African American,A,True,5.0,49,False,A,July,Saturday,Adult
830-11-3808,2023-02-10 17:02:00,E,Binder,M,49,African American,E,True,5.0,51,False,E,February,Friday,Adult
691-30-6115,2023-06-13 19:34:00,X,Swinley,M,38,African American,X,True,5.0,39,False,X,June,Tuesday,Adult
551-13-2462,2024-09-24 00:53:00,E,Sant,M,69,African American,E,True,6.0,28,False,E,September,Tuesday,Senior
393-52-8450,2024-05-16 14:16:00,I,Lauritsen,M,74,African American,I,True,6.0,24,False,I,May,Thursday,Senior
634-89-7737,2023-06-11 22:39:00,R,Adanet,M,69,African American,R,True,6.0,48,False,R,June,Sunday,Senior
826-13-7323,2024-06-13 23:24:00,H,Knagges,M,60,African American,H,True,7.0,26,False,H,June,Thursday,Adult
513-30-4773,2024-04-10 03:13:00,K,Andress,M,71,African American,K,True,8.0,38,False,K,April,Wednesday,Senior
461-29-9107,2024-02-22 16:28:00,N,Torbard,M,73,African American,N,True,8.0,32,False,N,February,Thursday,Senior
710-19-1756,2023-05-16 17:22:00,Q,Hallas,M,36,African American,Q,True,9.0,11,True,Q,May,Tuesday,Adult
662-15-8330,2023-09-08 04:04:00,B,Dyet,M,4,African American,B,True,10.0,20,False,B,September,Friday,Child
612-63-4048,2024-12-08 06:04:00,F,Stodart,M,24,African American,F,True,10.0,58,False,F,December,Sunday,Adult
465-18-8502,2023-09-25 14:04:00,J,Willishire,M,2,African American,J,True,10.0,40,False,J,September,Monday,Child
248-79-4235,2024-01-22 01:20:00,L,Peake,M,20,African American,L,True,10.0,56,False,L,January,Monday,Adult
174-75-1853,2024-07-03 16:55:00,B,Frosdick,M,22,African American,B,True,,44,False,B,July,Wednesday,Adult
590-07-7660,2024-10-28 01:11:00,C,Hullot,M,6,African American,C,True,,44,False,C,October,Monday,Child
350-07-8086,2023-06-27 21:32:00,C,Mendel,M,9,African American,C,True,,54,False,C,June,Tuesday,Child
841-68-4981,2024-08-19 00:10:00,D,Cotterell,M,8,African American,D,True,,37,False,D,August,Monday,Child
522-83-0267,2023-05-19 01:57:00,M,Mainson,M,21,African American,M,True,,17,True,M,May,Friday,Adult
399-44-4124,2024-06-22 17:40:00,N,Hillen,M,46,African American,N,True,,49,False,N,June,Saturday,Adult
833-71-2313,2023-11-13 12:42:00,O,Lawden,M,72,African American,O,True,,22,False,O,November,Monday,Senior
191-38-0493,2023-10-31 05:18:00,R,Prettyman,M,66,African American,R,True,,20,False,R,October,Tuesday,Senior
655-73-2482,2023-04-11 06:00:00,U,Struijs,M,3,African American,U,True,,51,False,U,April,Tuesday,Child
282-19-0346,2023-11-12 09:14:00,Z,Dupree,M,68,African American,Z,True,,55,False,Z,November,Sunday,Senior
298-36-6119,2024-03-25 23:09:00,M,D'Elias,M,17,African American,M,True,2.0,19,False,M,March,Monday,Teen
134-23-9854,2023-09-11 14:46:00,A,Cabrara,M,56,African American,A,True,5.0,45,False,A,September,Monday,Adult
635-55-6937,2024-03-06 03:13:00,Y,Gostridge,M,23,African American,Y,True,6.0,52,False,Y,March,Wednesday,Adult
702-47-3618,2023-04-13 05:21:00,W,Keppie,M,9,African American,W,True,9.0,56,False,W,April,Thursday,Child
162-52-5413,2023-08-16 20:18:00,P,Wakley,M,75,African American,P,True,,12,False,P,August,Wednesday,Senior
435-61-1271,2024-06-03 18:06:00,R,Riseborough,M,37,African American,R,True,,33,False,R,June,Monday,Adult
620-03-2957,2024-04-15 20:44:00,X,Rickaby,M,17,African American,X,True,,53,False,X,April,Monday,Teen
604-90-6890,2024-01-23 16:46:00,Z,Assel,M,6,African American,Z,True,,39,False,Z,January,Tuesday,Child
497-25-0031,2024-06-15 04:06:00,T,Grindall,M,29,Asian,T,True,,57,False,T,June,Saturday,Adult
404-11-0410,2023-12-05 00:18:00,P,Baton,M,78,Asian,P,True,1.0,33,True,P,December,Tuesday,Senior
849-97-5342,2024-06-06 11:42:00,B,Goodhew,M,52,Asian,B,True,,48,False,B,June,Thursday,Adult
700-71-2541,2024-05-16 03:07:00,C,Dagon,M,37,Asian,C,True,,15,False,C,May,Thursday,Adult
595-97-7229,2024-01-24 04:34:00,V,Eric,M,76,Asian,V,True,,59,False,V,January,Wednesday,Senior
154-20-9417,2024-09-13 17:45:00,A,Roberti,M,79,Asian,A,True,1.0,36,False,A,September,Friday,Senior
824-94-3306,2023-06-05 06:25:00,D,Benham,M,30,Asian,D,True,1.0,37,True,D,June,Monday,Adult
713-44-5163,2024-09-15 23:49:00,X,Dobrowolny,M,55,Asian,X,True,8.0,36,False,X,September,Sunday,Adult
749-55-7622,2024-02-03 19:39:00,A,Weadick,M,48,Asian,A,True,,21,False,A,February,Saturday,Adult
421-08-1967,2023-11-04 09:20:00,B,Mahmood,M,57,Asian,B,True,,48,False,B,November,Saturday,Adult
873-06-4261,2023-08-24 21:16:00,B,Handman,M,11,Asian,B,True,,57,False,B,August,Thursday,Child
107-86-6061,2023-12-12 08:14:00,C,Abela,M,78,Asian,C,True,,12,False,C,December,Tuesday,Senior
278-22-0214,2023-07-29 01:50:00,C,Cleeves,M,56,Asian,C,True,,13,False,C,July,Saturday,Adult
240-91-8056,2023-07-06 20:21:00,C,Jayume,M,41,Asian,C,True,,33,False,C,July,Thursday,Adult
428-69-8031,2024-08-06 16:48:00,D,Colliford,M,22,Asian,D,True,,12,False,D,August,Tuesday,Adult
482-05-7766,2024-01-31 09:03:00,D,Marrable,M,4,Asian,D,True,,44,False,D,January,Wednesday,Child
313-29-0509,2024-10-23 03:19:00,D,McNabb,M,47,Asian,D,True,,57,False,D,October,Wednesday,Adult
543-62-1334,2024-01-28 11:42:00,E,Stranio,M,18,Asian,E,True,,11,False,E,January,Sunday,Teen
395-31-5947,2024-08-19 13:18:00,F,Sheal,M,35,Asian,F,True,,12,False,F,August,Monday,Adult
753-69-8444,2024-06-19 04:22:00,G,Swatman,M,37,Asian,G,True,,16,False,G,June,Wednesday,Adult
188-56-6640,2023-10-13 02:15:00,H,Kohn,M,19,Asian,H,True,,27,False,H,October,Friday,Adult
639-96-5879,2024-08-17 09:37:00,H,Kehoe,M,13,Asian,H,True,,30,False,H,August,Saturday,Teen
374-52-0951,2023-10-31 13:35:00,H,Blacklidge,M,54,Asian,H,True,,39,False,H,October,Tuesday,Adult
761-31-9174,2023-05-18 02:39:00,H,Bennetts,M,11,Asian,H,True,,52,True,H,May,Thursday,Child
223-07-9743,2023-12-17 21:06:00,I,Muddle,M,62,Asian,I,True,,34,False,I,December,Sunday,Senior
512-93-5850,2023-12-09 22:16:00,I,Nutton,M,38,Asian,I,True,,48,False,I,December,Saturday,Adult
501-69-9067,2023-05-04 17:51:00,M,Davidoff,M,7,Asian,M,True,,42,False,M,May,Thursday,Child
472-57-6924,2023-10-24 20:32:00,N,Weine,M,57,Asian,N,True,,43,False,N,October,Tuesday,Adult
645-65-7273,2023-07-29 12:58:00,O,Phonix,M,45,Asian,O,True,,38,False,O,July,Saturday,Adult
439-47-1386,2024-09-17 01:23:00,P,Durtnell,M,43,Asian,P,True,,13,False,P,September,Tuesday,Adult
302-61-6797,2023-08-12 13:02:00,P,Bardill,M,54,Asian,P,True,,34,False,P,August,Saturday,Adult
138-23-4405,2023-12-10 23:56:00,P,Renihan,M,45,Asian,P,True,,52,False,P,December,Sunday,Adult
137-21-4628,2024-10-05 14:51:00,Q,Warrick,M,34,Asian,Q,True,,10,False,Q,October,Saturday,Adult
678-76-6412,2024-08-29 08:13:00,R,Deetlefs,M,65,Asian,R,True,,57,False,R,August,Thursday,Senior
862-32-2195,2024-01-08 08:23:00,S,Cleave,M,24,Asian,S,True,,10,False,S,January,Monday,Adult
843-23-1781,2023-06-21 23:08:00,T,Caukill,M,16,Asian,T,True,,10,False,T,June,Wednesday,Teen
716-78-2526,2023-09-27 17:28:00,T,McGaugie,M,15,Asian,T,True,,14,False,T,September,Wednesday,Teen
707-97-3210,2023-11-30 07:11:00,T,Newlan,M,54,Asian,T,True,,27,False,T,November,Thursday,Adult
657-31-6467,2023-11-24 01:10:00,T,Scimoni,M,77,Asian,T,True,,35,False,T,November,Friday,Senior
404-40-7447,2024-01-26 15:46:00,U,Olsen,M,20,Asian,U,True,,27,False,U,January,Friday,Adult
226-24-8337,2023-11-28 01:59:00,U,De Freyne,M,31,Asian,U,True,,29,False,U,November,Tuesday,Adult
123-21-6808,2024-07-23 03:33:00,V,Binyon,M,23,Asian,V,True,,22,False,V,July,Tuesday,Adult
632-88-2956,2024-07-16 11:10:00,X,Laffranconi,M,26,Asian,X,True,,57,False,X,July,Tuesday,Adult
205-88-0582,2024-02-20 13:27:00,Y,Henden,M,70,Asian,Y,True,,18,False,Y,February,Tuesday,Senior
187-33-6988,2024-09-21 06:00:00,Z,Scotfurth,M,64,Asian,Z,True,,10,False,Z,September,Saturday,Senior
516-40-9905,2023-07-19 01:11:00,Z,Bidwell,M,12,Asian,Z,True,,44,False,Z,July,Wednesday,Child
729-10-9426,2023-02-04 17:50:00,Z,Brotherhed,M,6,Asian,Z,True,,45,False,Z,February,Saturday,Child
578-70-1520,2024-11-08 01:53:00,Q,Stanworth,M,77,Asian,Q,True,0.0,58,False,Q,November,Friday,Senior
193-23-1557,2024-10-01 16:17:00,Q,Laguerre,M,39,Asian,Q,True,1.0,14,False,Q,October,Tuesday,Adult
681-69-3937,2023-03-04 14:56:00,R,Maffezzoli,M,64,Asian,R,True,2.0,15,False,R,March,Saturday,Senior
805-58-2367,2023-12-23 08:49:00,X,Todman,M,3,Asian,X,True,2.0,48,False,X,December,Saturday,Child
363-45-5397,2024-08-01 10:41:00,V,Ahrend,M,26,Asian,V,True,3.0,53,False,V,August,Thursday,Adult
604-22-1946,2023-12-15 15:33:00,G,McTavish,M,28,Asian,G,True,5.0,55,False,G,December,Friday,Adult
113-72-3695,2023-09-22 13:10:00,V,Snaden,M,63,Asian,V,True,7.0,20,False,V,September,Friday,Senior
753-22-7315,2024-09-26 20:44:00,H,Reynolds,M,32,Asian,H,True,8.0,20,False,H,September,Thursday,Adult
678-80-6867,2024-03-24 15:11:00,U,Cohalan,M,71,Asian,U,True,10.0,15,False,U,March,Sunday,Senior
266-60-4228,2024-10-08 12:23:00,B,Balhatchet,M,59,Asian,B,True,,48,False,B,October,Tuesday,Adult
276-38-5016,2023-06-29 23:34:00,K,Rime,M,39,Asian,K,True,,18,False,K,June,Thursday,Adult
877-16-0784,2023-10-31 02:19:00,O,Hardage,M,59,Asian,O,True,,29,False,O,October,Tuesday,Adult
509-79-4975,2023-04-16 19:32:00,Y,Brennan,M,19,Asian,Y,True,,52,False,Y,April,Sunday,Adult
710-62-0164,2024-07-06 19:52:00,M,Maffin,M,26,Asian,M,True,0.0,37,False,M,July,Saturday,Adult
187-33-8018,2024-01-07 22:05:00,T,Reeks,M,10,Asian,T,True,2.0,42,False,T,January,Sunday,Child
691-25-6809,2024-04-14 04:56:00,K,Merington,M,17,Asian,K,True,10.0,12,False,K,April,Sunday,Teen
475-34-5223,2024-12-07 08:19:00,A,Bagnal,M,53,Asian,A,True,,20,False,A,December,Saturday,Adult
260-38-5070,2023-05-14 14:58:00,A,Hay,M,14,Asian,A,True,,25,True,A,May,Sunday,Teen
434-96-2789,2024-10-29 20:19:00,A,Jansens,M,71,Asian,A,True,,47,False,A,October,Tuesday,Senior
557-66-5745,2023-08-20 05:27:00,A,Christescu,M,62,Asian,A,True,,48,False,A,August,Sunday,Senior
736-98-3342,2024-09-09 12:05:00,B,Glasman,M,27,Asian,B,True,,52,False,B,September,Monday,Adult
366-62-0579,2024-04-20 03:49:00,B,Batey,M,10,Asian,B,True,,54,False,B,April,Saturday,Child
342-34-8074,2023-11-21 02:33:00,C,Oxtarby,M,76,Asian,C,True,,13,False,C,November,Tuesday,Senior
601-22-0464,2023-04-17 11:53:00,C,Blakeborough,M,38,Asian,C,True,,33,False,C,April,Monday,Adult
714-20-8974,2023-08-26 23:48:00,C,Witch,M,28,Asian,C,True,,46,False,C,August,Saturday,Adult
883-22-5328,2023-04-10 02:00:00,D,Ottosen,M,70,Asian,D,True,,29,False,D,April,Monday,Senior
440-68-4290,2024-01-20 03:05:00,D,Aglione,M,65,Asian,D,True,,42,False,D,January,Saturday,Senior
815-71-9230,2024-01-18 07:39:00,E,Hollingby,M,8,Asian,E,True,,21,False,E,January,Thursday,Child
420-56-3659,2023-12-12 16:39:00,E,Ragot,M,48,Asian,E,True,,25,False,E,December,Tuesday,Adult
305-01-4491,2023-06-21 16:12:00,E,Phillis,M,29,Asian,E,True,,33,False,E,June,Wednesday,Adult
692-61-2801,2023-12-12 15:48:00,E,Prahm,M,23,Asian,E,True,,40,False,E,December,Tuesday,Adult
390-79-5650,2024-01-01 17:33:00,E,Skerritt,M,59,Asian,E,True,,47,False,E,January,Monday,Adult
896-75-9958,2024-07-15 09:34:00,F,Patria,M,59,Asian,F,True,,22,False,F,July,Monday,Adult
594-06-1700,2023-01-05 00:38:00,F,Wickens,M,77,Asian,F,True,,28,True,F,January,Thursday,Senior
646-25-6910,2024-02-05 16:43:00,F,Harrowing,M,17,Asian,F,True,,30,False,F,February,Monday,Teen
244-65-6448,2024-02-04 09:09:00,F,Liversley,M,32,Asian,F,True,,34,False,F,February,Sunday,Adult
780-12-9711,2024-03-01 22:31:00,F,Dronsfield,M,22,Asian,F,True,,38,False,F,March,Friday,Adult
259-50-3010,2024-01-08 01:53:00,F,Stone Fewings,M,4,Asian,F,True,,42,False,F,January,Monday,Child
186-30-9348,2023-12-28 03:23:00,F,Lillgard,M,14,Asian,F,True,,52,False,F,December,Thursday,Teen
532-11-6360,2023-10-21 05:16:00,G,Toffalo,M,26,Asian,G,True,,37,False,G,October,Saturday,Adult
397-13-9614,2024-05-25 04:46:00,G,Caswell,M,72,Asian,G,True,,37,False,G,May,Saturday,Senior
879-99-8691,2024-04-30 19:28:00,G,Jeanenet,M,78,Asian,G,True,,49,False,G,April,Tuesday,Senior
886-30-7411,2024-09-21 21:05:00,G,Breffit,M,37,Asian,G,True,,52,False,G,September,Saturday,Adult
392-67-4275,2024-03-21 09:52:00,G,Aughton,M,42,Asian,G,True,,55,False,G,March,Thursday,Adult
114-13-2465,2024-08-29 04:01:00,G,Franceschelli,M,44,Asian,G,True,,56,False,G,August,Thursday,Adult
109-85-7478,2024-03-20 02:36:00,G,Arter,M,57,Asian,G,True,,57,False,G,March,Wednesday,Adult
637-32-6890,2023-08-23 10:40:00,H,Fetherston,M,57,Asian,H,True,,14,False,H,August,Wednesday,Adult
828-38-1580,2024-09-06 07:01:00,H,Cowcha,M,20,Asian,H,True,,36,False,H,September,Friday,Adult
892-21-6166,2024-03-06 20:51:00,H,Ivanyushin,M,20,Asian,H,True,,42,False,H,March,Wednesday,Adult
241-87-1317,2023-05-11 14:48:00,I,Tumasian,M,6,Asian,I,True,,11,False,I,May,Thursday,Child
616-24-0296,2023-04-07 23:59:00,I,Roseman,M,67,Asian,I,True,,24,False,I,April,Friday,Senior
486-72-5476,2023-10-08 22:45:00,I,Allnatt,M,36,Asian,I,True,,27,False,I,October,Sunday,Adult
643-01-0548,2023-08-12 17:16:00,I,Dat,M,46,Asian,I,True,,45,False,I,August,Saturday,Adult
383-29-8580,2023-10-18 11:05:00,I,Danielli,M,10,Asian,I,True,,50,False,I,October,Wednesday,Child
767-68-1383,2023-10-16 20:38:00,I,Axleby,M,18,Asian,I,True,,54,False,I,October,Monday,Teen
559-03-2977,2023-12-14 19:04:00,I,Rosel,M,30,Asian,I,True,,57,False,I,December,Thursday,Adult
817-93-7526,2024-06-04 15:31:00,J,Pollak,M,52,Asian,J,True,,22,False,J,June,Tuesday,Adult
842-41-3604,2024-01-08 16:39:00,J,Fairfoull,M,37,Asian,J,True,,25,False,J,January,Monday,Adult
363-01-4073,2024-06-24 00:20:00,J,Zimmer,M,47,Asian,J,True,,47,False,J,June,Monday,Adult
532-08-2723,2024-06-15 00:40:00,J,Batt,M,63,Asian,J,True,,49,False,J,June,Saturday,Senior
465-16-8651,2024-09-03 18:24:00,J,Thornthwaite,M,9,Asian,J,True,,51,False,J,September,Tuesday,Child
794-22-4498,2024-06-01 16:31:00,K,Robeson,M,3,Asian,K,True,,38,False,K,June,Saturday,Child
604-58-1481,2024-03-28 13:38:00,K,Ianetti,M,35,Asian,K,True,,45,False,K,March,Thursday,Adult
785-15-2888,2023-10-12 03:19:00,L,Schachter,M,19,Asian,L,True,,13,False,L,October,Thursday,Adult
651-01-5357,2024-07-17 21:25:00,L,Denyukhin,M,36,Asian,L,True,,23,False,L,July,Wednesday,Adult
270-12-6526,2024-05-15 22:36:00,L,Krystek,M,38,Asian,L,True,,48,False,L,May,Wednesday,Adult
371-37-0742,2023-11-14 01:48:00,L,Whayman,M,42,Asian,L,True,,51,False,L,November,Tuesday,Adult
867-30-8564,2023-12-04 18:24:00,L,Elijahu,M,43,Asian,L,True,,54,False,L,December,Monday,Adult
323-53-4902,2023-05-11 21:30:00,L,Le Conte,M,71,Asian,L,True,,58,False,L,May,Thursday,Senior
650-53-9989,2024-08-18 02:51:00,M,Mecozzi,M,57,Asian,M,True,,12,False,M,August,Sunday,Adult
459-96-4708,2024-09-16 22:04:00,M,Bairnsfather,M,21,Asian,M,True,,36,False,M,September,Monday,Adult
715-46-2216,2024-10-08 06:49:00,M,Breckenridge,M,35,Asian,M,True,,59,False,M,October,Tuesday,Adult
512-87-2879,2023-06-07 20:07:00,N,Seed,M,38,Asian,N,True,,11,False,N,June,Wednesday,Adult
614-03-6436,2024-01-28 13:35:00,N,Baldock,M,19,Asian,N,True,,15,False,N,January,Sunday,Adult
619-25-0963,2024-01-06 15:34:00,N,Wolverson,M,4,Asian,N,True,,16,False,N,January,Saturday,Child
553-19-7556,2024-03-10 18:26:00,N,Egdell,M,5,Asian,N,True,,27,False,N,March,Sunday,Child
720-19-1669,2023-05-10 02:44:00,N,Perrington,M,26,Asian,N,True,,36,False,N,May,Wednesday,Adult
646-68-5074,2024-09-03 11:34:00,O,Coumbe,M,6,Asian,O,True,,13,False,O,September,Tuesday,Child
414-32-1840,2024-02-05 19:22:00,O,Wesson,M,63,Asian,O,True,,21,False,O,February,Monday,Senior
639-61-4158,2024-05-19 19:09:00,O,Orgen,M,30,Asian,O,True,,26,False,O,May,Sunday,Adult
569-58-3904,2024-03-21 19:44:00,O,Brik,M,56,Asian,O,True,,32,False,O,March,Thursday,Adult
135-78-8511,2024-06-23 00:17:00,O,Marsden,M,36,Asian,O,True,,48,False,O,June,Sunday,Adult
312-49-8916,2024-08-06 19:27:00,O,Borchardt,M,68,Asian,O,True,,56,False,O,August,Tuesday,Senior
436-77-3709,2023-04-22 04:54:00,O,Silverton,M,30,Asian,O,True,,58,False,O,April,Saturday,Adult
478-64-3709,2024-06-05 05:28:00,P,Sharer,M,56,Asian,P,True,,11,False,P,June,Wednesday,Adult
703-98-6090,2024-09-01 18:40:00,P,Tallyn,M,50,Asian,P,True,,29,False,P,September,Sunday,Adult
693-70-1074,2023-09-09 15:28:00,P,McCloud,M,49,Asian,P,True,,55,False,P,September,Saturday,Adult
434-92-0068,2024-06-02 03:21:00,P,Esselin,M,54,Asian,P,True,,60,False,P,June,Sunday,Adult
836-74-5853,2023-07-06 16:16:00,Q,Kernes,M,28,Asian,Q,True,,25,False,Q,July,Thursday,Adult
407-75-9320,2024-04-21 05:45:00,Q,Addicote,M,32,Asian,Q,True,,47,False,Q,April,Sunday,Adult
243-37-3437,2024-02-14 00:38:00,R,Godart,M,26,Asian,R,True,,17,False,R,February,Wednesday,Adult
315-68-5001,2024-01-22 06:26:00,R,Bartunek,M,2,Asian,R,True,,44,False,R,January,Monday,Child
790-40-1327,2024-04-26 18:42:00,S,Danshin,M,5,Asian,S,True,,26,False,S,April,Friday,Child
465-29-9539,2024-04-18 05:20:00,S,Barrass,M,35,Asian,S,True,,26,False,S,April,Thursday,Adult
335-35-2752,2023-08-13 02:17:00,S,Grigoriscu,M,6,Asian,S,True,,32,False,S,August,Sunday,Child
611-23-0736,2024-07-20 20:09:00,S,McLugaish,M,39,Asian,S,True,,33,False,S,July,Saturday,Adult
454-18-7910,2024-05-16 12:34:00,S,Pawellek,M,6,Asian,S,True,,37,False,S,May,Thursday,Child
143-26-7316,2024-09-30 01:48:00,S,Riccardo,M,55,Asian,S,True,,48,False,S,September,Monday,Adult
259-51-9518,2023-01-04 02:45:00,T,Rolingson,M,62,Asian,T,True,,12,False,T,January,Wednesday,Senior
441-90-9274,2024-02-03 13:53:00,T,Proger,M,46,Asian,T,True,,16,False,T,February,Saturday,Adult
889-61-1482,2024-08-19 17:03:00,T,Godfree,M,26,Asian,T,True,,42,False,T,August,Monday,Adult
372-44-7515,2024-05-26 04:21:00,T,Anscott,M,11,Asian,T,True,,44,False,T,May,Sunday,Child
584-30-4808,2024-08-24 04:53:00,T,Hollyar,M,45,Asian,T,True,,47,False,T,August,Saturday,Adult
859-91-0113,2023-05-29 05:14:00,U,Vyel,M,31,Asian,U,True,,10,True,U,May,Monday,Adult
655-52-9143,2023-06-20 15:32:00,U,Widdecombe,M,48,Asian,U,True,,21,False,U,June,Tuesday,Adult
678-53-9593,2023-10-27 04:36:00,U,Genn,M,5,Asian,U,True,,38,False,U,October,Friday,Child
203-45-3196,2023-04-16 10:51:00,V,Seivertsen,M,27,Asian,V,True,,37,False,V,April,Sunday,Adult
795-19-2691,2023-02-12 17:07:00,V,Kennermann,M,77,Asian,V,True,,42,False,V,February,Sunday,Senior
586-38-7745,2023-04-07 13:40:00,V,Couronne,M,15,Asian,V,True,,49,False,V,April,Friday,Teen
319-83-7275,2023-12-30 07:50:00,W,Betjes,M,54,Asian,W,True,,10,False,W,December,Saturday,Adult
459-21-7302,2023-12-10 06:49:00,W,Smithen,M,23,Asian,W,True,,11,False,W,December,Sunday,Adult
170-17-5442,2024-08-31 15:14:00,W,Caldow,M,60,Asian,W,True,,45,False,W,August,Saturday,Adult
244-95-7873,2024-07-06 14:41:00,X,Maddaford,M,12,Asian,X,True,,37,False,X,July,Saturday,Child
168-40-7318,2023-09-09 21:24:00,X,Wiseman,M,69,Asian,X,True,,40,False,X,September,Saturday,Senior
120-91-4079,2023-06-29 20:34:00,Y,Uridge,M,28,Asian,Y,True,,28,False,Y,June,Thursday,Adult
561-11-2621,2024-01-21 03:31:00,Y,Lafford,M,74,Asian,Y,True,,51,False,Y,January,Sunday,Senior
433-76-4511,2023-10-30 19:50:00,Y,Dumbarton,M,10,Asian,Y,True,,53,False,Y,October,Monday,Child
312-69-6763,2024-06-23 00:31:00,Y,Durante,M,51,Asian,Y,True,,54,False,Y,June,Sunday,Adult
262-46-0717,2024-09-26 17:43:00,Z,Douche,M,51,Asian,Z,True,,13,False,Z,September,Thursday,Adult
626-40-8833,2024-07-07 23:13:00,Z,Piggrem,M,79,Asian,Z,True,,13,False,Z,July,Sunday,Senior
436-13-7446,2024-11-03 01:06:00,Z,Rudyard,M,11,Asian,Z,True,,17,False,Z,November,Sunday,Child
578-45-8014,2023-04-23 16:35:00,Z,Nottram,M,33,Asian,Z,True,,32,False,Z,April,Sunday,Adult
417-28-9047,2024-02-14 19:40:00,T,Gillopp,M,51,Asian,T,True,0.0,31,False,T,February,Wednesday,Adult
403-95-6018,2024-11-03 07:20:00,V,Kingswell,M,64,Asian,V,True,0.0,42,False,V,November,Sunday,Senior
161-51-7376,2024-07-29 03:19:00,L,Ivory,M,64,Asian,L,True,1.0,39,False,L,July,Monday,Senior
815-18-9064,2024-12-01 00:44:00,X,Elles,M,12,Asian,X,True,1.0,12,False,X,December,Sunday,Child
818-37-3389,2023-12-21 16:50:00,F,Bukowski,M,41,Asian,F,True,2.0,29,False,F,December,Thursday,Adult
719-92-0551,2024-03-09 14:15:00,T,Mosdell,M,35,Asian,T,True,2.0,56,False,T,March,Saturday,Adult
199-62-2068,2023-11-05 08:29:00,Z,Kubu,M,43,Asian,Z,True,2.0,22,True,Z,November,Sunday,Adult
391-27-7971,2023-11-19 00:20:00,C,Poznan,M,35,Asian,C,True,3.0,23,False,C,November,Sunday,Adult
187-45-1401,2024-09-04 14:51:00,G,Lebel,M,45,Asian,G,True,3.0,23,False,G,September,Wednesday,Adult
372-65-4950,2024-01-16 11:26:00,S,Morrill,M,75,Asian,S,True,3.0,29,False,S,January,Tuesday,Senior
428-10-5696,2024-03-24 05:21:00,Z,Abercrombie,M,76,Asian,Z,True,3.0,53,False,Z,March,Sunday,Senior
291-27-7983,2023-05-04 18:58:00,L,Pittman,M,27,Asian,L,True,4.0,49,False,L,May,Thursday,Adult
680-03-6336,2024-08-24 06:02:00,M,MacVean,M,17,Asian,M,True,4.0,48,False,M,August,Saturday,Teen
734-88-0672,2024-10-30 05:26:00,R,Clemenzi,M,43,Asian,R,True,4.0,51,False,R,October,Wednesday,Adult
622-95-3705,2023-11-20 21:36:00,T,Timoney,M,22,Asian,T,True,4.0,27,False,T,November,Monday,Adult
474-27-6059,2023-05-25 07:23:00,U,Veazey,M,6,Asian,U,True,4.0,26,True,U,May,Thursday,Child
201-34-2154,2024-03-15 20:28:00,A,Chill,M,70,Asian,A,True,5.0,37,False,A,March,Friday,Senior
800-50-8275,2023-04-19 16:52:00,E,Jiroutek,M,65,Asian,E,True,6.0,15,False,E,April,Wednesday,Senior
537-53-2901,2023-08-30 15:18:00,I,Rheaume,M,24,Asian,I,True,6.0,51,False,I,August,Wednesday,Adult
802-54-9455,2023-11-28 17:19:00,R,Ranstead,M,23,Asian,R,True,6.0,13,False,R,November,Tuesday,Adult
286-21-4061,2023-03-05 12:11:00,X,Raden,M,28,Asian,X,True,6.0,17,True,X,March,Sunday,Adult
747-62-2379,2023-05-14 02:52:00,Z,Poltone,M,1,Asian,Z,True,6.0,12,True,Z,May,Sunday,Child
674-28-1008,2023-06-21 23:08:00,K,Rouzet,M,2,Asian,K,True,7.0,32,False,K,June,Wednesday,Child
881-37-2614,2024-08-02 14:17:00,O,MacVagh,M,35,Asian,O,True,7.0,32,False,O,August,Friday,Adult
670-31-8033,2024-04-09 02:41:00,V,Crowch,M,79,Asian,V,True,7.0,34,False,V,April,Tuesday,Senior
807-37-1984,2024-10-20 05:51:00,X,Cooke,M,56,Asian,X,True,7.0,28,False,X,October,Sunday,Adult
167-66-0469,2024-01-05 11:46:00,I,Snuggs,M,71,Asian,I,True,8.0,56,False,I,January,Friday,Senior
361-08-3342,2024-06-21 13:00:00,N,Hurl,M,4,Asian,N,True,8.0,13,False,N,June,Friday,Child
712-27-9390,2023-07-31 02:13:00,S,Cotgrove,M,10,Asian,S,True,8.0,35,False,S,July,Monday,Child
580-22-8552,2024-07-25 14:56:00,Z,Claque,M,18,Asian,Z,True,8.0,38,False,Z,July,Thursday,Teen
316-86-7414,2024-05-09 06:30:00,T,Poynton,M,28,Asian,T,True,9.0,29,False,T,May,Thursday,Adult
207-17-5079,2023-07-10 07:42:00,T,Reinbech,M,28,Asian,T,True,9.0,30,False,T,July,Monday,Adult
360-54-2856,2023-04-22 21:37:00,Z,Allcroft,M,29,Asian,Z,True,9.0,45,False,Z,April,Saturday,Adult
544-26-4109,2024-02-23 10:55:00,B,Broadley,M,58,Asian,B,True,10.0,27,False,B,February,Friday,Adult
143-37-8396,2024-03-06 04:31:00,I,McClintock,M,74,Asian,I,True,10.0,32,False,I,March,Wednesday,Senior
697-61-8367,2024-03-04 19:53:00,B,Meeking,M,45,Asian,B,True,,37,False,B,March,Monday,Adult
120-15-2623,2024-05-02 12:06:00,B,Subhan,M,48,Asian,B,True,,42,False,B,May,Thursday,Adult
599-65-8051,2023-03-11 13:56:00,B,Sivess,M,35,Asian,B,True,,50,False,B,March,Saturday,Adult
610-24-5601,2023-10-20 11:42:00,C,Prestie,M,35,Asian,C,True,,21,False,C,October,Friday,Adult
122-17-9496,2023-07-13 11:38:00,F,MacNally,M,33,Asian,F,True,,11,False,F,July,Thursday,Adult
561-07-0305,2023-06-07 01:13:00,G,Lowfill,M,30,Asian,G,True,,59,False,G,June,Wednesday,Adult
259-41-9306,2024-07-25 05:49:00,H,Woolvin,M,25,Asian,H,True,,49,False,H,July,Thursday,Adult
176-25-3650,2024-05-30 11:54:00,J,Dundridge,M,29,Asian,J,True,,43,False,J,May,Thursday,Adult
791-12-6186,2024-09-21 21:12:00,K,Thomann,M,68,Asian,K,True,,22,False,K,September,Saturday,Senior
600-56-6481,2024-05-14 09:51:00,O,Malbon,M,67,Asian,O,True,,33,False,O,May,Tuesday,Senior
551-77-8367,2023-10-17 10:28:00,O,Dorkin,M,33,Asian,O,True,,50,False,O,October,Tuesday,Adult
836-26-2906,2023-11-23 01:22:00,P,Argent,M,18,Asian,P,True,,36,False,P,November,Thursday,Teen
535-57-8080,2024-10-05 02:57:00,Q,Leavry,M,45,Asian,Q,True,,22,False,Q,October,Saturday,Adult
223-84-4462,2024-03-14 04:31:00,Q,Cosely,M,35,Asian,Q,True,,51,False,Q,March,Thursday,Adult
358-97-1063,2023-05-08 20:17:00,R,Harmer,M,78,Asian,R,True,,20,False,R,May,Monday,Senior
408-40-3195,2023-04-23 05:05:00,U,Wildsmith,M,67,Asian,U,True,,24,False,U,April,Sunday,Senior
709-90-3043,2023-07-19 17:57:00,U,Hindmore,M,26,Asian,U,True,,29,False,U,July,Wednesday,Adult
227-33-6424,2024-08-25 17:02:00,U,Rothert,M,32,Asian,U,True,,34,False,U,August,Sunday,Adult
767-96-0026,2024-07-01 15:22:00,V,Frammingham,M,13,Asian,V,True,,49,False,V,July,Monday,Teen
821-52-5812,2023-09-23 05:30:00,X,Lewsy,M,22,Asian,X,True,,24,False,X,September,Saturday,Adult
592-41-3656,2024-04-19 16:42:00,X,Allard,M,38,Asian,X,True,,32,False,X,April,Friday,Adult
714-35-6722,2024-09-09 16:42:00,Y,Baldetti,M,31,Asian,Y,True,,22,False,Y,September,Monday,Adult
608-48-4234,2024-04-28 11:02:00,C,Smaling,M,55,Asian,C,True,0.0,28,False,C,April,Sunday,Adult
892-79-0205,2024-08-26 06:28:00,X,Muslim,M,67,Asian,X,True,0.0,29,False,X,August,Monday,Senior
195-28-0276,2024-05-04 03:28:00,C,Bulle,M,77,Asian,C,True,2.0,19,False,C,May,Saturday,Senior
262-63-5052,2023-04-10 13:45:00,U,Simoncelli,M,39,Asian,U,True,3.0,39,False,U,April,Monday,Adult
447-91-3077,2024-06-18 16:34:00,K,Towers,M,40,Asian,K,True,4.0,19,False,K,June,Tuesday,Adult
140-14-3156,2024-05-03 04:54:00,Q,Sweedland,M,10,Asian,Q,True,4.0,57,False,Q,May,Friday,Child
341-41-1657,2024-09-18 15:55:00,T,Prettejohns,M,76,Asian,T,True,5.0,13,False,T,September,Wednesday,Senior
895-46-4134,2023-02-12 17:46:00,H,Presslie,M,18,Asian,H,True,8.0,24,False,H,February,Sunday,Teen
670-40-9098,2023-11-06 12:34:00,J,Davidge,M,14,Asian,J,True,8.0,50,False,J,November,Monday,Teen
419-82-3648,2024-09-06 15:48:00,M,Duchasteau,M,72,Asian,M,True,10.0,34,False,M,September,Friday,Senior
640-26-9278,2024-08-14 11:30:00,F,Arnot,M,13,Asian,F,True,,59,False,F,August,Wednesday,Teen
216-51-7362,2024-05-22 02:29:00,K,Cowles,M,42,Asian,K,True,,43,False,K,May,Wednesday,Adult
869-10-5238,2024-01-03 07:29:00,L,Ewers,M,18,Asian,L,True,,19,False,L,January,Wednesday,Teen
873-15-0745,2024-03-21 19:49:00,L,Edison,M,64,Asian,L,True,,21,False,L,March,Thursday,Senior
542-80-3587,2024-10-08 08:41:00,N,Hazley,M,67,Asian,N,True,,42,False,N,October,Tuesday,Senior
269-99-7693,2023-06-06 22:17:00,S,MacKenzie,M,60,Asian,S,True,,19,False,S,June,Tuesday,Adult
280-78-3888,2023-08-28 23:10:00,C,Earingey,M,51,Asian,C,True,5.0,28,False,C,August,Monday,Adult
399-39-3052,2024-04-27 11:28:00,I,Klosterman,M,47,Asian,I,True,6.0,36,False,I,April,Saturday,Adult
858-87-1119,2023-10-27 17:14:00,J,Menelaws,M,35,Asian,J,True,2.0,30,False,J,October,Friday,Adult
479-96-0578,2024-08-29 08:53:00,G,Deeprose,M,16,Declined to Identify,G,True,,44,False,G,August,Thursday,Teen
699-94-6597,2024-11-07 12:12:00,K,Basey,M,52,Declined to Identify,K,True,,45,False,K,November,Thursday,Adult
711-63-4110,2023-05-30 07:37:00,M,Wetheril,M,47,Declined to Identify,M,True,,23,True,M,May,Tuesday,Adult
837-61-0226,2024-05-25 21:12:00,P,Presslie,M,26,Declined to Identify,P,True,,50,False,P,May,Saturday,Adult
709-88-3586,2023-12-29 18:29:00,U,Flucks,M,33,Declined to Identify,U,True,3.0,29,False,U,December,Friday,Adult
674-47-7074,2024-05-14 14:16:00,D,Jirzik,M,78,Declined to Identify,D,True,4.0,13,False,D,May,Tuesday,Senior
665-98-5232,2023-06-05 05:51:00,C,Hanbury,M,8,Declined to Identify,C,True,,48,True,C,June,Monday,Child
259-60-8993,2024-10-15 08:24:00,K,Snuggs,M,16,Declined to Identify,K,True,,54,False,K,October,Tuesday,Teen
299-01-6031,2024-06-16 05:48:00,W,Peplaw,M,28,Declined to Identify,W,True,,37,False,W,June,Sunday,Adult
485-61-8521,2023-12-19 02:02:00,F,Myhill,M,54,Declined to Identify,F,True,10.0,41,False,F,December,Tuesday,Adult
697-60-2495,2023-09-14 13:19:00,A,Downe,M,70,Declined to Identify,A,True,,53,False,A,September,Thursday,Senior
658-43-3520,2024-04-16 03:15:00,D,Skehens,M,62,Declined to Identify,D,True,,52,False,D,April,Tuesday,Senior
418-73-8778,2023-07-30 18:25:00,E,Kern,M,75,Declined to Identify,E,True,,20,False,E,July,Sunday,Senior
554-13-4224,2024-09-05 11:12:00,E,Benesevich,M,71,Declined to Identify,E,True,,25,False,E,September,Thursday,Senior
366-15-5270,2023-08-20 08:47:00,F,Lowle,M,59,Declined to Identify,F,True,,59,False,F,August,Sunday,Adult
487-28-9451,2024-11-03 07:31:00,G,Rominov,M,17,Declined to Identify,G,True,,32,False,G,November,Sunday,Teen
349-88-0069,2023-03-06 21:28:00,H,Lutwidge,M,16,Declined to Identify,H,True,,54,False,H,March,Monday,Teen
241-71-9050,2024-03-22 15:48:00,I,Yanov,M,39,Declined to Identify,I,True,,52,False,I,March,Friday,Adult
545-54-6359,2024-11-10 01:35:00,L,Buttner,M,60,Declined to Identify,L,True,,51,False,L,November,Sunday,Adult
475-18-2855,2024-10-21 17:01:00,M,Itzkovich,M,10,Declined to Identify,M,True,,31,False,M,October,Monday,Child
119-30-5643,2024-01-30 21:03:00,M,MacAndreis,M,17,Declined to Identify,M,True,,46,False,M,January,Tuesday,Teen
141-27-6330,2023-11-21 12:34:00,M,Pybus,M,19,Declined to Identify,M,True,,58,False,M,November,Tuesday,Adult
824-08-2119,2023-09-30 20:42:00,N,Hing,M,28,Declined to Identify,N,True,,53,False,N,September,Saturday,Adult
816-62-0922,2023-04-23 09:17:00,N,Domenge,M,65,Declined to Identify,N,True,,58,False,N,April,Sunday,Senior
289-97-3636,2024-06-01 08:50:00,P,Frise,M,49,Declined to Identify,P,True,,18,False,P,June,Saturday,Adult
562-15-6437,2023-07-15 08:02:00,P,Pietrusiak,M,70,Declined to Identify,P,True,,21,False,P,July,Saturday,Senior
518-57-8790,2023-01-09 09:14:00,Q,Ratt,M,28,Declined to Identify,Q,True,,27,False,Q,January,Monday,Adult
469-90-5298,2023-07-04 06:40:00,R,Huggett,M,39,Declined to Identify,R,True,,27,False,R,July,Tuesday,Adult
624-29-2291,2023-03-10 09:19:00,R,Bengough,M,7,Declined to Identify,R,True,,48,False,R,March,Friday,Child
120-86-0167,2024-02-09 23:08:00,S,Thurby,M,8,Declined to Identify,S,True,,14,False,S,February,Friday,Child
565-06-0269,2023-01-10 06:01:00,S,Thornewell,M,79,Declined to Identify,S,True,,34,False,S,January,Tuesday,Senior
667-07-0227,2023-04-27 07:34:00,S,Castagnaro,M,64,Declined to Identify,S,True,,60,False,S,April,Thursday,Senior
529-78-3762,2024-07-16 18:28:00,T,Barnewelle,M,61,Declined to Identify,T,True,,15,False,T,July,Tuesday,Senior
321-01-1823,2024-08-21 03:10:00,U,Arndt,M,41,Declined to Identify,U,True,,16,False,U,August,Wednesday,Adult
213-25-8072,2023-08-24 03:34:00,U,Kerby,M,10,Declined to Identify,U,True,,46,False,U,August,Thursday,Child
819-07-3432,2023-12-30 17:28:00,U,Manklow,M,37,Declined to Identify,U,True,,49,False,U,December,Saturday,Adult
846-75-1744,2023-12-06 10:17:00,V,Visick,M,32,Declined to Identify,V,True,,43,False,V,December,Wednesday,Adult
164-62-9137,2024-08-25 02:24:00,W,de Keep,M,35,Declined to Identify,W,True,,40,False,W,August,Sunday,Adult
144-26-9378,2024-07-23 13:40:00,X,Sheridan,M,28,Declined to Identify,X,True,,12,False,X,July,Tuesday,Adult
255-97-8092,2023-10-18 17:45:00,Y,McCosker,M,21,Declined to Identify,Y,True,,37,False,Y,October,Wednesday,Adult
280-30-4207,2023-02-12 19:39:00,Z,Harrell,M,62,Declined to Identify,Z,True,,41,False,Z,February,Sunday,Senior
508-84-3647,2023-11-06 13:43:00,Z,Sigfrid,M,53,Declined to Identify,Z,True,,50,False,Z,November,Monday,Adult
466-62-7671,2024-08-30 15:23:00,Z,Bawden,M,49,Declined to Identify,Z,True,,55,False,Z,August,Friday,Adult
742-60-3962,2023-01-05 12:07:00,Z,Windley,M,61,Declined to Identify,Z,True,,56,True,Z,January,Thursday,Senior
288-66-5811,2023-09-09 00:20:00,K,Beseke,M,63,Declined to Identify,K,True,0.0,50,False,K,September,Saturday,Senior
407-24-8802,2024-01-31 00:09:00,C,Kittiman,M,5,Declined to Identify,C,True,1.0,20,False,C,January,Wednesday,Child
531-14-5503,2023-09-15 20:51:00,S,Janeway,M,11,Declined to Identify,S,True,1.0,55,False,S,September,Friday,Child
857-22-1477,2024-09-02 11:47:00,L,Benedettini,M,68,Declined to Identify,L,True,2.0,17,False,L,September,Monday,Senior
104-61-0458,2024-03-26 15:47:00,I,Licciardo,M,46,Declined to Identify,I,True,3.0,45,False,I,March,Tuesday,Adult
333-38-6115,2023-11-11 22:03:00,J,Langston,M,52,Declined to Identify,J,True,3.0,22,False,J,November,Saturday,Adult
291-20-2190,2023-06-14 02:57:00,T,Kaindl,M,31,Declined to Identify,T,True,5.0,13,False,T,June,Wednesday,Adult
385-83-1337,2023-12-04 13:34:00,A,Simoni,M,5,Declined to Identify,A,True,6.0,54,False,A,December,Monday,Child
139-53-0111,2023-11-22 17:25:00,D,Leatherbarrow,M,49,Declined to Identify,D,True,6.0,12,False,D,November,Wednesday,Adult
778-23-0967,2024-07-09 15:56:00,N,Mace,M,24,Declined to Identify,N,True,6.0,36,False,N,July,Tuesday,Adult
586-12-7474,2024-07-27 20:50:00,O,Morlon,M,45,Declined to Identify,O,True,6.0,53,False,O,July,Saturday,Adult
272-82-0727,2024-06-19 12:53:00,P,Meegan,M,62,Declined to Identify,P,True,6.0,42,False,P,June,Wednesday,Senior
525-21-3877,2024-03-09 14:51:00,Y,Reskelly,M,28,Declined to Identify,Y,True,6.0,37,False,Y,March,Saturday,Adult
881-96-9420,2024-05-22 21:32:00,D,Glamart,M,29,Declined to Identify,D,True,7.0,49,False,D,May,Wednesday,Adult
739-91-8582,2024-12-01 00:09:00,V,Pedersen,M,11,Declined to Identify,V,True,7.0,40,False,V,December,Sunday,Child
484-40-6279,2023-07-13 16:07:00,B,Doman,M,29,Declined to Identify,B,True,8.0,19,False,B,July,Thursday,Adult
618-74-5857,2023-09-14 19:18:00,T,Crannell,M,21,Declined to Identify,T,True,8.0,11,False,T,September,Thursday,Adult
566-56-3998,2024-10-21 21:33:00,R,Mallia,M,76,Declined to Identify,R,True,9.0,41,False,R,October,Monday,Senior
240-13-4972,2023-03-05 21:15:00,A,Warriner,M,5,Declined to Identify,A,True,,18,True,A,March,Sunday,Child
640-49-2306,2024-06-10 03:45:00,C,Rowbury,M,27,Declined to Identify,C,True,,34,False,C,June,Monday,Adult
100-34-9587,2024-01-04 04:17:00,U,Lamburn,M,20,Declined to Identify,U,True,,24,False,U,January,Thursday,Adult
419-40-1713,2024-05-17 15:12:00,P,Standring,M,1,Declined to Identify,P,True,0.0,52,False,P,May,Friday,Child
898-05-7530,2023-04-06 21:05:00,D,Spoor,M,20,Declined to Identify,D,True,1.0,46,False,D,April,Thursday,Adult
281-37-9635,2023-04-11 08:41:00,E,Minors,M,62,Declined to Identify,E,True,6.0,36,False,E,April,Tuesday,Senior
143-73-5607,2023-06-17 00:51:00,T,Kender,M,64,Declined to Identify,T,True,9.0,45,False,T,June,Saturday,Senior
270-14-3243,2023-09-29 09:21:00,A,Coytes,M,67,Declined to Identify,A,True,,13,False,A,September,Friday,Senior
383-38-7163,2024-05-31 18:51:00,B,Comerford,M,54,Declined to Identify,B,True,,12,False,B,May,Friday,Adult
741-49-3943,2024-08-26 01:30:00,B,Jerrams,M,62,Declined to Identify,B,True,,38,False,B,August,Monday,Senior
370-94-7789,2024-07-21 00:32:00,C,Bevir,M,49,Declined to Identify,C,True,,18,False,C,July,Sunday,Adult
576-47-4066,2024-05-23 02:42:00,C,Bellenie,M,77,Declined to Identify,C,True,,18,False,C,May,Thursday,Senior
308-46-7089,2023-05-27 12:08:00,D,Lages,M,71,Declined to Identify,D,True,,19,True,D,May,Saturday,Senior
870-38-9597,2024-07-08 03:27:00,D,Undy,M,43,Declined to Identify,D,True,,52,False,D,July,Monday,Adult
518-80-6906,2023-11-27 10:27:00,D,Dumini,M,53,Declined to Identify,D,True,,59,False,D,November,Monday,Adult
176-07-0581,2024-04-18 12:32:00,E,Parnall,M,21,Declined to Identify,E,True,,13,False,E,April,Thursday,Adult
639-75-9370,2023-12-24 03:39:00,E,Kennan,M,20,Declined to Identify,E,True,,24,False,E,December,Sunday,Adult
623-46-0702,2024-01-21 09:26:00,E,Saundercock,M,13,Declined to Identify,E,True,,41,False,E,January,Sunday,Teen
193-70-0168,2023-01-06 17:52:00,F,Lenox,M,54,Declined to Identify,F,True,,11,False,F,January,Friday,Adult
698-56-3363,2023-10-10 08:53:00,F,Peregrine,M,11,Declined to Identify,F,True,,14,False,F,October,Tuesday,Child
200-18-9917,2023-11-19 23:52:00,F,Stanlick,M,62,Declined to Identify,F,True,,19,False,F,November,Sunday,Senior
592-10-1083,2024-07-06 04:25:00,F,Choulerton,M,42,Declined to Identify,F,True,,20,False,F,July,Saturday,Adult
791-34-3279,2023-04-28 09:59:00,F,Kopfen,M,40,Declined to Identify,F,True,,21,False,F,April,Friday,Adult
369-83-2373,2023-04-24 19:23:00,F,Pointing,M,6,Declined to Identify,F,True,,35,False,F,April,Monday,Child
779-40-6195,2023-11-17 11:51:00,F,Segrave,M,22,Declined to Identify,F,True,,36,False,F,November,Friday,Adult
865-05-6089,2024-07-09 09:46:00,F,Merlin,M,65,Declined to Identify,F,True,,46,False,F,July,Tuesday,Senior
459-67-0029,2023-10-25 11:07:00,F,Bird,M,24,Declined to Identify,F,True,,56,False,F,October,Wednesday,Adult
262-31-5062,2023-08-11 21:42:00,G,Sewter,M,23,Declined to Identify,G,True,,23,False,G,August,Friday,Adult
560-91-9380,2023-12-09 22:52:00,G,Caroli,M,70,Declined to Identify,G,True,,29,False,G,December,Saturday,Senior
508-96-3583,2024-12-04 07:21:00,G,Varnham,M,4,Declined to Identify,G,True,,41,False,G,December,Wednesday,Child
548-77-4672,2024-11-03 09:23:00,G,Vamplers,M,57,Declined to Identify,G,True,,43,False,G,November,Sunday,Adult
860-19-4179,2024-06-02 16:32:00,H,Barca,M,39,Declined to Identify,H,True,,57,False,H,June,Sunday,Adult
669-63-9052,2023-04-25 21:25:00,I,Shoebridge,M,2,Declined to Identify,I,True,,37,False,I,April,Tuesday,Child
422-38-5979,2023-09-06 14:46:00,I,Thurstan,M,52,Declined to Identify,I,True,,55,False,I,September,Wednesday,Adult
352-08-3010,2024-06-20 00:14:00,K,Durker,M,47,Declined to Identify,K,True,,15,False,K,June,Thursday,Adult
315-14-6189,2023-12-10 15:11:00,K,Spyvye,M,72,Declined to Identify,K,True,,24,False,K,December,Sunday,Senior
869-37-9469,2023-11-26 19:44:00,K,Allin,M,51,Declined to Identify,K,True,,30,False,K,November,Sunday,Adult
757-84-7402,2023-03-08 11:36:00,K,Lidbetter,M,65,Declined to Identify,K,True,,30,False,K,March,Wednesday,Senior
506-60-1396,2023-09-26 21:03:00,K,Schimank,M,29,Declined to Identify,K,True,,45,False,K,September,Tuesday,Adult
440-60-8450,2023-08-10 05:35:00,K,Bouzek,M,28,Declined to Identify,K,True,,50,False,K,August,Thursday,Adult
887-46-5642,2023-12-10 06:12:00,K,Ullrich,M,26,Declined to Identify,K,True,,54,False,K,December,Sunday,Adult
671-57-4844,2023-10-21 03:34:00,L,Algate,M,34,Declined to Identify,L,True,,23,False,L,October,Saturday,Adult
419-20-6236,2023-09-09 21:54:00,L,Scargle,M,46,Declined to Identify,L,True,,26,False,L,September,Saturday,Adult
180-02-8927,2024-01-03 04:54:00,L,Eltringham,M,23,Declined to Identify,L,True,,27,False,L,January,Wednesday,Adult
363-04-9232,2024-10-30 08:22:00,L,Guislin,M,12,Declined to Identify,L,True,,28,False,L,October,Wednesday,Child
449-53-3671,2024-08-15 06:11:00,L,Goeff,M,3,Declined to Identify,L,True,,43,False,L,August,Thursday,Child
496-76-4104,2024-08-08 10:24:00,L,Drabble,M,59,Declined to Identify,L,True,,56,False,L,August,Thursday,Adult
754-50-9684,2023-07-23 21:43:00,M,Brazelton,M,27,Declined to Identify,M,True,,17,False,M,July,Sunday,Adult
342-72-7611,2023-01-07 13:10:00,M,Yeats,M,71,Declined to Identify,M,True,,47,False,M,January,Saturday,Senior
861-89-2613,2024-04-27 01:47:00,M,Petyankin,M,67,Declined to Identify,M,True,,49,False,M,April,Saturday,Senior
226-88-9164,2023-03-11 17:34:00,M,Scholcroft,M,63,Declined to Identify,M,True,,54,False,M,March,Saturday,Senior
767-81-4954,2024-04-13 05:40:00,N,Hurtic,M,17,Declined to Identify,N,True,,10,False,N,April,Saturday,Teen
507-46-3167,2023-04-14 10:49:00,N,Fackrell,M,70,Declined to Identify,N,True,,19,False,N,April,Friday,Senior
355-74-4996,2023-05-30 19:23:00,N,Copcutt,M,4,Declined to Identify,N,True,,22,True,N,May,Tuesday,Child
826-59-4131,2024-02-02 05:22:00,N,Crim,M,62,Declined to Identify,N,True,,31,False,N,February,Friday,Senior
455-80-8231,2023-01-06 10:09:00,N,Rzehorz,M,8,Declined to Identify,N,True,,54,False,N,January,Friday,Child
192-95-3144,2024-07-25 12:01:00,O,Dwire,M,43,Declined to Identify,O,True,,32,False,O,July,Thursday,Adult
723-41-8126,2024-03-19 10:47:00,O,Maslen,M,1,Declined to Identify,O,True,,39,False,O,March,Tuesday,Child
140-47-4325,2023-01-06 17:36:00,O,Sewell,M,23,Declined to Identify,O,True,,57,False,O,January,Friday,Adult
378-95-6646,2023-10-10 16:52:00,P,Walkling,M,11,Declined to Identify,P,True,,10,False,P,October,Tuesday,Child
219-07-1932,2024-12-03 00:38:00,P,Boner,M,30,Declined to Identify,P,True,,21,False,P,December,Tuesday,Adult
333-27-7083,2024-03-21 16:10:00,P,Leiden,M,38,Declined to Identify,P,True,,25,False,P,March,Thursday,Adult
348-15-4703,2024-05-28 03:30:00,P,Blanket,M,27,Declined to Identify,P,True,,27,False,P,May,Tuesday,Adult
584-23-4964,2023-04-04 13:11:00,P,Chastan,M,39,Declined to Identify,P,True,,29,False,P,April,Tuesday,Adult
470-63-6152,2023-09-20 17:27:00,P,Tolussi,M,51,Declined to Identify,P,True,,50,False,P,September,Wednesday,Adult
678-63-5805,2023-03-08 06:49:00,Q,Gheeorghie,M,52,Declined to Identify,Q,True,,11,False,Q,March,Wednesday,Adult
136-55-3865,2024-08-31 17:07:00,Q,Cubbinelli,M,46,Declined to Identify,Q,True,,18,False,Q,August,Saturday,Adult
165-93-7320,2024-08-25 13:37:00,Q,Girvan,M,64,Declined to Identify,Q,True,,25,False,Q,August,Sunday,Senior
345-82-9835,2023-09-17 18:42:00,Q,Radish,M,64,Declined to Identify,Q,True,,26,False,Q,September,Sunday,Senior
679-62-5186,2024-02-22 17:58:00,Q,Burdoun,M,78,Declined to Identify,Q,True,,38,False,Q,February,Thursday,Senior
209-93-3232,2023-04-24 11:35:00,Q,Brawn,M,23,Declined to Identify,Q,True,,42,False,Q,April,Monday,Adult
840-82-9693,2023-04-09 09:34:00,Q,Rubberts,M,78,Declined to Identify,Q,True,,52,False,Q,April,Sunday,Senior
567-71-0045,2024-02-09 13:51:00,Q,McKenna,M,71,Declined to Identify,Q,True,,56,False,Q,February,Friday,Senior
372-52-4048,2023-05-17 21:33:00,R,Eede,M,66,Declined to Identify,R,True,,35,True,R,May,Wednesday,Senior
862-78-9313,2024-09-29 10:16:00,R,Raywood,M,41,Declined to Identify,R,True,,45,False,R,September,Sunday,Adult
663-41-6861,2024-02-23 17:11:00,S,Raynes,M,19,Declined to Identify,S,True,,33,False,S,February,Friday,Adult
570-26-0403,2023-09-23 00:32:00,S,D'Aguanno,M,24,Declined to Identify,S,True,,35,False,S,September,Saturday,Adult
411-41-2276,2024-10-09 04:33:00,S,Bygreaves,M,7,Declined to Identify,S,True,,36,False,S,October,Wednesday,Child
667-90-7049,2024-01-26 03:59:00,S,Caldecourt,M,39,Declined to Identify,S,True,,42,False,S,January,Friday,Adult
756-52-5494,2024-05-05 11:28:00,T,Whetson,M,9,Declined to Identify,T,True,,24,False,T,May,Sunday,Child
801-96-6472,2024-07-23 06:24:00,T,Sheirlaw,M,27,Declined to Identify,T,True,,25,False,T,July,Tuesday,Adult
829-58-0293,2023-11-08 10:54:00,T,Bausor,M,47,Declined to Identify,T,True,,31,False,T,November,Wednesday,Adult
802-21-7879,2023-04-24 19:19:00,T,Jenk,M,48,Declined to Identify,T,True,,40,False,T,April,Monday,Adult
510-72-3447,2024-10-28 10:39:00,T,Hatz,M,33,Declined to Identify,T,True,,49,False,T,October,Monday,Adult
510-71-3837,2023-06-28 08:18:00,T,Devaney,M,68,Declined to Identify,T,True,,51,False,T,June,Wednesday,Senior
599-72-6200,2023-05-18 10:19:00,U,Trickey,M,73,Declined to Identify,U,True,,10,True,U,May,Thursday,Senior
388-99-6135,2024-10-24 06:12:00,U,Bulfield,M,9,Declined to Identify,U,True,,11,False,U,October,Thursday,Child
822-92-9656,2024-01-04 22:18:00,U,Pendell,M,1,Declined to Identify,U,True,,12,False,U,January,Thursday,Child
715-29-1423,2024-12-09 13:23:00,U,Clemenzo,M,30,Declined to Identify,U,True,,16,False,U,December,Monday,Adult
237-21-4762,2024-08-01 10:11:00,U,Fancourt,M,51,Declined to Identify,U,True,,26,False,U,August,Thursday,Adult
882-58-2131,2023-08-17 21:37:00,U,Richardin,M,37,Declined to Identify,U,True,,30,False,U,August,Thursday,Adult
783-72-7030,2024-08-20 11:01:00,U,Stiles,M,63,Declined to Identify,U,True,,37,False,U,August,Tuesday,Senior
464-45-0661,2024-10-22 09:33:00,U,Lindner,M,39,Declined to Identify,U,True,,53,False,U,October,Tuesday,Adult
489-71-8195,2024-08-08 20:30:00,V,Steffan,M,42,Declined to Identify,V,True,,16,False,V,August,Thursday,Adult
264-76-9841,2024-03-07 17:50:00,V,Rawdales,M,53,Declined to Identify,V,True,,17,False,V,March,Thursday,Adult
315-18-9973,2024-09-25 02:02:00,V,Saladin,M,29,Declined to Identify,V,True,,18,False,V,September,Wednesday,Adult
737-42-0167,2024-02-09 14:16:00,V,Bayles,M,23,Declined to Identify,V,True,,41,False,V,February,Friday,Adult
687-42-5489,2024-03-30 00:17:00,W,Poore,M,69,Declined to Identify,W,True,,32,False,W,March,Saturday,Senior
728-54-6250,2023-08-16 12:59:00,W,Schimek,M,65,Declined to Identify,W,True,,33,False,W,August,Wednesday,Senior
471-66-4521,2023-07-15 15:09:00,X,Leabeater,M,8,Declined to Identify,X,True,,10,False,X,July,Saturday,Child
258-65-6354,2023-11-29 04:10:00,X,Ferreres,M,51,Declined to Identify,X,True,,19,False,X,November,Wednesday,Adult
376-17-7596,2024-10-25 11:22:00,X,Tremonte,M,72,Declined to Identify,X,True,,38,False,X,October,Friday,Senior
138-44-2456,2023-05-24 13:07:00,X,Dallywater,M,32,Declined to Identify,X,True,,56,True,X,May,Wednesday,Adult
396-32-6551,2024-03-07 12:56:00,Y,Lightman,M,20,Declined to Identify,Y,True,,59,False,Y,March,Thursday,Adult
318-02-7729,2023-07-15 17:51:00,Z,Clears,M,20,Declined to Identify,Z,True,,20,False,Z,July,Saturday,Adult
649-57-9772,2024-04-04 06:50:00,Z,Walter,M,29,Declined to Identify,Z,True,,21,False,Z,April,Thursday,Adult
133-40-1294,2023-05-27 13:54:00,Z,Marlor,M,53,Declined to Identify,Z,True,,31,True,Z,May,Saturday,Adult
749-62-9350,2024-01-09 22:09:00,H,Aldridge,M,1,Declined to Identify,H,True,0.0,32,False,H,January,Tuesday,Child
631-06-7500,2023-12-08 21:19:00,W,Sutcliffe,M,51,Declined to Identify,W,True,0.0,56,False,W,December,Friday,Adult
897-05-9313,2024-10-25 23:07:00,X,Aujean,M,2,Declined to Identify,X,True,0.0,30,False,X,October,Friday,Child
789-01-8569,2023-07-30 09:31:00,K,Greves,M,58,Declined to Identify,K,True,1.0,15,False,K,July,Sunday,Adult
838-28-2043,2023-09-29 08:54:00,S,Son,M,51,Declined to Identify,S,True,1.0,12,False,S,September,Friday,Adult
600-21-0825,2024-05-16 21:18:00,W,Slevin,M,18,Declined to Identify,W,True,1.0,50,False,W,May,Thursday,Teen
587-35-6481,2024-11-02 23:52:00,M,Anfossi,M,79,Declined to Identify,M,True,2.0,33,False,M,November,Saturday,Senior
675-22-7922,2023-10-11 22:40:00,P,Beggini,M,76,Declined to Identify,P,True,2.0,50,False,P,October,Wednesday,Senior
544-75-8121,2023-08-25 23:24:00,A,Togwell,M,4,Declined to Identify,A,True,3.0,30,False,A,August,Friday,Child
407-61-5335,2024-05-24 01:12:00,W,Coolson,M,53,Declined to Identify,W,True,3.0,17,False,W,May,Friday,Adult
193-58-6345,2024-01-28 12:30:00,Y,Vassman,M,6,Declined to Identify,Y,True,3.0,49,False,Y,January,Sunday,Child
886-02-8536,2024-11-09 06:55:00,J,Ruselin,M,17,Declined to Identify,J,True,4.0,21,False,J,November,Saturday,Teen
799-76-3863,2024-10-20 00:35:00,P,Lante,M,46,Declined to Identify,P,True,4.0,56,False,P,October,Sunday,Adult
442-74-7250,2024-10-23 04:52:00,W,Jachtym,M,41,Declined to Identify,W,True,4.0,29,False,W,October,Wednesday,Adult
407-32-1027,2023-03-10 21:22:00,B,Turvey,M,38,Declined to Identify,B,True,5.0,38,False,B,March,Friday,Adult
813-03-6145,2024-06-08 11:00:00,N,Macewan,M,3,Declined to Identify,N,True,5.0,43,False,N,June,Saturday,Child
871-75-0210,2024-12-02 02:43:00,T,MacArdle,M,76,Declined to Identify,T,True,5.0,28,False,T,December,Monday,Senior
704-42-3319,2023-04-21 17:45:00,X,Coldbathe,M,67,Declined to Identify,X,True,5.0,40,False,X,April,Friday,Senior
571-79-5269,2024-09-24 08:27:00,R,Abrehart,M,53,Declined to Identify,R,True,6.0,35,False,R,September,Tuesday,Adult
363-55-0104,2023-08-05 01:41:00,X,Friar,M,8,Declined to Identify,X,True,6.0,36,True,X,August,Saturday,Child
314-88-4499,2024-03-05 05:37:00,B,Doy,M,6,Declined to Identify,B,True,7.0,22,False,B,March,Tuesday,Child
740-87-7128,2024-05-24 09:48:00,B,Webster,M,74,Declined to Identify,B,True,7.0,51,False,B,May,Friday,Senior
596-88-7560,2023-09-15 21:50:00,C,Nowakowska,M,20,Declined to Identify,C,True,7.0,37,False,C,September,Friday,Adult
831-50-1174,2024-03-07 03:45:00,F,Jamary,M,18,Declined to Identify,F,True,7.0,30,False,F,March,Thursday,Teen
501-79-5184,2023-07-30 20:01:00,K,Babalola,M,51,Declined to Identify,K,True,7.0,21,False,K,July,Sunday,Adult
197-34-8117,2023-10-15 19:02:00,P,Gelland,M,25,Declined to Identify,P,True,7.0,27,False,P,October,Sunday,Adult
574-67-5283,2023-11-11 10:42:00,U,Gilfether,M,31,Declined to Identify,U,True,7.0,53,False,U,November,Saturday,Adult
807-20-6718,2023-01-06 15:43:00,Q,Seleway,M,56,Declined to Identify,Q,True,8.0,17,False,Q,January,Friday,Adult
846-06-7289,2024-03-21 13:38:00,V,Dursley,M,41,Declined to Identify,V,True,8.0,22,False,V,March,Thursday,Adult
183-04-5484,2024-06-22 16:24:00,D,Ancell,M,47,Declined to Identify,D,True,10.0,13,False,D,June,Saturday,Adult
103-26-4528,2024-07-29 05:58:00,D,Ambrozewicz,M,60,Declined to Identify,D,True,10.0,16,False,D,July,Monday,Adult
322-92-9504,2023-10-17 15:55:00,I,Riply,M,16,Declined to Identify,I,True,10.0,10,False,I,October,Tuesday,Teen
741-98-3267,2024-01-08 10:40:00,J,Branton,M,8,Declined to Identify,J,True,10.0,33,False,J,January,Monday,Child
605-80-1296,2023-03-04 18:16:00,Z,Ruffles,M,26,Declined to Identify,Z,True,10.0,41,False,Z,March,Saturday,Adult
421-67-9625,2023-04-09 19:33:00,C,Edwins,M,24,Declined to Identify,C,True,,40,False,C,April,Sunday,Adult
324-29-4700,2024-05-27 02:42:00,F,Bubb,M,41,Declined to Identify,F,True,,13,False,F,May,Monday,Adult
867-15-2683,2023-09-09 19:15:00,G,Edington,M,14,Declined to Identify,G,True,,36,False,G,September,Saturday,Teen
545-31-8610,2023-03-07 20:28:00,I,Rikel,M,7,Declined to Identify,I,True,,44,False,I,March,Tuesday,Child
696-46-5892,2023-08-18 02:58:00,J,Nock,M,11,Declined to Identify,J,True,,52,False,J,August,Friday,Child
390-95-2404,2024-10-16 01:28:00,L,Gabe,M,49,Declined to Identify,L,True,,46,False,L,October,Wednesday,Adult
394-06-7689,2023-10-07 22:25:00,U,Castagnet,M,36,Declined to Identify,U,True,,50,False,U,October,Saturday,Adult
634-25-0045,2023-07-18 01:52:00,W,Middup,M,56,Declined to Identify,W,True,,50,False,W,July,Tuesday,Adult
134-05-7615,2023-10-14 14:34:00,W,Guyot,M,40,Declined to Identify,W,True,,60,False,W,October,Saturday,Adult
541-10-2365,2024-04-04 06:37:00,D,Rammell,M,70,Declined to Identify,D,True,0.0,41,False,D,April,Thursday,Senior
789-50-5483,2024-07-27 05:03:00,K,Wickstead,M,73,Declined to Identify,K,True,0.0,35,False,K,July,Saturday,Senior
644-62-8312,2024-09-08 00:34:00,O,Bille,M,60,Declined to Identify,O,True,4.0,28,False,O,September,Sunday,Adult
374-08-6811,2024-05-01 20:36:00,Y,Broadis,M,9,Declined to Identify,Y,True,8.0,30,False,Y,May,Wednesday,Child
606-25-1593,2023-11-06 19:38:00,K,Somerfield,M,69,Declined to Identify,K,True,9.0,45,False,K,November,Monday,Senior
695-55-0089,2023-03-07 12:31:00,B,Grigaut,M,62,Declined to Identify,B,True,,27,False,B,March,Tuesday,Senior
518-99-6870,2024-01-10 15:19:00,C,Bachelar,M,22,Declined to Identify,C,True,,60,False,C,January,Wednesday,Adult
736-84-8737,2024-06-26 00:19:00,D,Spraging,M,42,Declined to Identify,D,True,,41,False,D,June,Wednesday,Adult
145-74-2366,2024-08-10 00:33:00,H,Opdenort,M,6,Declined to Identify,H,True,,18,False,H,August,Saturday,Child
548-86-6142,2024-09-03 09:01:00,L,Oleszczak,M,30,Declined to Identify,L,True,,45,False,L,September,Tuesday,Adult
874-40-5379,2023-08-19 11:07:00,N,Bagworth,M,14,Declined to Identify,N,True,,10,False,N,August,Saturday,Teen
328-78-1549,2024-02-21 10:10:00,N,Kolodziej,M,72,Declined to Identify,N,True,,49,False,N,February,Wednesday,Senior
401-62-1630,2023-02-08 11:01:00,W,Balassa,M,33,Declined to Identify,W,True,,39,False,W,February,Wednesday,Adult
414-23-6748,2023-06-22 03:56:00,Y,Wonham,M,49,Declined to Identify,Y,True,,49,False,Y,June,Thursday,Adult
802-04-8013,2023-12-16 01:56:00,Z,Trainor,M,21,Declined to Identify,Z,True,8.0,46,False,Z,December,Saturday,Adult
514-92-4822,2024-02-13 20:36:00,A,Lichfield,M,70,Declined to Identify,A,True,,23,False,A,February,Tuesday,Senior
136-91-3908,2023-05-29 05:34:00,O,D'Ambrogio,M,13,Declined to Identify,O,True,,42,True,O,May,Monday,Teen
524-01-4528,2024-06-13 07:17:00,R,Born,M,76,Declined to Identify,R,True,,54,False,R,June,Thursday,Senior
595-99-4674,2023-12-13 02:44:00,Q,Medlen,M,31,Declined to Identify,Q,True,9.0,14,False,Q,December,Wednesday,Adult
439-58-8398,2024-08-17 10:39:00,E,Wendover,M,72,Native American/Alaska Native,E,True,6.0,58,False,E,August,Saturday,Senior
277-32-2308,2024-08-04 00:55:00,G,Van der Mark,M,15,Native American/Alaska Native,G,True,10.0,18,False,G,August,Sunday,Teen
657-69-7469,2024-10-13 23:40:00,B,Kidd,M,60,Native American/Alaska Native,B,True,,17,False,B,October,Sunday,Adult
283-41-9667,2023-12-11 05:06:00,B,Grunnell,M,49,Native American/Alaska Native,B,True,,59,False,B,December,Monday,Adult
758-75-2960,2024-07-10 07:08:00,G,Rickell,M,45,Native American/Alaska Native,G,True,,11,False,G,July,Wednesday,Adult
733-79-4603,2024-03-05 17:59:00,H,Mcimmie,M,69,Native American/Alaska Native,H,True,,16,False,H,March,Tuesday,Senior
528-10-4398,2024-02-08 09:38:00,H,McQuin,M,12,Native American/Alaska Native,H,True,,37,False,H,February,Thursday,Child
213-83-0677,2023-03-06 00:07:00,O,Rundall,M,62,Native American/Alaska Native,O,True,,11,False,O,March,Monday,Senior
693-24-9026,2024-06-13 18:18:00,Q,Sayers,M,27,Native American/Alaska Native,Q,True,,32,False,Q,June,Thursday,Adult
218-44-6635,2023-04-30 04:41:00,R,Parsons,M,36,Native American/Alaska Native,R,True,,13,False,R,April,Sunday,Adult
360-59-1270,2023-12-04 22:50:00,T,Coneley,M,30,Native American/Alaska Native,T,True,,59,False,T,December,Monday,Adult
241-39-9857,2023-11-04 05:14:00,U,Petett,M,23,Native American/Alaska Native,U,True,,57,False,U,November,Saturday,Adult
870-29-5321,2024-05-18 18:08:00,V,Aleksankin,M,56,Native American/Alaska Native,V,True,,32,False,V,May,Saturday,Adult
663-84-5771,2023-07-15 15:06:00,W,Bucktrout,M,61,Native American/Alaska Native,W,True,,44,False,W,July,Saturday,Senior
573-53-7688,2023-09-26 07:45:00,X,Nolton,M,67,Native American/Alaska Native,X,True,,22,False,X,September,Tuesday,Senior
844-95-3112,2023-11-12 13:23:00,Y,Speechly,M,61,Native American/Alaska Native,Y,True,,24,False,Y,November,Sunday,Senior
196-64-2615,2024-07-06 09:41:00,Y,Kinnock,M,65,Native American/Alaska Native,Y,True,,51,False,Y,July,Saturday,Senior
393-87-9467,2023-12-07 20:36:00,V,Akam,M,2,Native American/Alaska Native,V,True,0.0,26,False,V,December,Thursday,Child
866-64-8724,2023-07-23 10:21:00,I,Londer,M,49,Native American/Alaska Native,I,True,2.0,42,False,I,July,Sunday,Adult
691-99-7802,2024-08-07 07:37:00,E,Abele,M,51,Native American/Alaska Native,E,True,3.0,31,False,E,August,Wednesday,Adult
866-27-9262,2023-05-18 17:11:00,T,Dureden,M,37,Native American/Alaska Native,T,True,3.0,16,True,T,May,Thursday,Adult
319-44-8371,2023-10-30 00:20:00,C,Nangle,M,48,Native American/Alaska Native,C,True,4.0,22,False,C,October,Monday,Adult
769-98-7974,2023-07-10 06:44:00,E,Garnett,M,9,Native American/Alaska Native,E,True,5.0,48,False,E,July,Monday,Child
661-01-7056,2023-03-11 08:54:00,F,Cowlas,M,42,Native American/Alaska Native,F,True,8.0,60,False,F,March,Saturday,Adult
328-03-8699,2024-06-02 06:31:00,Z,Brellin,M,45,Native American/Alaska Native,Z,True,9.0,37,False,Z,June,Sunday,Adult
783-31-4079,2024-07-23 23:29:00,A,Stirman,M,3,Native American/Alaska Native,A,True,10.0,15,False,A,July,Tuesday,Child
835-43-3416,2023-05-31 17:24:00,G,MacClancey,M,74,Native American/Alaska Native,G,True,10.0,60,True,G,May,Wednesday,Senior
585-33-1678,2023-06-06 11:53:00,N,Beamand,M,77,Native American/Alaska Native,N,True,,45,False,N,June,Tuesday,Senior
299-32-9018,2023-04-30 04:19:00,R,Kerins,M,4,Native American/Alaska Native,R,True,,27,False,R,April,Sunday,Child
867-67-1720,2023-11-10 17:34:00,A,Delete,M,14,Native American/Alaska Native,A,True,,18,False,A,November,Friday,Teen
812-38-6594,2023-11-19 07:44:00,A,Schoroder,M,29,Native American/Alaska Native,A,True,,24,False,A,November,Sunday,Adult
480-68-4648,2023-11-23 10:30:00,A,Templeton,M,49,Native American/Alaska Native,A,True,,24,False,A,November,Thursday,Adult
693-48-7205,2024-09-20 03:41:00,B,Smalridge,M,12,Native American/Alaska Native,B,True,,47,False,B,September,Friday,Child
595-53-2097,2024-04-10 07:58:00,B,Twinborough,M,58,Native American/Alaska Native,B,True,,54,False,B,April,Wednesday,Adult
748-02-4547,2023-06-29 21:32:00,B,Ledram,M,71,Native American/Alaska Native,B,True,,54,False,B,June,Thursday,Senior
700-08-2429,2023-12-16 17:01:00,C,Barthropp,M,45,Native American/Alaska Native,C,True,,10,False,C,December,Saturday,Adult
483-90-5282,2024-07-08 10:51:00,C,Ertelt,M,23,Native American/Alaska Native,C,True,,28,False,C,July,Monday,Adult
742-84-8134,2023-11-15 04:52:00,D,Beale,M,50,Native American/Alaska Native,D,True,,24,False,D,November,Wednesday,Adult
106-90-6844,2023-08-05 13:38:00,D,Pluck,M,66,Native American/Alaska Native,D,True,,29,True,D,August,Saturday,Senior
639-86-3384,2024-03-24 08:20:00,D,Petrozzi,M,68,Native American/Alaska Native,D,True,,29,False,D,March,Sunday,Senior
184-99-9736,2023-04-07 13:44:00,D,Trownson,M,35,Native American/Alaska Native,D,True,,30,False,D,April,Friday,Adult
555-26-1090,2024-08-02 22:10:00,E,Licence,M,69,Native American/Alaska Native,E,True,,38,False,E,August,Friday,Senior
311-60-5245,2024-04-29 19:12:00,E,Boc,M,20,Native American/Alaska Native,E,True,,40,False,E,April,Monday,Adult
874-83-4874,2024-02-27 04:29:00,F,Simchenko,M,67,Native American/Alaska Native,F,True,,16,False,F,February,Tuesday,Senior
691-78-7775,2023-10-17 11:01:00,F,Ennew,M,8,Native American/Alaska Native,F,True,,32,False,F,October,Tuesday,Child
883-50-9955,2024-07-28 22:17:00,F,Keogh,M,42,Native American/Alaska Native,F,True,,50,False,F,July,Sunday,Adult
329-17-7774,2023-08-20 01:13:00,F,Minihan,M,43,Native American/Alaska Native,F,True,,60,False,F,August,Sunday,Adult
658-31-6075,2024-07-29 10:01:00,G,Tremblot,M,73,Native American/Alaska Native,G,True,,51,False,G,July,Monday,Senior
581-96-1885,2024-10-03 23:29:00,G,Sigmund,M,18,Native American/Alaska Native,G,True,,58,False,G,October,Thursday,Teen
350-22-3902,2023-08-21 12:30:00,H,Arend,M,13,Native American/Alaska Native,H,True,,47,False,H,August,Monday,Teen
339-34-7290,2024-08-31 02:30:00,I,Crummey,M,75,Native American/Alaska Native,I,True,,11,False,I,August,Saturday,Senior
248-89-4575,2023-10-07 22:40:00,I,Tosdevin,M,39,Native American/Alaska Native,I,True,,27,False,I,October,Saturday,Adult
663-08-4603,2024-06-30 09:56:00,I,Beverstock,M,31,Native American/Alaska Native,I,True,,34,False,I,June,Sunday,Adult
504-78-6609,2023-04-28 13:15:00,J,Di Francecshi,M,40,Native American/Alaska Native,J,True,,23,False,J,April,Friday,Adult
777-76-9816,2024-06-05 18:17:00,J,Hartop,M,7,Native American/Alaska Native,J,True,,33,False,J,June,Wednesday,Child
687-34-3845,2024-10-03 16:52:00,K,Tandy,M,26,Native American/Alaska Native,K,True,,43,False,K,October,Thursday,Adult
148-50-5807,2024-04-25 09:39:00,L,Kennedy,M,18,Native American/Alaska Native,L,True,,25,False,L,April,Thursday,Teen
468-23-6357,2024-08-01 22:22:00,L,De Bruyne,M,61,Native American/Alaska Native,L,True,,52,False,L,August,Thursday,Senior
723-46-9161,2023-06-10 08:58:00,L,Adess,M,30,Native American/Alaska Native,L,True,,58,False,L,June,Saturday,Adult
198-07-1293,2024-02-25 12:45:00,M,Blanking,M,58,Native American/Alaska Native,M,True,,35,False,M,February,Sunday,Adult
702-69-6189,2023-07-12 11:15:00,M,Ginn,M,26,Native American/Alaska Native,M,True,,49,False,M,July,Wednesday,Adult
112-20-6496,2024-05-01 04:14:00,N,Spehr,M,16,Native American/Alaska Native,N,True,,20,False,N,May,Wednesday,Teen
516-97-1661,2024-09-20 03:05:00,N,Antonio,M,22,Native American/Alaska Native,N,True,,36,False,N,September,Friday,Adult
625-37-2749,2024-04-16 04:51:00,N,Noel,M,69,Native American/Alaska Native,N,True,,58,False,N,April,Tuesday,Senior
491-68-4558,2024-03-28 03:47:00,O,Dawdary,M,19,Native American/Alaska Native,O,True,,15,False,O,March,Thursday,Adult
251-42-6932,2023-10-20 15:11:00,P,Cooch,M,44,Native American/Alaska Native,P,True,,48,False,P,October,Friday,Adult
806-36-0588,2024-04-08 00:33:00,R,Faulks,M,78,Native American/Alaska Native,R,True,,43,False,R,April,Monday,Senior
216-06-1190,2023-07-14 22:10:00,S,Bland,M,15,Native American/Alaska Native,S,True,,37,False,S,July,Friday,Teen
186-99-6396,2023-04-15 10:05:00,T,Szepe,M,78,Native American/Alaska Native,T,True,,48,False,T,April,Saturday,Senior
830-06-4916,2024-03-16 05:02:00,T,Colley,M,67,Native American/Alaska Native,T,True,,54,False,T,March,Saturday,Senior
132-30-5293,2024-03-03 13:46:00,V,Bussy,M,5,Native American/Alaska Native,V,True,,56,False,V,March,Sunday,Child
537-37-0895,2024-07-26 06:02:00,X,Woodvine,M,50,Native American/Alaska Native,X,True,,14,False,X,July,Friday,Adult
148-25-3695,2023-01-09 15:11:00,X,Lillegard,M,48,Native American/Alaska Native,X,True,,44,False,X,January,Monday,Adult
858-55-0031,2024-08-30 18:14:00,Y,Edmeads,M,36,Native American/Alaska Native,Y,True,,13,False,Y,August,Friday,Adult
850-07-0244,2024-12-08 12:40:00,B,Rudinger,M,59,Native American/Alaska Native,B,True,0.0,22,False,B,December,Sunday,Adult
126-18-1278,2024-01-14 16:30:00,C,Auger,M,70,Native American/Alaska Native,C,True,0.0,22,False,C,January,Sunday,Senior
131-10-7789,2023-08-05 00:58:00,E,Meldrum,M,41,Native American/Alaska Native,E,True,1.0,36,True,E,August,Saturday,Adult
543-86-2381,2024-02-23 06:42:00,J,Jamieson,M,59,Native American/Alaska Native,J,True,2.0,43,False,J,February,Friday,Adult
804-46-9415,2024-04-19 09:30:00,H,Puddifer,M,26,Native American/Alaska Native,H,True,3.0,10,False,H,April,Friday,Adult
498-68-8416,2024-09-05 01:59:00,S,Barrus,M,33,Native American/Alaska Native,S,True,3.0,37,False,S,September,Thursday,Adult
261-13-3460,2023-07-09 12:24:00,F,Mingame,M,58,Native American/Alaska Native,F,True,4.0,53,False,F,July,Sunday,Adult
334-92-1880,2023-07-24 23:30:00,O,Wesley,M,13,Native American/Alaska Native,O,True,4.0,56,False,O,July,Monday,Teen
322-73-8642,2024-10-22 16:34:00,F,Keogh,M,18,Native American/Alaska Native,F,True,5.0,52,False,F,October,Tuesday,Teen
501-82-7238,2024-09-06 08:51:00,I,Franciotti,M,70,Native American/Alaska Native,I,True,5.0,33,False,I,September,Friday,Senior
410-70-9311,2023-04-14 18:21:00,Z,Mundee,M,12,Native American/Alaska Native,Z,True,5.0,33,False,Z,April,Friday,Child
308-11-1238,2023-11-19 04:51:00,I,Godlee,M,27,Native American/Alaska Native,I,True,7.0,28,False,I,November,Sunday,Adult
364-42-5620,2023-07-23 10:17:00,M,Bretelle,M,48,Native American/Alaska Native,M,True,7.0,41,False,M,July,Sunday,Adult
410-16-6184,2023-06-05 12:14:00,O,Danieli,M,4,Native American/Alaska Native,O,True,8.0,32,True,O,June,Monday,Child
805-29-5064,2023-08-23 15:30:00,V,Giorgielli,M,8,Native American/Alaska Native,V,True,8.0,60,False,V,August,Wednesday,Child
537-13-0339,2024-01-25 10:19:00,F,Giggs,M,35,Native American/Alaska Native,F,True,9.0,51,False,F,January,Thursday,Adult
695-48-3258,2023-09-11 03:59:00,N,Jantot,M,62,Native American/Alaska Native,N,True,,57,False,N,September,Monday,Senior
125-78-3248,2023-07-27 15:05:00,P,Babst,M,29,Native American/Alaska Native,P,True,,25,False,P,July,Thursday,Adult
544-63-0784,2024-09-08 03:12:00,P,Cappleman,M,74,Native American/Alaska Native,P,True,,56,False,P,September,Sunday,Senior
330-45-2025,2024-06-03 07:40:00,U,Pitman,M,69,Native American/Alaska Native,U,True,,31,False,U,June,Monday,Senior
213-44-8981,2024-09-04 17:45:00,X,Lebang,M,60,Native American/Alaska Native,X,True,,49,False,X,September,Wednesday,Adult
299-16-0016,2024-03-01 04:38:00,Z,Boulder,M,16,Native American/Alaska Native,Z,True,,20,False,Z,March,Friday,Teen
323-73-5214,2024-04-01 03:07:00,Z,Andrelli,M,27,Native American/Alaska Native,Z,True,,53,False,Z,April,Monday,Adult
398-53-4396,2024-04-08 19:52:00,E,Dunsford,M,28,Native American/Alaska Native,E,True,0.0,40,False,E,April,Monday,Adult
768-15-4619,2023-12-26 01:11:00,C,Newson,M,16,Native American/Alaska Native,C,True,8.0,25,False,C,December,Tuesday,Teen
400-21-4570,2024-02-16 22:59:00,A,Gallegos,M,73,Native American/Alaska Native,A,True,,45,False,A,February,Friday,Senior
219-14-6147,2024-10-01 09:15:00,Z,Girardengo,M,63,Native American/Alaska Native,Z,True,,10,False,Z,October,Tuesday,Senior
646-41-6242,2024-04-24 23:12:00,F,Roget,M,70,Pacific Islander,F,True,,47,False,F,April,Wednesday,Senior
230-64-7688,2023-12-08 21:30:00,K,Espinheira,M,74,Pacific Islander,K,True,,18,False,K,December,Friday,Senior
412-11-9829,2024-07-31 22:00:00,K,Wines,M,7,Pacific Islander,K,True,,49,False,K,July,Wednesday,Child
630-34-6448,2023-04-28 18:16:00,N,Causton,M,28,Pacific Islander,N,True,,23,False,N,April,Friday,Adult
278-16-5571,2024-02-20 22:12:00,S,Sebert,M,6,Pacific Islander,S,True,,53,False,S,February,Tuesday,Child
516-07-4192,2023-08-26 12:28:00,P,Lotte,M,6,Pacific Islander,P,True,,48,False,P,August,Saturday,Child
402-93-4014,2023-05-27 06:41:00,H,Shuttell,M,38,Pacific Islander,H,True,10.0,49,True,H,May,Saturday,Adult
122-57-7501,2024-08-05 08:30:00,L,Artz,M,19,Pacific Islander,L,True,10.0,47,False,L,August,Monday,Adult
550-70-0152,2023-09-05 09:39:00,A,Kuscha,M,76,Pacific Islander,A,True,,34,True,A,September,Tuesday,Senior
497-73-0149,2024-06-01 19:29:00,D,Vigors,M,5,Pacific Islander,D,True,,16,False,D,June,Saturday,Child
866-87-1957,2023-03-10 21:44:00,J,Cressingham,M,42,Pacific Islander,J,True,,17,False,J,March,Friday,Adult
306-57-7978,2024-04-09 05:58:00,J,Burston,M,62,Pacific Islander,J,True,,28,False,J,April,Tuesday,Senior
575-58-8181,2024-01-17 23:43:00,J,Rimington,M,55,Pacific Islander,J,True,,42,False,J,January,Wednesday,Adult
437-92-3747,2024-11-09 16:41:00,K,Pedwell,M,38,Pacific Islander,K,True,,11,False,K,November,Saturday,Adult
307-92-3400,2023-04-16 01:52:00,K,Caslett,M,11,Pacific Islander,K,True,,38,False,K,April,Sunday,Child
112-29-0583,2023-09-17 07:06:00,K,Gynni,M,5,Pacific Islander,K,True,,59,False,K,September,Sunday,Child
149-06-7304,2023-11-17 22:34:00,M,Legen,M,19,Pacific Islander,M,True,,32,False,M,November,Friday,Adult
437-71-7777,2024-07-08 11:17:00,N,Byram,M,14,Pacific Islander,N,True,,10,False,N,July,Monday,Teen
238-23-8191,2023-04-12 01:08:00,N,Gatherer,M,73,Pacific Islander,N,True,,22,False,N,April,Wednesday,Senior
198-80-3135,2023-12-27 03:01:00,O,Alderwick,M,52,Pacific Islander,O,True,,40,False,O,December,Wednesday,Adult
773-65-6904,2024-05-21 09:15:00,Q,Vila,M,57,Pacific Islander,Q,True,,34,False,Q,May,Tuesday,Adult
500-37-6455,2023-08-31 16:32:00,Q,Parradine,M,44,Pacific Islander,Q,True,,38,False,Q,August,Thursday,Adult
485-52-4633,2024-05-08 05:13:00,T,Burgane,M,18,Pacific Islander,T,True,,13,False,T,May,Wednesday,Teen
753-69-2921,2023-05-04 15:08:00,T,McInerney,M,76,Pacific Islander,T,True,,27,False,T,May,Thursday,Senior
461-10-5835,2024-03-10 11:19:00,U,Rutty,M,42,Pacific Islander,U,True,,48,False,U,March,Sunday,Adult
468-40-7586,2024-03-24 15:43:00,V,Ardron,M,13,Pacific Islander,V,True,,29,False,V,March,Sunday,Teen
183-34-1466,2023-12-21 13:57:00,V,Antoons,M,79,Pacific Islander,V,True,,40,False,V,December,Thursday,Senior
608-99-9818,2024-05-10 23:08:00,X,Olney,M,41,Pacific Islander,X,True,,50,False,X,May,Friday,Adult
389-57-3830,2023-11-14 13:59:00,Z,Kunzler,M,26,Pacific Islander,Z,True,,50,False,Z,November,Tuesday,Adult
209-24-5193,2023-12-23 07:56:00,V,Fitchett,M,31,Pacific Islander,V,True,0.0,15,False,V,December,Saturday,Adult
200-47-4120,2023-07-19 10:30:00,N,Ricket,M,77,Pacific Islander,N,True,3.0,29,False,N,July,Wednesday,Senior
408-93-7396,2023-12-09 18:36:00,R,Gunney,M,72,Pacific Islander,R,True,3.0,44,False,R,December,Saturday,Senior
611-62-1333,2024-02-03 03:50:00,T,Ianetti,M,51,Pacific Islander,T,True,4.0,40,False,T,February,Saturday,Adult
846-33-1744,2024-02-18 23:33:00,S,Nutting,M,27,Pacific Islander,S,True,6.0,25,False,S,February,Sunday,Adult
685-53-9518,2024-09-04 20:19:00,N,Dignall,M,64,Pacific Islander,N,True,7.0,39,False,N,September,Wednesday,Senior
271-73-5806,2023-11-29 23:00:00,I,Teather,M,46,Pacific Islander,I,True,9.0,46,False,I,November,Wednesday,Adult
337-97-5948,2024-01-08 00:25:00,V,Henric,M,78,Pacific Islander,V,True,9.0,36,False,V,January,Monday,Senior
618-62-6094,2023-05-05 01:49:00,B,Shrigley,M,27,Pacific Islander,B,True,,24,True,B,May,Friday,Adult
284-29-1399,2023-04-09 16:31:00,C,O'Cannon,M,13,Pacific Islander,C,True,,31,False,C,April,Sunday,Teen
420-73-7015,2023-11-10 08:23:00,T,Stenner,M,79,Pacific Islander,T,True,,15,False,T,November,Friday,Senior
438-36-2108,2024-03-26 05:32:00,A,Muller,M,33,Pacific Islander,A,True,,12,False,A,March,Tuesday,Adult
404-31-3488,2023-01-06 13:23:00,A,Scallon,M,67,Pacific Islander,A,True,,39,False,A,January,Friday,Senior
118-97-5167,2024-10-25 19:58:00,A,Kennelly,M,78,Pacific Islander,A,True,,39,False,A,October,Friday,Senior
875-73-1721,2024-10-08 01:02:00,A,Pitrelli,M,31,Pacific Islander,A,True,,51,False,A,October,Tuesday,Adult
155-49-8625,2023-09-27 01:01:00,B,Bunney,M,64,Pacific Islander,B,True,,14,False,B,September,Wednesday,Senior
466-18-4689,2023-04-30 07:20:00,C,Tregensoe,M,37,Pacific Islander,C,True,,28,False,C,April,Sunday,Adult
318-93-4219,2024-10-17 21:29:00,D,Blaksland,M,57,Pacific Islander,D,True,,13,False,D,October,Thursday,Adult
309-31-4290,2023-11-16 09:17:00,D,Laible,M,54,Pacific Islander,D,True,,48,False,D,November,Thursday,Adult
334-28-4596,2024-08-24 15:56:00,E,Belchamp,M,61,Pacific Islander,E,True,,33,False,E,August,Saturday,Senior
333-23-4575,2024-09-17 12:08:00,F,Cabena,M,19,Pacific Islander,F,True,,19,False,F,September,Tuesday,Adult
338-24-1649,2023-08-12 18:55:00,F,Winskill,M,45,Pacific Islander,F,True,,33,False,F,August,Saturday,Adult
275-94-9976,2024-01-28 07:51:00,G,Burde,M,30,Pacific Islander,G,True,,23,False,G,January,Sunday,Adult
429-56-6759,2024-04-01 13:46:00,H,Winslade,M,62,Pacific Islander,H,True,,22,False,H,April,Monday,Senior
378-24-4152,2024-10-09 00:07:00,I,Attwoul,M,48,Pacific Islander,I,True,,35,False,I,October,Wednesday,Adult
699-82-7292,2024-10-23 23:26:00,I,Klimashevich,M,19,Pacific Islander,I,True,,36,False,I,October,Wednesday,Adult
405-69-6541,2023-11-29 11:01:00,J,Yeldon,M,79,Pacific Islander,J,True,,26,False,J,November,Wednesday,Senior
722-52-9830,2024-05-24 07:55:00,K,Arguile,M,57,Pacific Islander,K,True,,57,False,K,May,Friday,Adult
396-36-0799,2024-10-02 09:27:00,K,Dyshart,M,25,Pacific Islander,K,True,,59,False,K,October,Wednesday,Adult
893-95-2429,2023-06-06 10:25:00,L,Laffoley-Lane,M,42,Pacific Islander,L,True,,14,False,L,June,Tuesday,Adult
522-78-1715,2024-06-28 22:03:00,L,Philipart,M,24,Pacific Islander,L,True,,25,False,L,June,Friday,Adult
776-73-6961,2023-07-06 04:22:00,L,Wissbey,M,54,Pacific Islander,L,True,,54,False,L,July,Thursday,Adult
357-19-2990,2023-01-11 22:49:00,L,Weekly,M,24,Pacific Islander,L,True,,55,False,L,January,Wednesday,Adult
890-49-1894,2024-06-27 10:26:00,M,Scimone,M,13,Pacific Islander,M,True,,12,False,M,June,Thursday,Teen
640-48-4878,2024-02-02 06:33:00,M,Elvy,M,59,Pacific Islander,M,True,,43,False,M,February,Friday,Adult
179-53-8316,2024-05-23 20:37:00,M,Cumbers,M,22,Pacific Islander,M,True,,45,False,M,May,Thursday,Adult
473-15-4074,2023-04-15 03:28:00,M,Brimfield,M,78,Pacific Islander,M,True,,54,False,M,April,Saturday,Senior
296-45-1574,2023-12-22 06:22:00,M,Windibank,M,31,Pacific Islander,M,True,,55,False,M,December,Friday,Adult
240-91-0423,2023-04-08 05:28:00,N,Hitschke,M,14,Pacific Islander,N,True,,20,False,N,April,Saturday,Teen
629-41-3758,2023-10-08 15:48:00,N,Sporgeon,M,41,Pacific Islander,N,True,,22,False,N,October,Sunday,Adult
735-67-4512,2024-05-29 17:07:00,N,Overton,M,59,Pacific Islander,N,True,,34,False,N,May,Wednesday,Adult
516-82-9080,2023-07-09 05:42:00,N,Klosser,M,43,Pacific Islander,N,True,,52,False,N,July,Sunday,Adult
526-99-9283,2024-01-24 09:46:00,O,Dennert,M,44,Pacific Islander,O,True,,23,False,O,January,Wednesday,Adult
207-64-8402,2024-08-06 09:57:00,O,Skivington,M,31,Pacific Islander,O,True,,58,False,O,August,Tuesday,Adult
137-63-3880,2023-06-15 06:28:00,P,Ivie,M,26,Pacific Islander,P,True,,21,False,P,June,Thursday,Adult
731-63-7305,2023-12-17 11:08:00,P,Lago,M,64,Pacific Islander,P,True,,36,False,P,December,Sunday,Senior
292-29-7969,2024-01-13 08:59:00,P,Shayes,M,65,Pacific Islander,P,True,,37,False,P,January,Saturday,Senior
701-50-9412,2023-03-06 03:48:00,P,Kordt,M,43,Pacific Islander,P,True,,41,False,P,March,Monday,Adult
751-70-2352,2024-08-06 20:49:00,R,Bernini,M,11,Pacific Islander,R,True,,48,False,R,August,Tuesday,Child
308-97-7916,2024-09-23 00:50:00,R,Smale,M,8,Pacific Islander,R,True,,57,False,R,September,Monday,Child
364-16-5242,2024-06-06 04:48:00,S,Stuchbury,M,13,Pacific Islander,S,True,,43,False,S,June,Thursday,Teen
888-84-7651,2024-04-21 22:09:00,S,Pleasance,M,73,Pacific Islander,S,True,,44,False,S,April,Sunday,Senior
556-05-0837,2023-10-16 20:41:00,T,Tooth,M,68,Pacific Islander,T,True,,10,False,T,October,Monday,Senior
753-19-0778,2023-05-10 23:56:00,T,Spaducci,M,12,Pacific Islander,T,True,,11,False,T,May,Wednesday,Child
728-86-5184,2024-08-27 02:31:00,T,MacAne,M,79,Pacific Islander,T,True,,17,False,T,August,Tuesday,Senior
875-52-8869,2023-09-19 05:11:00,T,Wand,M,64,Pacific Islander,T,True,,20,False,T,September,Tuesday,Senior
810-10-6393,2024-08-18 07:35:00,U,Bonifacio,M,45,Pacific Islander,U,True,,10,False,U,August,Sunday,Adult
182-98-4289,2024-08-05 07:22:00,U,McKerlie,M,15,Pacific Islander,U,True,,21,False,U,August,Monday,Teen
844-75-6188,2024-07-05 20:06:00,U,Echallier,M,15,Pacific Islander,U,True,,29,False,U,July,Friday,Teen
876-55-5877,2024-12-10 22:26:00,U,Mothersole,M,32,Pacific Islander,U,True,,34,False,U,December,Tuesday,Adult
589-78-6787,2024-08-22 07:07:00,V,Partridge,M,7,Pacific Islander,V,True,,34,False,V,August,Thursday,Child
116-36-0093,2023-10-08 03:21:00,W,Gwilt,M,40,Pacific Islander,W,True,,49,False,W,October,Sunday,Adult
216-88-0117,2023-08-27 11:16:00,W,Rodbourne,M,58,Pacific Islander,W,True,,55,False,W,August,Sunday,Adult
866-88-0473,2023-12-06 05:07:00,X,Iddiens,M,58,Pacific Islander,X,True,,15,False,X,December,Wednesday,Adult
148-63-5704,2023-04-09 02:43:00,Y,Olden,M,31,Pacific Islander,Y,True,,60,False,Y,April,Sunday,Adult
156-69-0132,2024-08-03 22:32:00,Z,Peachman,M,37,Pacific Islander,Z,True,,29,False,Z,August,Saturday,Adult
165-23-5765,2024-04-21 12:12:00,Z,Scurry,M,17,Pacific Islander,Z,True,,55,False,Z,April,Sunday,Teen
145-73-4921,2024-04-23 00:52:00,Z,Screwton,M,69,Pacific Islander,Z,True,,55,False,Z,April,Tuesday,Senior
292-11-9160,2023-11-20 19:09:00,Z,Riche,M,37,Pacific Islander,Z,True,,59,False,Z,November,Monday,Adult
227-23-5068,2024-01-03 22:27:00,F,Faherty,M,78,Pacific Islander,F,True,1.0,60,False,F,January,Wednesday,Senior
542-43-2204,2024-02-29 20:47:00,Z,Cottage,M,67,Pacific Islander,Z,True,1.0,14,False,Z,February,Thursday,Senior
541-60-5377,2024-02-17 03:34:00,V,Quye,M,5,Pacific Islander,V,True,3.0,28,False,V,February,Saturday,Child
389-46-5464,2024-11-10 00:27:00,F,Gateman,M,9,Pacific Islander,F,True,4.0,39,False,F,November,Sunday,Child
626-10-0620,2023-08-29 15:45:00,I,Duffitt,M,20,Pacific Islander,I,True,4.0,44,False,I,August,Tuesday,Adult
119-84-9558,2024-01-28 09:56:00,T,Drache,M,12,Pacific Islander,T,True,4.0,39,False,T,January,Sunday,Child
167-15-7518,2024-02-13 17:36:00,H,Coppenhall,M,73,Pacific Islander,H,True,5.0,55,False,H,February,Tuesday,Senior
755-92-1392,2023-07-23 12:33:00,P,MacKomb,M,57,Pacific Islander,P,True,5.0,15,False,P,July,Sunday,Adult
651-08-2231,2024-04-02 09:40:00,Y,Joret,M,63,Pacific Islander,Y,True,6.0,44,False,Y,April,Tuesday,Senior
783-71-2901,2023-04-11 08:17:00,Y,Prandy,M,31,Pacific Islander,Y,True,6.0,56,False,Y,April,Tuesday,Adult
847-95-6147,2023-06-08 07:42:00,F,Kilgallen,M,9,Pacific Islander,F,True,7.0,19,False,F,June,Thursday,Child
236-48-3172,2024-12-09 22:16:00,I,Rubica,M,39,Pacific Islander,I,True,7.0,35,False,I,December,Monday,Adult
225-87-5051,2024-03-08 04:37:00,G,Swinfen,M,47,Pacific Islander,G,True,8.0,13,False,G,March,Friday,Adult
218-28-1324,2024-03-17 02:03:00,J,Saunton,M,36,Pacific Islander,J,True,9.0,58,False,J,March,Sunday,Adult
257-71-5722,2024-07-31 00:53:00,M,Chrystie,M,13,Pacific Islander,M,True,9.0,48,False,M,July,Wednesday,Teen
451-55-0085,2024-05-15 02:55:00,U,Izard,M,72,Pacific Islander,U,True,10.0,29,False,U,May,Wednesday,Senior
128-30-7104,2023-11-30 00:21:00,A,Grafhom,M,58,Pacific Islander,A,True,,56,False,A,November,Thursday,Adult
796-12-3706,2023-10-16 20:17:00,C,Burr,M,78,Pacific Islander,C,True,,43,False,C,October,Monday,Senior
651-52-1504,2024-09-21 02:11:00,E,Brockley,M,15,Pacific Islander,E,True,,45,False,E,September,Saturday,Teen
290-26-2181,2023-09-23 23:08:00,G,Ablitt,M,23,Pacific Islander,G,True,,27,False,G,September,Saturday,Adult
783-94-4066,2023-09-19 08:20:00,G,Malkin,M,13,Pacific Islander,G,True,,46,False,G,September,Tuesday,Teen
141-16-6774,2024-10-28 21:50:00,M,Bakewell,M,51,Pacific Islander,M,True,,18,False,M,October,Monday,Adult
420-49-1092,2023-08-11 13:38:00,N,Rubroe,M,70,Pacific Islander,N,True,,18,False,N,August,Friday,Senior
729-26-8869,2023-06-21 03:25:00,N,Spurge,M,33,Pacific Islander,N,True,,25,False,N,June,Wednesday,Adult
804-80-4289,2024-07-01 22:32:00,Q,Lomax,M,63,Pacific Islander,Q,True,,41,False,Q,July,Monday,Senior
226-26-8565,2024-05-22 18:30:00,R,Broadhurst,M,40,Pacific Islander,R,True,,51,False,R,May,Wednesday,Adult
341-94-2072,2024-10-17 20:55:00,F,Fashion,M,49,Pacific Islander,F,True,0.0,30,False,F,October,Thursday,Adult
504-59-9776,2023-06-05 07:07:00,P,Chavez,M,67,Pacific Islander,P,True,,25,True,P,June,Monday,Senior
474-93-8205,2024-10-28 07:18:00,Q,Konke,M,58,Pacific Islander,Q,True,,53,False,Q,October,Monday,Adult
752-34-8096,2023-11-11 14:28:00,W,Burnet,M,57,Pacific Islander,W,True,,59,False,W,November,Saturday,Adult
532-37-4005,2023-06-16 03:27:00,Y,Harly,M,67,Pacific Islander,Y,True,,29,False,Y,June,Friday,Senior
510-24-2831,2023-08-09 20:55:00,M,Polino,M,79,Pacific Islander,M,True,9.0,27,False,M,August,Wednesday,Senior
316-76-8097,2024-07-07 06:05:00,A,Tevelov,M,35,Two or More Races,A,True,,33,False,A,July,Sunday,Adult
637-52-8720,2024-12-07 04:16:00,F,Gitthouse,M,61,Two or More Races,F,True,,27,False,F,December,Saturday,Senior
644-72-8499,2024-09-30 15:36:00,I,Witten,M,68,Two or More Races,I,True,,17,False,I,September,Monday,Senior
839-52-8308,2024-12-06 16:42:00,L,Scanderet,M,32,Two or More Races,L,True,,49,False,L,December,Friday,Adult
639-72-8897,2024-10-04 09:03:00,Q,Haslum,M,10,Two or More Races,Q,True,,19,False,Q,October,Friday,Child
246-91-3426,2024-05-21 08:26:00,Q,Betz,M,65,Two or More Races,Q,True,,44,False,Q,May,Tuesday,Senior
889-96-0276,2023-01-04 22:10:00,Q,Purseglove,M,10,Two or More Races,Q,True,,45,False,Q,January,Wednesday,Child
583-68-4800,2024-10-13 07:36:00,Q,Way,M,15,Two or More Races,Q,True,,51,False,Q,October,Sunday,Teen
471-10-2260,2023-12-31 05:06:00,T,Carey,M,30,Two or More Races,T,True,,14,False,T,December,Sunday,Adult
728-50-2926,2024-03-24 11:47:00,T,Rashleigh,M,49,Two or More Races,T,True,,43,False,T,March,Sunday,Adult
206-57-4155,2023-12-19 22:41:00,X,Belle,M,49,Two or More Races,X,True,,29,False,X,December,Tuesday,Adult
237-05-9734,2024-07-23 04:57:00,E,Forsdike,M,37,Two or More Races,E,True,3.0,12,False,E,July,Tuesday,Adult
506-63-9917,2023-11-19 02:39:00,S,Peniman,M,47,Two or More Races,S,True,6.0,51,False,S,November,Sunday,Adult
269-42-7536,2024-02-29 23:12:00,S,Rate,M,15,Two or More Races,S,True,7.0,33,False,S,February,Thursday,Teen
729-22-1036,2023-05-18 04:06:00,R,Jozefczak,M,23,Two or More Races,R,True,8.0,16,True,R,May,Thursday,Adult
311-54-5268,2024-05-13 14:30:00,T,Ware,M,45,Two or More Races,T,True,8.0,30,False,T,May,Monday,Adult
567-79-4489,2024-10-29 18:51:00,S,Zelley,M,3,Two or More Races,S,True,9.0,40,False,S,October,Tuesday,Child
604-67-4072,2024-06-07 04:04:00,G,Comiam,M,55,Two or More Races,G,True,,43,False,G,June,Friday,Adult
327-39-0494,2024-03-09 03:52:00,H,Wharby,M,19,Two or More Races,H,True,,17,False,H,March,Saturday,Adult
571-03-9350,2024-09-15 04:41:00,O,Dounbare,M,66,Two or More Races,O,True,,37,False,O,September,Sunday,Senior
774-05-5714,2024-01-08 17:41:00,U,Mariette,M,31,Two or More Races,U,True,,20,False,U,January,Monday,Adult
354-05-8896,2024-01-10 08:31:00,V,Gorrissen,M,36,Two or More Races,V,True,,33,False,V,January,Wednesday,Adult
609-61-5196,2023-02-11 14:42:00,M,Knowlson,M,43,Two or More Races,M,True,9.0,39,False,M,February,Saturday,Adult
710-08-1839,2024-09-20 13:49:00,A,Hourstan,M,11,Two or More Races,A,True,,17,False,A,September,Friday,Child
669-23-3949,2024-01-08 10:21:00,A,Gadsdon,M,7,Two or More Races,A,True,,32,False,A,January,Monday,Child
127-74-5580,2024-05-27 04:02:00,B,Lambswood,M,17,Two or More Races,B,True,,10,False,B,May,Monday,Teen
534-18-3151,2023-03-12 01:48:00,B,Collibear,M,67,Two or More Races,B,True,,37,False,B,March,Sunday,Senior
758-21-5102,2024-05-24 14:58:00,B,Schwandermann,M,33,Two or More Races,B,True,,39,False,B,May,Friday,Adult
523-65-6493,2024-06-28 01:56:00,B,Hulk,M,26,Two or More Races,B,True,,40,False,B,June,Friday,Adult
796-69-6311,2023-12-08 15:48:00,B,Heffer,M,62,Two or More Races,B,True,,44,False,B,December,Friday,Senior
153-10-3389,2023-01-12 06:34:00,B,Ruzek,M,12,Two or More Races,B,True,,59,False,B,January,Thursday,Child
159-05-9428,2024-05-31 03:47:00,E,Bartolomieu,M,62,Two or More Races,E,True,,25,False,E,May,Friday,Senior
751-78-5779,2023-08-22 07:27:00,F,Orehead,M,71,Two or More Races,F,True,,60,False,F,August,Tuesday,Senior
648-17-3878,2024-06-26 18:51:00,G,Penkman,M,24,Two or More Races,G,True,,11,False,G,June,Wednesday,Adult
109-22-5491,2024-06-26 13:41:00,G,Reisenstein,M,39,Two or More Races,G,True,,53,False,G,June,Wednesday,Adult
781-15-8827,2023-09-29 02:51:00,H,Steptow,M,18,Two or More Races,H,True,,29,False,H,September,Friday,Teen
308-38-1759,2024-06-13 20:52:00,I,Oliveira,M,79,Two or More Races,I,True,,18,False,I,June,Thursday,Senior
495-09-1764,2023-08-09 23:31:00,I,Bocken,M,4,Two or More Races,I,True,,21,False,I,August,Wednesday,Child
169-41-1872,2023-10-12 13:07:00,I,Ketchaside,M,61,Two or More Races,I,True,,23,False,I,October,Thursday,Senior
536-91-2898,2023-04-29 11:29:00,I,Leathem,M,31,Two or More Races,I,True,,27,False,I,April,Saturday,Adult
846-40-7635,2023-06-04 20:41:00,K,Fern,M,3,Two or More Races,K,True,,26,False,K,June,Sunday,Child
696-25-8164,2024-09-06 23:24:00,K,Evreux,M,22,Two or More Races,K,True,,35,False,K,September,Friday,Adult
455-86-5550,2023-08-30 02:31:00,K,Deveraux,M,41,Two or More Races,K,True,,55,False,K,August,Wednesday,Adult
556-45-4348,2024-01-08 13:39:00,L,Curd,M,15,Two or More Races,L,True,,16,False,L,January,Monday,Teen
505-43-6760,2023-02-09 11:06:00,L,Ramelet,M,48,Two or More Races,L,True,,55,False,L,February,Thursday,Adult
334-42-8970,2023-12-20 05:06:00,M,Burnie,M,25,Two or More Races,M,True,,15,False,M,December,Wednesday,Adult
620-35-3794,2023-07-11 00:21:00,M,Kubelka,M,35,Two or More Races,M,True,,37,False,M,July,Tuesday,Adult
291-90-1058,2023-01-10 05:38:00,M,Connell,M,8,Two or More Races,M,True,,55,False,M,January,Tuesday,Child
151-79-4805,2023-11-08 23:19:00,N,Monelle,M,48,Two or More Races,N,True,,26,False,N,November,Wednesday,Adult
468-54-8320,2024-01-05 23:12:00,N,Swindall,M,50,Two or More Races,N,True,,27,False,N,January,Friday,Adult
337-54-0640,2024-03-28 06:24:00,N,Skeech,M,64,Two or More Races,N,True,,52,False,N,March,Thursday,Senior
695-96-3968,2023-08-05 21:20:00,N,Jimson,M,62,Two or More Races,N,True,,54,True,N,August,Saturday,Senior
823-21-4024,2024-06-27 19:41:00,O,Lukasen,M,14,Two or More Races,O,True,,38,False,O,June,Thursday,Teen
458-99-8740,2023-04-26 16:43:00,P,Fountain,M,61,Two or More Races,P,True,,28,False,P,April,Wednesday,Senior
326-32-9009,2024-11-08 05:05:00,Q,Brechin,M,4,Two or More Races,Q,True,,25,False,Q,November,Friday,Child
772-30-5939,2023-09-26 07:46:00,Q,Cluderay,M,22,Two or More Races,Q,True,,37,False,Q,September,Tuesday,Adult
327-01-6909,2024-01-09 06:32:00,R,Oldfield,M,77,Two or More Races,R,True,,38,False,R,January,Tuesday,Senior
586-06-0042,2024-01-05 04:50:00,S,Wickendon,M,21,Two or More Races,S,True,,22,False,S,January,Friday,Adult
633-24-7176,2023-05-12 00:08:00,S,Almon,M,57,Two or More Races,S,True,,28,False,S,May,Friday,Adult
621-04-1236,2023-07-31 21:17:00,S,Shobbrook,M,35,Two or More Races,S,True,,54,False,S,July,Monday,Adult
461-42-4480,2023-12-08 02:11:00,T,Jimmes,M,68,Two or More Races,T,True,,17,False,T,December,Friday,Senior
470-13-8720,2024-03-16 06:26:00,T,Fido,M,62,Two or More Races,T,True,,18,False,T,March,Saturday,Senior
730-82-2040,2024-05-02 19:18:00,T,Becconsall,M,70,Two or More Races,T,True,,28,False,T,May,Thursday,Senior
716-69-2537,2023-10-21 07:39:00,T,Reubens,M,33,Two or More Races,T,True,,32,False,T,October,Saturday,Adult
784-23-5193,2023-07-08 03:22:00,T,Dalmon,M,18,Two or More Races,T,True,,38,False,T,July,Saturday,Teen
575-35-1820,2024-02-07 20:27:00,T,Wyllcock,M,22,Two or More Races,T,True,,44,False,T,February,Wednesday,Adult
322-21-8317,2024-07-09 23:19:00,T,Lile,M,23,Two or More Races,T,True,,58,False,T,July,Tuesday,Adult
891-04-3560,2023-09-29 04:58:00,V,Greaser,M,65,Two or More Races,V,True,,43,False,V,September,Friday,Senior
248-90-1365,2023-11-21 04:42:00,V,Kobpal,M,65,Two or More Races,V,True,,45,False,V,November,Tuesday,Senior
687-78-6410,2024-10-24 18:17:00,V,Rodder,M,9,Two or More Races,V,True,,50,False,V,October,Thursday,Child
583-85-8092,2023-04-13 21:04:00,V,Nickerson,M,36,Two or More Races,V,True,,54,False,V,April,Thursday,Adult
442-15-0286,2024-10-22 23:07:00,W,Lyosik,M,71,Two or More Races,W,True,,34,False,W,October,Tuesday,Senior
801-82-1101,2023-09-08 17:05:00,W,Pamment,M,5,Two or More Races,W,True,,46,False,W,September,Friday,Child
577-99-1334,2024-02-26 04:24:00,W,Haslum,M,58,Two or More Races,W,True,,59,False,W,February,Monday,Adult
535-11-6082,2024-05-27 07:49:00,X,Grout,M,78,Two or More Races,X,True,,53,False,X,May,Monday,Senior
547-68-7669,2023-12-04 05:06:00,Y,Hurn,M,6,Two or More Races,Y,True,,45,False,Y,December,Monday,Child
808-37-0659,2023-10-09 00:59:00,Y,Anfusso,M,38,Two or More Races,Y,True,,46,False,Y,October,Monday,Adult
700-13-0524,2024-10-06 00:44:00,Z,Surphliss,M,74,Two or More Races,Z,True,,26,False,Z,October,Sunday,Senior
625-15-3474,2024-05-02 08:54:00,Z,Kittles,M,11,Two or More Races,Z,True,,32,False,Z,May,Thursday,Child
723-21-0173,2023-08-17 17:15:00,Z,Dudny,M,26,Two or More Races,Z,True,,52,False,Z,August,Thursday,Adult
877-20-8814,2023-04-20 23:25:00,N,Miroy,M,4,Two or More Races,N,True,0.0,60,False,N,April,Thursday,Child
684-69-6166,2023-12-20 05:27:00,R,Dacre,M,21,Two or More Races,R,True,0.0,44,False,R,December,Wednesday,Adult
722-95-5362,2023-04-08 01:09:00,Q,Ghirardi,M,45,Two or More Races,Q,True,1.0,43,False,Q,April,Saturday,Adult
657-23-9149,2024-05-18 21:15:00,S,Brantl,M,75,Two or More Races,S,True,1.0,34,False,S,May,Saturday,Senior
564-46-5874,2024-04-26 18:25:00,C,Reavey,M,72,Two or More Races,C,True,2.0,55,False,C,April,Friday,Senior
645-04-1339,2024-07-30 05:19:00,E,Whetnell,M,64,Two or More Races,E,True,2.0,40,False,E,July,Tuesday,Senior
351-19-3715,2023-10-21 20:42:00,F,Gregson,M,71,Two or More Races,F,True,2.0,18,False,F,October,Saturday,Senior
826-96-7716,2024-09-06 02:18:00,B,Twiggs,M,78,Two or More Races,B,True,3.0,60,False,B,September,Friday,Senior
285-30-3138,2023-05-26 17:42:00,N,McKeney,M,32,Two or More Races,N,True,3.0,17,True,N,May,Friday,Adult
385-18-5423,2023-10-26 13:26:00,C,Naulty,M,14,Two or More Races,C,True,4.0,59,False,C,October,Thursday,Teen
494-79-9100,2023-10-12 19:27:00,U,Cator,M,64,Two or More Races,U,True,4.0,53,False,U,October,Thursday,Senior
447-24-8349,2024-01-07 11:50:00,W,De Vuyst,M,29,Two or More Races,W,True,4.0,18,False,W,January,Sunday,Adult
662-52-4940,2023-03-06 15:13:00,L,Hume,M,68,Two or More Races,L,True,6.0,30,False,L,March,Monday,Senior
760-91-8824,2024-07-03 00:48:00,R,Toogood,M,46,Two or More Races,R,True,6.0,57,False,R,July,Wednesday,Adult
431-88-1973,2024-03-09 22:06:00,A,Rowbottam,M,20,Two or More Races,A,True,7.0,45,False,A,March,Saturday,Adult
667-17-4571,2024-03-15 13:34:00,X,Lantoph,M,69,Two or More Races,X,True,7.0,11,False,X,March,Friday,Senior
145-60-1945,2024-01-16 23:26:00,A,Leedal,M,76,Two or More Races,A,True,8.0,53,False,A,January,Tuesday,Senior
676-41-8623,2023-11-26 07:30:00,C,Inder,M,52,Two or More Races,C,True,9.0,37,False,C,November,Sunday,Adult
304-19-1206,2023-04-27 10:32:00,C,Lilion,M,70,Two or More Races,C,True,9.0,44,False,C,April,Thursday,Senior
136-49-6777,2023-06-29 09:04:00,P,Dmiterko,M,28,Two or More Races,P,True,9.0,28,False,P,June,Thursday,Adult
370-89-4668,2023-08-24 02:47:00,P,Gingle,M,20,Two or More Races,P,True,9.0,55,False,P,August,Thursday,Adult
770-53-0226,2024-04-14 08:35:00,A,Yaneev,M,57,Two or More Races,A,True,10.0,25,False,A,April,Sunday,Adult
602-51-2635,2023-11-06 13:35:00,H,Ruskin,M,29,Two or More Races,H,True,,57,False,H,November,Monday,Adult
852-67-0616,2024-06-29 04:26:00,P,Le Blond,M,57,Two or More Races,P,True,,27,False,P,June,Saturday,Adult
410-03-2700,2024-11-10 15:27:00,S,Hempshall,M,8,Two or More Races,S,True,,29,False,S,November,Sunday,Child
825-31-1708,2024-08-28 12:11:00,V,Pleasance,M,46,Two or More Races,V,True,,58,False,V,August,Wednesday,Adult
352-97-4533,2023-05-22 18:06:00,X,Bedbury,M,46,Two or More Races,X,True,1.0,20,True,X,May,Monday,Adult
557-30-5454,2023-09-28 21:25:00,A,Emmanuele,M,23,Two or More Races,A,True,,16,False,A,September,Thursday,Adult
206-01-6874,2023-05-10 22:01:00,A,Ilyinykh,M,37,Two or More Races,A,True,,31,False,A,May,Wednesday,Adult
899-89-5599,2023-08-25 18:35:00,A,Caulwell,M,64,Two or More Races,A,True,,33,False,A,August,Friday,Senior
217-35-6245,2023-10-18 14:34:00,A,Quig,M,6,Two or More Races,A,True,,36,False,A,October,Wednesday,Child
365-42-3810,2024-01-21 04:58:00,A,Jeenes,M,57,Two or More Races,A,True,,36,False,A,January,Sunday,Adult
763-76-4655,2024-01-03 02:00:00,B,Havoc,M,16,Two or More Races,B,True,,13,False,B,January,Wednesday,Teen
304-28-9211,2023-05-18 18:49:00,B,Couldwell,M,72,Two or More Races,B,True,,16,True,B,May,Thursday,Senior
508-21-1465,2024-03-09 08:09:00,B,Nealand,M,28,Two or More Races,B,True,,33,False,B,March,Saturday,Adult
222-02-0601,2024-08-04 15:35:00,C,Colquit,M,4,Two or More Races,C,True,,18,False,C,August,Sunday,Child
558-68-4555,2023-10-11 04:54:00,C,Pladen,M,61,Two or More Races,C,True,,36,False,C,October,Wednesday,Senior
317-55-6525,2023-01-08 15:50:00,C,Fogt,M,35,Two or More Races,C,True,,49,False,C,January,Sunday,Adult
337-32-9874,2024-03-15 17:55:00,C,Caccavella,M,26,Two or More Races,C,True,,57,False,C,March,Friday,Adult
546-92-5814,2023-09-16 11:02:00,D,Dewsnap,M,32,Two or More Races,D,True,,30,False,D,September,Saturday,Adult
240-32-0217,2023-01-10 18:53:00,D,Jayes,M,40,Two or More Races,D,True,,35,False,D,January,Tuesday,Adult
545-10-8265,2023-02-11 10:13:00,D,Flag,M,9,Two or More Races,D,True,,36,False,D,February,Saturday,Child
204-74-7032,2023-06-29 05:31:00,D,Mingardo,M,79,Two or More Races,D,True,,39,False,D,June,Thursday,Senior
206-56-8505,2024-06-06 10:54:00,E,Gummoe,M,9,Two or More Races,E,True,,21,False,E,June,Thursday,Child
157-74-0353,2023-05-16 20:08:00,E,Formie,M,31,Two or More Races,E,True,,23,True,E,May,Tuesday,Adult
465-33-5924,2023-08-14 00:32:00,E,Lavallin,M,2,Two or More Races,E,True,,24,False,E,August,Monday,Child
245-91-2609,2023-11-12 06:06:00,E,Snoddon,M,59,Two or More Races,E,True,,48,False,E,November,Sunday,Adult
867-51-9350,2024-07-13 23:38:00,E,Congdon,M,60,Two or More Races,E,True,,49,False,E,July,Saturday,Adult
189-34-0360,2024-04-22 08:23:00,E,Guyton,M,7,Two or More Races,E,True,,60,False,E,April,Monday,Child
490-32-7822,2023-07-06 15:13:00,F,Zucker,M,69,Two or More Races,F,True,,21,False,F,July,Thursday,Senior
736-88-1861,2024-08-15 20:01:00,F,Casperri,M,61,Two or More Races,F,True,,38,False,F,August,Thursday,Senior
858-67-1649,2023-08-13 03:39:00,F,Stansfield,M,65,Two or More Races,F,True,,44,False,F,August,Sunday,Senior
813-81-2517,2023-08-09 11:36:00,F,Glazebrook,M,3,Two or More Races,F,True,,47,False,F,August,Wednesday,Child
458-33-0984,2023-06-22 23:06:00,G,Le Port,M,35,Two or More Races,G,True,,22,False,G,June,Thursday,Adult
559-74-3492,2023-07-27 11:12:00,G,Tollow,M,68,Two or More Races,G,True,,25,False,G,July,Thursday,Senior
562-54-5073,2024-09-17 14:44:00,G,Macy,M,6,Two or More Races,G,True,,30,False,G,September,Tuesday,Child
126-82-7615,2023-05-30 09:04:00,G,Viggers,M,50,Two or More Races,G,True,,30,True,G,May,Tuesday,Adult
887-08-0888,2023-05-25 14:24:00,G,Brech,M,74,Two or More Races,G,True,,45,True,G,May,Thursday,Senior
659-65-1419,2024-03-23 05:46:00,G,Winkle,M,46,Two or More Races,G,True,,50,False,G,March,Saturday,Adult
191-43-9431,2024-01-05 14:15:00,G,Bain,M,5,Two or More Races,G,True,,52,False,G,January,Friday,Child
551-11-0556,2023-04-24 05:26:00,G,Rosenwasser,M,14,Two or More Races,G,True,,54,False,G,April,Monday,Teen
509-22-2744,2023-08-27 00:35:00,H,Audas,M,76,Two or More Races,H,True,,13,False,H,August,Sunday,Senior
884-09-2944,2024-01-27 02:24:00,H,Cotgrove,M,37,Two or More Races,H,True,,15,False,H,January,Saturday,Adult
240-21-3354,2023-10-20 03:38:00,H,Dimmne,M,18,Two or More Races,H,True,,28,False,H,October,Friday,Teen
120-25-2822,2023-04-26 12:06:00,H,Dael,M,15,Two or More Races,H,True,,32,False,H,April,Wednesday,Teen
404-47-0411,2024-10-15 23:32:00,H,Favey,M,73,Two or More Races,H,True,,40,False,H,October,Tuesday,Senior
569-17-1454,2023-12-04 08:39:00,H,Lopez,M,20,Two or More Races,H,True,,47,False,H,December,Monday,Adult
209-88-4916,2024-02-17 14:17:00,H,Bryer,M,20,Two or More Races,H,True,,51,False,H,February,Saturday,Adult
837-04-4032,2023-04-04 02:36:00,H,Scrimgeour,M,21,Two or More Races,H,True,,53,False,H,April,Tuesday,Adult
693-10-1328,2024-01-30 23:19:00,I,Baish,M,52,Two or More Races,I,True,,11,False,I,January,Tuesday,Adult
254-84-0202,2024-01-08 07:08:00,I,Liverseege,M,51,Two or More Races,I,True,,40,False,I,January,Monday,Adult
685-11-0667,2024-04-04 03:02:00,I,Lohden,M,10,Two or More Races,I,True,,41,False,I,April,Thursday,Child
327-82-9042,2024-03-21 21:01:00,I,Barribal,M,36,Two or More Races,I,True,,52,False,I,March,Thursday,Adult
723-91-2291,2023-07-28 04:39:00,J,Mikalski,M,1,Two or More Races,J,True,,15,False,J,July,Friday,Child
812-01-1280,2024-05-06 21:22:00,J,Gon,M,33,Two or More Races,J,True,,19,False,J,May,Monday,Adult
245-14-4691,2024-08-17 01:13:00,J,De Michele,M,63,Two or More Races,J,True,,41,False,J,August,Saturday,Senior
277-58-9258,2023-05-25 07:16:00,K,Slowly,M,39,Two or More Races,K,True,,29,True,K,May,Thursday,Adult
742-21-9416,2024-05-01 06:12:00,K,Scapelhorn,M,71,Two or More Races,K,True,,34,False,K,May,Wednesday,Senior
701-67-1487,2023-10-31 17:06:00,K,Patis,M,19,Two or More Races,K,True,,49,False,K,October,Tuesday,Adult
434-92-9569,2024-08-25 00:55:00,K,Creavan,M,51,Two or More Races,K,True,,58,False,K,August,Sunday,Adult
319-55-1295,2024-09-30 03:37:00,K,Fetters,M,75,Two or More Races,K,True,,59,False,K,September,Monday,Senior
251-46-0287,2023-09-17 20:43:00,L,Birtwistle,M,66,Two or More Races,L,True,,18,False,L,September,Sunday,Senior
188-08-8982,2024-08-15 13:57:00,L,Smitton,M,45,Two or More Races,L,True,,21,False,L,August,Thursday,Adult
855-28-4521,2024-09-15 16:48:00,L,Saltmarshe,M,12,Two or More Races,L,True,,26,False,L,September,Sunday,Child
310-24-6292,2023-09-23 11:44:00,L,Gatheridge,M,78,Two or More Races,L,True,,43,False,L,September,Saturday,Senior
487-45-9169,2023-06-10 13:41:00,L,Bartelet,M,42,Two or More Races,L,True,,46,False,L,June,Saturday,Adult
386-86-0028,2024-05-13 05:15:00,L,Rebeiro,M,71,Two or More Races,L,True,,47,False,L,May,Monday,Senior
518-92-6308,2024-09-07 10:42:00,L,Goodbarne,M,28,Two or More Races,L,True,,48,False,L,September,Saturday,Adult
546-70-9687,2023-05-26 09:27:00,L,Westnedge,M,50,Two or More Races,L,True,,52,True,L,May,Friday,Adult
186-18-2336,2024-04-15 14:20:00,L,Ryal,M,79,Two or More Races,L,True,,53,False,L,April,Monday,Senior
171-47-7261,2024-08-15 08:43:00,L,Sallows,M,78,Two or More Races,L,True,,55,False,L,August,Thursday,Senior
273-87-9584,2023-04-16 19:04:00,L,Storch,M,3,Two or More Races,L,True,,57,False,L,April,Sunday,Child
742-20-0489,2024-10-22 08:58:00,L,Ferry,M,56,Two or More Races,L,True,,59,False,L,October,Tuesday,Adult
684-78-3004,2024-06-20 10:26:00,M,Ablett,M,79,Two or More Races,M,True,,10,False,M,June,Thursday,Senior
273-13-6898,2024-02-20 23:57:00,M,Petrescu,M,33,Two or More Races,M,True,,13,False,M,February,Tuesday,Adult
450-75-0223,2024-08-17 11:35:00,M,Benmore,M,54,Two or More Races,M,True,,13,False,M,August,Saturday,Adult
437-85-8690,2024-05-06 05:24:00,M,Cyseley,M,40,Two or More Races,M,True,,19,False,M,May,Monday,Adult
357-43-3573,2024-04-04 03:09:00,M,Jenoure,M,34,Two or More Races,M,True,,22,False,M,April,Thursday,Adult
882-51-5189,2024-01-26 00:07:00,M,Lannin,M,79,Two or More Races,M,True,,26,False,M,January,Friday,Senior
230-57-4543,2023-04-27 20:50:00,M,Whittlesea,M,70,Two or More Races,M,True,,27,False,M,April,Thursday,Senior
296-77-3384,2023-08-18 01:33:00,M,Ferrarello,M,71,Two or More Races,M,True,,28,False,M,August,Friday,Senior
207-77-6544,2023-11-27 04:48:00,M,O'Dowgaine,M,70,Two or More Races,M,True,,33,False,M,November,Monday,Senior
894-55-1978,2023-06-06 03:20:00,M,Truwert,M,53,Two or More Races,M,True,,45,False,M,June,Tuesday,Adult
516-27-3906,2024-01-10 15:24:00,M,Stringman,M,43,Two or More Races,M,True,,48,False,M,January,Wednesday,Adult
759-53-1240,2023-06-07 04:33:00,M,Kayzer,M,57,Two or More Races,M,True,,56,False,M,June,Wednesday,Adult
167-62-7585,2023-06-12 20:05:00,M,Elflain,M,5,Two or More Races,M,True,,58,False,M,June,Monday,Child
102-73-6494,2024-01-13 22:49:00,M,Wogdon,M,65,Two or More Races,M,True,,59,False,M,January,Saturday,Senior
732-58-9090,2023-09-24 08:30:00,N,Halward,M,75,Two or More Races,N,True,,13,False,N,September,Sunday,Senior
669-83-2459,2023-11-07 06:00:00,N,Boddington,M,39,Two or More Races,N,True,,19,False,N,November,Tuesday,Adult
571-01-1479,2023-10-08 00:40:00,N,Smallman,M,21,Two or More Races,N,True,,21,False,N,October,Sunday,Adult
620-46-0049,2023-07-16 04:35:00,N,Bodleigh,M,79,Two or More Races,N,True,,34,False,N,July,Sunday,Senior
469-06-1176,2023-05-20 10:45:00,N,Olerenshaw,M,78,Two or More Races,N,True,,36,True,N,May,Saturday,Senior
899-55-1671,2024-01-26 11:33:00,N,Haslum,M,30,Two or More Races,N,True,,38,False,N,January,Friday,Adult
214-52-9500,2023-08-25 03:12:00,N,Starmer,M,42,Two or More Races,N,True,,41,False,N,August,Friday,Adult
157-29-3974,2023-10-17 06:19:00,N,Selliman,M,78,Two or More Races,N,True,,43,False,N,October,Tuesday,Senior
531-24-1621,2024-10-19 18:47:00,N,MacParlan,M,37,Two or More Races,N,True,,45,False,N,October,Saturday,Adult
765-03-1957,2024-03-27 22:23:00,N,Tabner,M,68,Two or More Races,N,True,,46,False,N,March,Wednesday,Senior
184-28-0688,2024-02-28 17:02:00,N,Hamlyn,M,21,Two or More Races,N,True,,55,False,N,February,Wednesday,Adult
421-11-4250,2024-05-20 05:18:00,O,Loren,M,53,Two or More Races,O,True,,23,False,O,May,Monday,Adult
424-26-5497,2024-05-29 06:35:00,O,McCrossan,M,30,Two or More Races,O,True,,48,False,O,May,Wednesday,Adult
458-85-7700,2024-06-04 01:15:00,O,Atkins,M,28,Two or More Races,O,True,,54,False,O,June,Tuesday,Adult
416-20-6906,2024-05-08 23:31:00,O,Sallarie,M,60,Two or More Races,O,True,,54,False,O,May,Wednesday,Adult
655-74-2551,2023-02-10 17:22:00,O,Fayne,M,56,Two or More Races,O,True,,57,False,O,February,Friday,Adult
690-33-5798,2023-04-05 08:11:00,P,Fernier,M,3,Two or More Races,P,True,,31,True,P,April,Wednesday,Child
111-82-4863,2024-02-26 11:02:00,P,Hackinge,M,38,Two or More Races,P,True,,36,False,P,February,Monday,Adult
602-01-2917,2023-12-24 09:12:00,P,Colby,M,4,Two or More Races,P,True,,41,False,P,December,Sunday,Child
133-97-5806,2023-05-18 03:28:00,P,Royall,M,60,Two or More Races,P,True,,41,True,P,May,Thursday,Adult
536-63-0892,2024-02-19 00:32:00,P,Lisamore,M,22,Two or More Races,P,True,,46,False,P,February,Monday,Adult
845-50-2469,2023-06-12 00:22:00,P,Lancetter,M,55,Two or More Races,P,True,,47,False,P,June,Monday,Adult
117-05-8303,2024-02-15 00:50:00,P,Fidele,M,45,Two or More Races,P,True,,50,False,P,February,Thursday,Adult
101-63-3628,2023-07-29 09:48:00,P,Quest,M,38,Two or More Races,P,True,,53,False,P,July,Saturday,Adult
640-43-6147,2023-01-07 02:35:00,P,Merwood,M,10,Two or More Races,P,True,,59,False,P,January,Saturday,Child
761-86-9283,2023-10-23 08:05:00,P,Boyan,M,53,Two or More Races,P,True,,59,False,P,October,Monday,Adult
599-32-7694,2024-04-30 19:40:00,Q,Boothroyd,M,9,Two or More Races,Q,True,,21,False,Q,April,Tuesday,Child
488-91-3513,2023-12-25 15:42:00,Q,Duffill,M,1,Two or More Races,Q,True,,29,False,Q,December,Monday,Child
519-80-5152,2023-07-08 00:28:00,Q,Petts,M,29,Two or More Races,Q,True,,33,False,Q,July,Saturday,Adult
381-42-5162,2023-01-06 09:34:00,Q,Wones,M,3,Two or More Races,Q,True,,43,False,Q,January,Friday,Child
297-23-3279,2023-06-04 18:26:00,Q,Glazer,M,63,Two or More Races,Q,True,,44,False,Q,June,Sunday,Senior
185-53-6571,2023-05-13 07:26:00,Q,McGuigan,M,24,Two or More Races,Q,True,,48,True,Q,May,Saturday,Adult
147-93-3011,2024-07-02 22:43:00,Q,Griffith,M,47,Two or More Races,Q,True,,53,False,Q,July,Tuesday,Adult
562-21-4757,2023-12-24 13:53:00,R,Cubbino,M,42,Two or More Races,R,True,,23,False,R,December,Sunday,Adult
631-71-2348,2023-09-28 07:13:00,R,Fitzjohn,M,8,Two or More Races,R,True,,33,False,R,September,Thursday,Child
875-72-5720,2023-11-22 16:07:00,R,Diglin,M,71,Two or More Races,R,True,,33,False,R,November,Wednesday,Senior
629-65-4881,2024-01-05 03:01:00,R,Vecard,M,20,Two or More Races,R,True,,38,False,R,January,Friday,Adult
850-22-3610,2023-08-13 22:04:00,R,Brandassi,M,53,Two or More Races,R,True,,43,False,R,August,Sunday,Adult
562-91-4704,2024-05-22 07:50:00,R,Greenslade,M,44,Two or More Races,R,True,,45,False,R,May,Wednesday,Adult
182-39-2715,2023-06-24 02:03:00,R,Omrod,M,23,Two or More Races,R,True,,57,False,R,June,Saturday,Adult
444-26-8586,2023-06-21 22:13:00,S,Wilby,M,42,Two or More Races,S,True,,13,False,S,June,Wednesday,Adult
192-70-2490,2024-07-18 08:12:00,S,Bronot,M,66,Two or More Races,S,True,,28,False,S,July,Thursday,Senior
357-94-8253,2024-07-03 18:28:00,S,Issard,M,19,Two or More Races,S,True,,47,False,S,July,Wednesday,Adult
544-11-1795,2024-09-15 20:21:00,S,Forge,M,7,Two or More Races,S,True,,52,False,S,September,Sunday,Child
231-15-8623,2023-12-21 16:09:00,T,Edgerton,M,40,Two or More Races,T,True,,12,False,T,December,Thursday,Adult
404-80-3404,2023-12-24 05:53:00,T,Avramchik,M,28,Two or More Races,T,True,,16,False,T,December,Sunday,Adult
790-73-7064,2024-08-06 04:56:00,T,Northway,M,41,Two or More Races,T,True,,22,False,T,August,Tuesday,Adult
592-72-5027,2024-08-27 00:58:00,T,Hardison,M,8,Two or More Races,T,True,,36,False,T,August,Tuesday,Child
397-02-1176,2023-11-19 21:39:00,T,Scamal,M,34,Two or More Races,T,True,,39,False,T,November,Sunday,Adult
259-48-1976,2024-01-02 09:47:00,T,Collis,M,64,Two or More Races,T,True,,47,False,T,January,Tuesday,Senior
470-74-4865,2024-01-06 07:47:00,T,Leyborne,M,9,Two or More Races,T,True,,54,False,T,January,Saturday,Child
467-53-4353,2024-02-19 23:48:00,T,Reucastle,M,55,Two or More Races,T,True,,55,False,T,February,Monday,Adult
602-75-0217,2023-09-14 19:01:00,U,Palek,M,72,Two or More Races,U,True,,28,False,U,September,Thursday,Senior
677-98-5643,2024-02-20 21:08:00,U,Ridings,M,71,Two or More Races,U,True,,38,False,U,February,Tuesday,Senior
856-72-6362,2024-06-14 22:48:00,U,Wartnaby,M,23,Two or More Races,U,True,,52,False,U,June,Friday,Adult
131-03-6212,2023-05-13 01:14:00,U,Banfield,M,73,Two or More Races,U,True,,59,True,U,May,Saturday,Senior
504-25-5424,2023-01-12 11:05:00,V,Aslum,M,24,Two or More Races,V,True,,14,False,V,January,Thursday,Adult
578-08-6528,2024-01-05 14:14:00,V,McGeown,M,32,Two or More Races,V,True,,14,False,V,January,Friday,Adult
498-62-7428,2024-04-04 05:33:00,V,Cutts,M,15,Two or More Races,V,True,,17,False,V,April,Thursday,Teen
509-56-3417,2024-10-26 21:45:00,V,Kirlin,M,18,Two or More Races,V,True,,26,False,V,October,Saturday,Teen
707-77-5889,2024-06-27 16:00:00,V,Losbie,M,12,Two or More Races,V,True,,30,False,V,June,Thursday,Child
176-55-4577,2024-02-26 03:54:00,V,Marjanski,M,34,Two or More Races,V,True,,41,False,V,February,Monday,Adult
791-36-7512,2024-01-22 13:02:00,V,Piddle,M,8,Two or More Races,V,True,,45,False,V,January,Monday,Child
336-06-4838,2024-01-21 21:20:00,W,Chaster,M,53,Two or More Races,W,True,,11,False,W,January,Sunday,Adult
170-64-9353,2023-07-04 22:13:00,W,Emanueli,M,9,Two or More Races,W,True,,29,False,W,July,Tuesday,Child
468-13-6713,2023-02-10 07:30:00,W,Cancutt,M,21,Two or More Races,W,True,,29,False,W,February,Friday,Adult
562-75-0518,2024-04-28 13:58:00,W,Dibdale,M,32,Two or More Races,W,True,,43,False,W,April,Sunday,Adult
342-06-3290,2024-06-23 18:41:00,W,Llywarch,M,52,Two or More Races,W,True,,46,False,W,June,Sunday,Adult
408-77-1580,2024-10-22 01:57:00,W,Ghost,M,64,Two or More Races,W,True,,51,False,W,October,Tuesday,Senior
459-94-5715,2024-05-16 00:42:00,W,Lammerts,M,5,Two or More Races,W,True,,55,False,W,May,Thursday,Child
548-19-1868,2024-09-20 14:54:00,W,Layfield,M,29,Two or More Races,W,True,,60,False,W,September,Friday,Adult
616-28-2836,2023-06-07 17:13:00,X,Griffey,M,9,Two or More Races,X,True,,29,False,X,June,Wednesday,Child
681-47-7161,2023-12-12 19:41:00,X,Fenner,M,30,Two or More Races,X,True,,32,False,X,December,Tuesday,Adult
824-26-8292,2024-08-18 03:43:00,X,O' Connell,M,63,Two or More Races,X,True,,36,False,X,August,Sunday,Senior
832-02-4384,2024-11-05 22:25:00,X,Thwaite,M,56,Two or More Races,X,True,,51,False,X,November,Tuesday,Adult
504-24-1823,2023-09-19 16:50:00,X,Delafoy,M,1,Two or More Races,X,True,,53,False,X,September,Tuesday,Child
647-60-5836,2024-05-29 03:38:00,X,Darkott,M,17,Two or More Races,X,True,,53,False,X,May,Wednesday,Teen
693-68-8151,2023-08-25 07:50:00,Y,Tuffley,M,15,Two or More Races,Y,True,,18,False,Y,August,Friday,Teen
580-96-5293,2023-06-25 23:10:00,Y,Kenford,M,19,Two or More Races,Y,True,,21,False,Y,June,Sunday,Adult
121-21-5456,2023-06-28 13:22:00,Y,Starzaker,M,11,Two or More Races,Y,True,,22,False,Y,June,Wednesday,Child
242-22-7019,2023-06-17 00:51:00,Y,Lafayette,M,20,Two or More Races,Y,True,,25,False,Y,June,Saturday,Adult
818-21-7805,2024-05-09 16:41:00,Y,Lees,M,36,Two or More Races,Y,True,,30,False,Y,May,Thursday,Adult
218-25-1042,2023-02-10 18:53:00,Y,Brazener,M,77,Two or More Races,Y,True,,36,False,Y,February,Friday,Senior
553-72-9772,2024-07-28 19:07:00,Y,Jasik,M,22,Two or More Races,Y,True,,37,False,Y,July,Sunday,Adult
350-23-6043,2023-01-06 21:12:00,Y,Truss,M,18,Two or More Races,Y,True,,39,False,Y,January,Friday,Teen
435-97-4500,2024-02-21 02:32:00,Y,De Cruze,M,6,Two or More Races,Y,True,,48,False,Y,February,Wednesday,Child
469-17-6711,2023-05-30 05:46:00,Y,Spurr,M,33,Two or More Races,Y,True,,51,True,Y,May,Tuesday,Adult
380-20-7996,2024-02-03 22:19:00,Y,Wilcocke,M,62,Two or More Races,Y,True,,51,False,Y,February,Saturday,Senior
246-04-5446,2024-05-31 05:39:00,Z,Cabrera,M,16,Two or More Races,Z,True,,16,False,Z,May,Friday,Teen
176-04-1535,2023-11-07 17:35:00,Z,Ketcher,M,18,Two or More Races,Z,True,,45,False,Z,November,Tuesday,Teen
555-84-6544,2024-02-24 10:32:00,B,Akett,M,71,Two or More Races,B,True,0.0,53,False,B,February,Saturday,Senior
457-33-9645,2024-06-13 09:06:00,K,Paliser,M,11,Two or More Races,K,True,0.0,21,False,K,June,Thursday,Child
530-09-7689,2024-05-29 23:07:00,K,Osichev,M,24,Two or More Races,K,True,0.0,40,False,K,May,Wednesday,Adult
174-30-4861,2024-08-29 04:19:00,L,Pischel,M,45,Two or More Races,L,True,0.0,11,False,L,August,Thursday,Adult
617-12-0398,2024-07-23 06:59:00,O,Malthouse,M,16,Two or More Races,O,True,0.0,60,False,O,July,Tuesday,Teen
163-42-7259,2024-06-10 02:51:00,S,Jaimez,M,76,Two or More Races,S,True,0.0,27,False,S,June,Monday,Senior
187-97-2013,2024-10-07 06:10:00,T,Gerault,M,65,Two or More Races,T,True,0.0,47,False,T,October,Monday,Senior
431-43-7748,2024-09-23 04:42:00,B,Slocket,M,31,Two or More Races,B,True,1.0,47,False,B,September,Monday,Adult
171-54-6595,2024-06-04 14:11:00,D,Dragon,M,77,Two or More Races,D,True,1.0,39,False,D,June,Tuesday,Senior
856-41-7474,2024-04-29 05:44:00,G,Olivas,M,51,Two or More Races,G,True,1.0,56,False,G,April,Monday,Adult
790-80-4467,2023-04-20 02:29:00,J,Kingsnoad,M,6,Two or More Races,J,True,1.0,26,False,J,April,Thursday,Child
680-09-8962,2024-01-20 00:38:00,O,Stribling,M,13,Two or More Races,O,True,1.0,60,False,O,January,Saturday,Teen
431-94-9771,2024-09-21 21:29:00,P,McKnish,M,54,Two or More Races,P,True,1.0,26,False,P,September,Saturday,Adult
781-05-2472,2023-10-15 21:18:00,Q,Baird,M,32,Two or More Races,Q,True,1.0,41,False,Q,October,Sunday,Adult
514-54-2083,2024-12-03 08:48:00,U,Pelerin,M,4,Two or More Races,U,True,1.0,53,False,U,December,Tuesday,Child
539-78-6123,2024-06-25 10:03:00,H,Swine,M,72,Two or More Races,H,True,2.0,52,False,H,June,Tuesday,Senior
674-56-8811,2023-02-05 13:26:00,P,Predohl,M,55,Two or More Races,P,True,2.0,55,True,P,February,Sunday,Adult
150-50-7478,2023-11-24 02:51:00,B,Garth,M,59,Two or More Races,B,True,3.0,33,False,B,November,Friday,Adult
715-04-2060,2023-10-29 16:14:00,C,Ogborn,M,3,Two or More Races,C,True,3.0,30,False,C,October,Sunday,Child
492-48-0459,2023-04-16 00:48:00,D,Brandom,M,12,Two or More Races,D,True,3.0,15,False,D,April,Sunday,Child
402-78-2438,2023-05-23 11:46:00,G,Doubleday,M,67,Two or More Races,G,True,3.0,15,True,G,May,Tuesday,Senior
425-15-8705,2023-06-24 02:24:00,H,Van de Velde,M,47,Two or More Races,H,True,3.0,51,False,H,June,Saturday,Adult
496-65-4747,2024-03-25 07:49:00,U,Cowin,M,78,Two or More Races,U,True,3.0,15,False,U,March,Monday,Senior
758-16-8254,2024-09-14 14:43:00,G,Angove,M,5,Two or More Races,G,True,4.0,44,False,G,September,Saturday,Child
861-79-7549,2024-07-14 12:51:00,H,MacHarg,M,71,Two or More Races,H,True,4.0,58,False,H,July,Sunday,Senior
630-69-5811,2023-05-23 21:13:00,I,Drewett,M,25,Two or More Races,I,True,4.0,24,True,I,May,Tuesday,Adult
724-10-8138,2023-10-29 04:25:00,N,Waple,M,45,Two or More Races,N,True,4.0,50,False,N,October,Sunday,Adult
112-60-3884,2024-08-27 19:53:00,X,Kelledy,M,57,Two or More Races,X,True,4.0,50,False,X,August,Tuesday,Adult
296-05-6177,2023-05-06 00:27:00,H,Aylesbury,M,11,Two or More Races,H,True,5.0,36,False,H,May,Saturday,Child
806-35-1624,2024-03-02 03:22:00,K,Thickins,M,18,Two or More Races,K,True,5.0,23,False,K,March,Saturday,Teen
683-75-7436,2023-10-26 23:20:00,Q,Zavattero,M,73,Two or More Races,Q,True,5.0,53,False,Q,October,Thursday,Senior
793-82-0278,2024-05-22 22:46:00,T,Kettle,M,76,Two or More Races,T,True,5.0,40,False,T,May,Wednesday,Senior
543-31-9504,2024-01-21 13:11:00,X,Gleeton,M,69,Two or More Races,X,True,5.0,15,False,X,January,Sunday,Senior
571-28-4395,2024-07-03 22:02:00,Z,Twatt,M,44,Two or More Races,Z,True,5.0,29,False,Z,July,Wednesday,Adult
251-44-9574,2024-08-15 22:13:00,E,Sprake,M,44,Two or More Races,E,True,6.0,33,False,E,August,Thursday,Adult
776-02-2598,2024-09-30 16:57:00,E,Ogle,M,42,Two or More Races,E,True,6.0,41,False,E,September,Monday,Adult
754-49-7731,2024-01-17 06:16:00,H,Tonbridge,M,32,Two or More Races,H,True,6.0,28,False,H,January,Wednesday,Adult
512-19-6052,2023-09-17 17:21:00,H,Penrith,M,2,Two or More Races,H,True,6.0,55,False,H,September,Sunday,Child
818-40-2922,2023-11-15 12:11:00,P,Queen,M,20,Two or More Races,P,True,6.0,31,False,P,November,Wednesday,Adult
460-51-5878,2024-05-14 13:25:00,B,Gilchrest,M,58,Two or More Races,B,True,7.0,10,False,B,May,Tuesday,Adult
493-10-1682,2024-01-02 16:41:00,M,Akroyd,M,15,Two or More Races,M,True,7.0,37,False,M,January,Tuesday,Teen
422-64-5062,2023-12-15 14:46:00,T,Deveraux,M,71,Two or More Races,T,True,7.0,15,False,T,December,Friday,Senior
830-19-4776,2023-07-13 23:05:00,U,Spray,M,77,Two or More Races,U,True,7.0,29,False,U,July,Thursday,Senior
857-69-5508,2023-04-08 01:24:00,Z,Tiffney,M,15,Two or More Races,Z,True,7.0,55,False,Z,April,Saturday,Teen
476-55-5109,2024-06-01 08:25:00,Z,Broxholme,M,28,Two or More Races,Z,True,7.0,60,False,Z,June,Saturday,Adult
757-23-1659,2024-10-01 15:24:00,E,Orpwood,M,17,Two or More Races,E,True,8.0,47,False,E,October,Tuesday,Teen
880-55-7692,2024-03-29 16:19:00,J,Plumm,M,52,Two or More Races,J,True,8.0,17,False,J,March,Friday,Adult
104-76-6945,2024-07-07 06:32:00,O,Brigden,M,56,Two or More Races,O,True,8.0,13,False,O,July,Sunday,Adult
419-53-5282,2023-10-04 04:38:00,R,Philippon,M,52,Two or More Races,R,True,9.0,30,False,R,October,Wednesday,Adult
283-50-3153,2023-06-26 15:44:00,G,Di Claudio,M,39,Two or More Races,G,True,10.0,36,False,G,June,Monday,Adult
741-46-3329,2024-03-19 03:28:00,J,Knolles-Green,M,18,Two or More Races,J,True,10.0,47,False,J,March,Tuesday,Teen
507-87-0166,2024-03-22 17:03:00,T,Plevin,M,2,Two or More Races,T,True,10.0,14,False,T,March,Friday,Child
715-73-6259,2024-04-02 07:00:00,A,Mc Gorley,M,24,Two or More Races,A,True,,30,False,A,April,Tuesday,Adult
536-83-0771,2023-10-08 13:08:00,D,Antley,M,16,Two or More Races,D,True,,55,False,D,October,Sunday,Teen
176-93-9459,2023-05-05 13:59:00,E,Portugal,M,54,Two or More Races,E,True,,29,True,E,May,Friday,Adult
705-06-3874,2024-08-26 18:23:00,F,Schurcke,M,79,Two or More Races,F,True,,18,False,F,August,Monday,Senior
848-51-5434,2024-01-14 11:35:00,F,Skilton,M,62,Two or More Races,F,True,,50,False,F,January,Sunday,Senior
152-67-4247,2023-10-25 18:24:00,G,Domenichelli,M,15,Two or More Races,G,True,,19,False,G,October,Wednesday,Teen
871-56-7981,2023-12-04 23:13:00,H,Landy,M,33,Two or More Races,H,True,,43,False,H,December,Monday,Adult
594-57-8538,2023-11-17 15:45:00,J,Daynter,M,36,Two or More Races,J,True,,30,False,J,November,Friday,Adult
644-37-7174,2024-08-08 01:32:00,K,Hornig,M,25,Two or More Races,K,True,,44,False,K,August,Thursday,Adult
776-13-4447,2024-07-30 23:13:00,M,Curness,M,16,Two or More Races,M,True,,33,False,M,July,Tuesday,Teen
389-53-3260,2024-10-02 10:19:00,N,Dudliston,M,76,Two or More Races,N,True,,34,False,N,October,Wednesday,Senior
542-46-7781,2023-06-26 13:04:00,P,Pringour,M,66,Two or More Races,P,True,,19,False,P,June,Monday,Senior
257-30-3026,2023-06-30 02:59:00,Q,Bonaire,M,62,Two or More Races,Q,True,,47,False,Q,June,Friday,Senior
427-28-6383,2024-12-05 07:12:00,S,Gallafant,M,73,Two or More Races,S,True,,15,False,S,December,Thursday,Senior
672-75-7086,2024-07-01 11:35:00,S,McCaughan,M,55,Two or More Races,S,True,,56,False,S,July,Monday,Adult
433-77-2388,2024-03-03 02:03:00,T,Robottom,M,1,Two or More Races,T,True,,30,False,T,March,Sunday,Child
319-25-3554,2023-09-19 21:04:00,T,Baelde,M,38,Two or More Races,T,True,,60,False,T,September,Tuesday,Adult
849-30-0675,2024-08-21 04:20:00,U,Fitzsimon,M,35,Two or More Races,U,True,,15,False,U,August,Wednesday,Adult
488-61-3428,2024-08-01 14:12:00,U,Yegorchenkov,M,73,Two or More Races,U,True,,38,False,U,August,Thursday,Senior
161-62-6037,2023-06-09 18:40:00,V,Nyles,M,38,Two or More Races,V,True,,48,False,V,June,Friday,Adult
204-94-7733,2023-11-04 22:55:00,V,Newband,M,50,Two or More Races,V,True,,51,False,V,November,Saturday,Adult
372-50-6699,2024-02-27 16:24:00,X,Lutas,M,41,Two or More Races,X,True,,48,False,X,February,Tuesday,Adult
209-23-9967,2023-04-05 16:37:00,P,Yoslowitz,M,66,Two or More Races,P,True,0.0,16,True,P,April,Wednesday,Senior
652-27-0238,2023-06-09 22:49:00,A,Filisov,M,64,Two or More Races,A,True,2.0,35,False,A,June,Friday,Senior
163-72-8040,2023-10-18 11:09:00,V,Blueman,M,54,Two or More Races,V,True,3.0,47,False,V,October,Wednesday,Adult
531-98-0661,2023-04-07 15:59:00,A,Punt,M,52,Two or More Races,A,True,4.0,13,False,A,April,Friday,Adult
886-10-5724,2023-10-13 05:58:00,O,Wittering,M,13,Two or More Races,O,True,4.0,24,False,O,October,Friday,Teen
439-17-0103,2023-04-14 01:26:00,F,Cuseick,M,78,Two or More Races,F,True,6.0,10,False,F,April,Friday,Senior
722-78-9494,2024-04-05 23:27:00,S,Blackstone,M,51,Two or More Races,S,True,6.0,60,False,S,April,Friday,Adult
480-93-4605,2024-07-04 23:08:00,T,Monro,M,24,Two or More Races,T,True,7.0,44,False,T,July,Thursday,Adult
492-80-1890,2023-10-16 20:04:00,N,O'Teague,M,47,Two or More Races,N,True,8.0,15,False,N,October,Monday,Adult
896-38-1209,2024-03-20 18:30:00,C,Killiner,M,10,Two or More Races,C,True,9.0,20,False,C,March,Wednesday,Child
399-06-7105,2023-09-28 19:09:00,G,Merrigans,M,73,Two or More Races,G,True,,44,False,G,September,Thursday,Senior
110-19-5907,2024-07-01 02:56:00,M,Lorentzen,M,7,Two or More Races,M,True,,46,False,M,July,Monday,Child
433-06-4961,2023-07-19 23:32:00,R,Grigorian,M,30,Two or More Races,R,True,,32,False,R,July,Wednesday,Adult
547-05-3726,2023-04-06 03:07:00,V,Oakden,M,14,Two or More Races,V,True,,43,False,V,April,Thursday,Teen
460-31-7684,2024-06-17 08:09:00,X,Stoffers,M,73,Two or More Races,X,True,,29,False,X,June,Monday,Senior
111-36-1435,2024-04-15 12:27:00,V,Giorgietto,M,6,Two or More Races,V,True,4.0,41,False,V,April,Monday,Child
877-36-0019,2024-04-29 18:23:00,W,Onions,M,41,Two or More Races,W,True,4.0,49,False,W,April,Monday,Adult
866-31-3592,2024-07-27 12:53:00,T,Colegate,M,19,Two or More Races,T,True,7.0,16,False,T,July,Saturday,Adult
625-05-0578,2023-07-29 21:54:00,O,McAree,M,63,Two or More Races,O,True,9.0,27,False,O,July,Saturday,Senior
496-05-7135,2024-02-20 20:36:00,Q,Trayte,M,19,Two or More Races,Q,True,,24,False,Q,February,Tuesday,Adult
618-42-5655,2023-10-22 04:45:00,N,Guisby,M,37,Two or More Races,N,True,4.0,19,False,N,October,Sunday,Adult
138-04-7377,2024-09-03 03:07:00,A,O'Dyvoy,M,61,White,A,True,,45,False,A,September,Tuesday,Senior
195-51-1109,2024-06-30 18:39:00,D,Earpe,M,63,White,D,True,,60,False,D,June,Sunday,Senior
860-46-7659,2023-07-24 08:47:00,J,Keeves,M,56,White,J,True,,37,False,J,July,Monday,Adult
176-32-3686,2023-08-04 21:43:00,N,Brimson,M,26,White,N,True,,10,False,N,August,Friday,Adult
782-62-9612,2023-11-17 06:39:00,S,Frankcom,M,51,White,S,True,,26,False,S,November,Friday,Adult
353-25-3957,2024-01-01 23:01:00,S,Levermore,M,19,White,S,True,,34,False,S,January,Monday,Adult
614-43-7853,2024-10-04 19:34:00,Y,Siggin,M,34,White,Y,True,,41,False,Y,October,Friday,Adult
214-94-6329,2023-11-21 13:59:00,K,Le feuvre,M,27,White,K,True,0.0,58,False,K,November,Tuesday,Adult
380-61-4131,2023-09-22 19:11:00,F,Alishoner,M,64,White,F,True,1.0,14,False,F,September,Friday,Senior
773-71-6564,2023-06-07 23:07:00,M,Imorts,M,79,White,M,True,4.0,32,False,M,June,Wednesday,Senior
405-19-7318,2023-05-19 14:01:00,K,Jandl,M,53,White,K,True,6.0,35,True,K,May,Friday,Adult
328-12-4206,2024-01-10 15:44:00,K,Bexon,M,1,White,K,True,7.0,11,False,K,January,Wednesday,Child
572-35-3820,2024-07-22 18:15:00,L,Ferran,M,42,White,L,True,7.0,41,False,L,July,Monday,Adult
193-43-6202,2023-06-04 02:00:00,D,Jon,M,79,White,D,True,,13,False,D,June,Sunday,Senior
290-84-6074,2024-10-17 02:38:00,H,Parradice,M,79,White,H,True,,50,False,H,October,Thursday,Senior
228-33-1858,2024-06-25 18:20:00,K,Sharrier,M,46,White,K,True,,60,False,K,June,Tuesday,Adult
476-98-6877,2023-11-16 10:13:00,L,Gonsalvo,M,20,White,L,True,,32,False,L,November,Thursday,Adult
791-80-0710,2023-08-08 22:39:00,P,Ailward,M,24,White,P,True,,49,False,P,August,Tuesday,Adult
232-46-5874,2024-01-03 10:15:00,X,Wilse,M,39,White,X,True,,37,False,X,January,Wednesday,Adult
472-84-3017,2024-05-27 00:33:00,Y,Pistol,M,18,White,Y,True,,45,False,Y,May,Monday,Teen
156-79-3301,2024-09-14 18:45:00,I,Leadbitter,M,33,White,I,True,1.0,14,False,I,September,Saturday,Adult
393-93-3535,2023-12-25 16:28:00,G,Rechert,M,38,White,G,True,6.0,56,False,G,December,Monday,Adult
688-25-2615,2024-12-09 10:47:00,A,Birbeck,M,44,White,A,True,,33,False,A,December,Monday,Adult
820-83-9876,2024-10-03 22:11:00,A,Castelyn,M,62,White,A,True,,33,False,A,October,Thursday,Senior
884-57-5845,2024-02-28 10:41:00,A,Milner,M,8,White,A,True,,39,False,A,February,Wednesday,Child
442-19-3458,2023-10-25 08:45:00,B,Passman,M,26,White,B,True,,16,False,B,October,Wednesday,Adult
679-06-4862,2023-09-07 10:33:00,B,Meas,M,39,White,B,True,,58,False,B,September,Thursday,Adult
871-63-8322,2024-12-09 21:12:00,C,Lawlie,M,74,White,C,True,,10,False,C,December,Monday,Senior
192-73-1375,2024-04-19 15:15:00,C,Barensen,M,32,White,C,True,,15,False,C,April,Friday,Adult
480-83-8725,2024-12-01 18:01:00,C,Colleck,M,1,White,C,True,,25,False,C,December,Sunday,Child
710-62-3265,2023-06-18 12:46:00,C,Alenikov,M,48,White,C,True,,26,False,C,June,Sunday,Adult
873-71-0439,2024-02-14 04:32:00,C,Littefair,M,1,White,C,True,,54,False,C,February,Wednesday,Child
454-11-9188,2024-06-17 10:22:00,D,Ballin,M,73,White,D,True,,24,False,D,June,Monday,Senior
737-43-6461,2024-04-03 01:40:00,D,McRuvie,M,19,White,D,True,,39,False,D,April,Wednesday,Adult
744-75-4100,2024-05-07 02:15:00,E,Brumbie,M,25,White,E,True,,11,False,E,May,Tuesday,Adult
730-17-0598,2024-06-19 11:20:00,E,Janas,M,15,White,E,True,,12,False,E,June,Wednesday,Teen
789-85-5518,2024-07-20 08:32:00,E,McLagan,M,56,White,E,True,,14,False,E,July,Saturday,Adult
562-52-4808,2024-08-24 02:08:00,E,Ranfield,M,54,White,E,True,,21,False,E,August,Saturday,Adult
585-41-4703,2024-01-31 10:37:00,E,Videan,M,58,White,E,True,,25,False,E,January,Wednesday,Adult
506-64-0596,2024-12-07 02:58:00,F,Mussen,M,18,White,F,True,,48,False,F,December,Saturday,Teen
625-63-4515,2023-12-21 20:26:00,F,Merriment,M,57,White,F,True,,52,False,F,December,Thursday,Adult
455-48-1591,2024-06-03 23:27:00,G,Adolfsen,M,78,White,G,True,,10,False,G,June,Monday,Senior
834-85-5897,2023-12-19 18:15:00,G,Jindracek,M,38,White,G,True,,20,False,G,December,Tuesday,Adult
759-80-0475,2024-11-05 21:50:00,G,Gould,M,51,White,G,True,,27,False,G,November,Tuesday,Adult
234-08-8186,2024-04-30 22:57:00,G,Gillaspy,M,14,White,G,True,,32,False,G,April,Tuesday,Teen
725-56-0226,2024-01-17 09:51:00,G,Zielinski,M,47,White,G,True,,35,False,G,January,Wednesday,Adult
605-04-8828,2024-04-04 21:48:00,G,Doole,M,41,White,G,True,,38,False,G,April,Thursday,Adult
639-36-5043,2023-08-04 12:04:00,H,Rayne,M,68,White,H,True,,22,False,H,August,Friday,Senior
138-52-2171,2024-03-28 12:57:00,H,Banger,M,77,White,H,True,,31,False,H,March,Thursday,Senior
293-76-2040,2024-11-04 01:26:00,I,Samet,M,26,White,I,True,,22,False,I,November,Monday,Adult
248-98-7235,2023-08-23 16:41:00,J,Shaplin,M,21,White,J,True,,15,False,J,August,Wednesday,Adult
496-05-4044,2024-03-21 13:43:00,J,Sneesbie,M,64,White,J,True,,23,False,J,March,Thursday,Senior
811-13-0849,2023-05-29 08:00:00,J,Hover,M,1,White,J,True,,25,True,J,May,Monday,Child
335-09-3012,2024-04-28 18:22:00,J,Gidney,M,56,White,J,True,,53,False,J,April,Sunday,Adult
427-80-9934,2023-10-13 12:27:00,J,Howcroft,M,50,White,J,True,,58,False,J,October,Friday,Adult
844-39-7915,2024-11-04 05:42:00,K,Tilford,M,71,White,K,True,,39,False,K,November,Monday,Senior
496-11-6286,2023-07-20 16:29:00,L,Ravel,M,15,White,L,True,,34,False,L,July,Thursday,Teen
571-85-3714,2024-09-09 00:14:00,M,Semerad,M,75,White,M,True,,16,False,M,September,Monday,Senior
533-29-8111,2023-04-18 23:12:00,M,Nassie,M,26,White,M,True,,29,False,M,April,Tuesday,Adult
893-31-0684,2024-07-26 16:31:00,M,Birney,M,27,White,M,True,,48,False,M,July,Friday,Adult
413-75-7208,2023-02-06 20:09:00,N,Dumelow,M,21,White,N,True,,36,False,N,February,Monday,Adult
712-44-5959,2023-11-09 21:15:00,N,Reichert,M,5,White,N,True,,41,False,N,November,Thursday,Child
659-98-9321,2024-01-09 23:34:00,N,Alwin,M,11,White,N,True,,47,False,N,January,Tuesday,Child
177-46-1546,2023-10-25 22:08:00,N,Phippen,M,44,White,N,True,,50,False,N,October,Wednesday,Adult
785-28-4887,2023-04-25 23:01:00,O,Bolt,M,40,White,O,True,,12,False,O,April,Tuesday,Adult
104-94-3544,2023-08-25 18:43:00,O,Risman,M,18,White,O,True,,47,False,O,August,Friday,Teen
548-40-3880,2024-02-09 20:36:00,O,Antos,M,45,White,O,True,,53,False,O,February,Friday,Adult
641-33-6740,2024-01-21 16:52:00,P,Goch,M,54,White,P,True,,15,False,P,January,Sunday,Adult
727-93-0292,2024-07-04 00:32:00,P,Grigg,M,74,White,P,True,,32,False,P,July,Thursday,Senior
699-89-5729,2024-07-31 19:34:00,P,Cardnell,M,62,White,P,True,,40,False,P,July,Wednesday,Senior
201-34-0312,2023-03-08 00:37:00,P,Dugdale,M,34,White,P,True,,49,False,P,March,Wednesday,Adult
252-57-4638,2023-08-08 03:50:00,P,Wanka,M,41,White,P,True,,54,False,P,August,Tuesday,Adult
618-82-3874,2024-09-16 03:12:00,P,Doley,M,31,White,P,True,,57,False,P,September,Monday,Adult
661-74-3185,2023-09-22 18:46:00,Q,Steljes,M,75,White,Q,True,,14,False,Q,September,Friday,Senior
509-72-7679,2024-06-16 07:48:00,Q,Barras,M,16,White,Q,True,,17,False,Q,June,Sunday,Teen
763-23-4635,2024-05-04 18:13:00,Q,Occleshaw,M,5,White,Q,True,,19,False,Q,May,Saturday,Child
435-27-7132,2023-05-22 00:55:00,Q,Gonthier,M,61,White,Q,True,,30,True,Q,May,Monday,Senior
625-57-1785,2023-07-12 13:36:00,Q,Surby,M,26,White,Q,True,,40,False,Q,July,Wednesday,Adult
707-25-6349,2023-05-17 00:37:00,Q,Corre,M,40,White,Q,True,,49,True,Q,May,Wednesday,Adult
693-28-8846,2023-04-30 08:43:00,Q,Ragsdall,M,63,White,Q,True,,53,False,Q,April,Sunday,Senior
660-87-6404,2024-11-02 18:11:00,R,Nortcliffe,M,33,White,R,True,,24,False,R,November,Saturday,Adult
227-50-8036,2024-01-09 16:58:00,R,McAne,M,58,White,R,True,,56,False,R,January,Tuesday,Adult
853-54-6536,2023-03-06 05:32:00,S,Mattaus,M,74,White,S,True,,14,False,S,March,Monday,Senior
127-97-8438,2023-04-22 02:07:00,S,Caney,M,72,White,S,True,,21,False,S,April,Saturday,Senior
590-93-6696,2023-10-28 23:37:00,S,Guislin,M,24,White,S,True,,27,False,S,October,Saturday,Adult
213-89-6553,2024-08-25 16:05:00,S,Fountain,M,1,White,S,True,,38,False,S,August,Sunday,Child
846-85-3469,2024-07-26 07:16:00,S,Garrity,M,4,White,S,True,,53,False,S,July,Friday,Child
782-31-2439,2024-05-23 14:01:00,T,Goodchild,M,71,White,T,True,,22,False,T,May,Thursday,Senior
473-69-8282,2024-04-25 15:36:00,T,Leyburn,M,63,White,T,True,,29,False,T,April,Thursday,Senior
844-04-7131,2024-01-29 13:00:00,T,Petrillo,M,47,White,T,True,,47,False,T,January,Monday,Adult
597-69-6388,2023-05-12 21:59:00,U,Madner,M,53,White,U,True,,15,False,U,May,Friday,Adult
587-94-0306,2023-06-23 21:11:00,U,Telling,M,76,White,U,True,,31,False,U,June,Friday,Senior
353-99-9075,2023-06-20 02:18:00,U,Hemms,M,75,White,U,True,,50,False,U,June,Tuesday,Senior
694-38-9846,2023-10-20 11:30:00,V,Borley,M,68,White,V,True,,10,False,V,October,Friday,Senior
735-56-2510,2023-04-08 11:55:00,V,Guiton,M,9,White,V,True,,39,False,V,April,Saturday,Child
774-89-5184,2024-11-01 10:34:00,V,Bourdice,M,6,White,V,True,,44,False,V,November,Friday,Child
868-57-6762,2023-12-11 16:31:00,V,Goodfellow,M,65,White,V,True,,56,False,V,December,Monday,Senior
629-68-4241,2023-06-15 08:30:00,W,Roach,M,49,White,W,True,,13,False,W,June,Thursday,Adult
851-72-1676,2024-12-07 12:30:00,W,Crossgrove,M,74,White,W,True,,14,False,W,December,Saturday,Senior
767-63-9719,2024-01-21 03:35:00,W,Dixie,M,7,White,W,True,,33,False,W,January,Sunday,Child
769-72-8314,2024-10-14 12:22:00,W,Lambarton,M,43,White,W,True,,36,False,W,October,Monday,Adult
433-35-8228,2023-03-12 01:22:00,W,Gebb,M,38,White,W,True,,39,False,W,March,Sunday,Adult
230-72-4802,2023-09-10 08:31:00,X,Beniesh,M,27,White,X,True,,14,False,X,September,Sunday,Adult
728-26-6726,2024-06-14 19:31:00,Y,Buten,M,66,White,Y,True,,21,False,Y,June,Friday,Senior
530-19-6308,2023-05-27 11:08:00,Y,Clausen-Thue,M,24,White,Y,True,,27,True,Y,May,Saturday,Adult
624-24-6189,2024-09-13 18:07:00,Y,Jennemann,M,41,White,Y,True,,27,False,Y,September,Friday,Adult
141-51-5635,2023-07-17 15:23:00,Y,Camerati,M,63,White,Y,True,,31,False,Y,July,Monday,Senior
505-95-5668,2023-04-22 22:42:00,Y,Joannidi,M,74,White,Y,True,,58,False,Y,April,Saturday,Senior
608-49-9277,2024-08-10 04:36:00,Z,Cordon,M,32,White,Z,True,,20,False,Z,August,Saturday,Adult
573-40-2464,2023-10-24 23:16:00,Z,Elmar,M,77,White,Z,True,,21,False,Z,October,Tuesday,Senior
411-18-9512,2023-12-23 08:03:00,Z,Stockley,M,66,White,Z,True,,23,False,Z,December,Saturday,Senior
732-12-0603,2023-04-17 22:50:00,Z,Sarfatti,M,18,White,Z,True,,48,False,Z,April,Monday,Teen
595-86-7693,2023-11-06 15:12:00,Z,Panter,M,74,White,Z,True,,57,False,Z,November,Monday,Senior
588-72-2524,2024-07-16 10:26:00,Z,Skerm,M,1,White,Z,True,,58,False,Z,July,Tuesday,Child
658-71-6172,2023-08-23 23:21:00,G,Absolem,M,32,White,G,True,0.0,33,False,G,August,Wednesday,Adult
340-71-1290,2024-02-01 20:14:00,T,Jaquemar,M,43,White,T,True,0.0,41,False,T,February,Thursday,Adult
170-60-7747,2023-01-04 13:25:00,T,Snowdon,M,31,White,T,True,0.0,56,False,T,January,Wednesday,Adult
146-77-1591,2024-02-15 22:04:00,K,Dorian,M,46,White,K,True,1.0,31,False,K,February,Thursday,Adult
203-04-2783,2023-10-21 21:51:00,L,Deverson,M,50,White,L,True,1.0,42,False,L,October,Saturday,Adult
883-68-7233,2024-02-05 13:01:00,T,Hugueville,M,55,White,T,True,1.0,25,False,T,February,Monday,Adult
470-99-9429,2023-04-05 06:38:00,A,Nevill,M,68,White,A,True,3.0,25,True,A,April,Wednesday,Senior
204-42-0922,2024-01-10 18:46:00,C,Pallin,M,68,White,C,True,3.0,56,False,C,January,Wednesday,Senior
702-24-7897,2024-01-29 12:11:00,O,Dougliss,M,73,White,O,True,3.0,28,False,O,January,Monday,Senior
323-59-6278,2023-11-20 20:09:00,U,Condie,M,13,White,U,True,5.0,53,False,U,November,Monday,Teen
760-71-3160,2023-11-09 09:53:00,W,Wray,M,18,White,W,True,5.0,20,False,W,November,Thursday,Teen
267-31-9051,2024-08-17 12:51:00,A,Verrechia,M,73,White,A,True,6.0,53,False,A,August,Saturday,Senior
898-96-3786,2023-06-24 05:05:00,E,Bossom,M,14,White,E,True,6.0,57,False,E,June,Saturday,Teen
430-78-4586,2023-04-14 13:00:00,Q,Lamputt,M,3,White,Q,True,6.0,54,False,Q,April,Friday,Child
135-61-7666,2024-07-02 22:20:00,S,Dagon,M,78,White,S,True,6.0,59,False,S,July,Tuesday,Senior
571-52-7559,2024-01-14 23:05:00,V,Farthin,M,22,White,V,True,6.0,32,False,V,January,Sunday,Adult
203-83-9332,2023-03-09 12:21:00,G,Bending,M,24,White,G,True,7.0,57,False,G,March,Thursday,Adult
276-56-0604,2024-10-02 23:28:00,R,McMurray,M,34,White,R,True,7.0,55,False,R,October,Wednesday,Adult
570-69-8864,2023-12-08 05:29:00,F,Kettles,M,39,White,F,True,8.0,29,False,F,December,Friday,Adult
325-33-5772,2024-10-27 21:57:00,H,Bolgar,M,45,White,H,True,8.0,12,False,H,October,Sunday,Adult
679-54-4775,2024-08-07 10:06:00,J,Treamayne,M,78,White,J,True,8.0,35,False,J,August,Wednesday,Senior
848-12-7424,2023-05-26 23:23:00,C,Crannach,M,11,White,C,True,10.0,23,True,C,May,Friday,Child
894-88-8079,2023-10-24 10:13:00,N,Handaside,M,29,White,N,True,10.0,39,False,N,October,Tuesday,Adult
681-33-8999,2023-11-27 21:22:00,R,Emtage,M,71,White,R,True,10.0,51,False,R,November,Monday,Senior
285-78-6419,2024-03-31 20:09:00,W,Orys,M,69,White,W,True,10.0,17,False,W,March,Sunday,Senior
160-05-9410,2023-02-08 06:38:00,E,Merricks,M,7,White,E,True,,44,False,E,February,Wednesday,Child
621-27-7002,2023-07-11 04:52:00,G,Spindler,M,59,White,G,True,,31,False,G,July,Tuesday,Adult
350-75-4511,2023-10-07 13:28:00,J,Hillhouse,M,10,White,J,True,,52,False,J,October,Saturday,Child
222-85-6440,2023-10-04 09:45:00,S,Petrolli,M,35,White,S,True,,34,False,S,October,Wednesday,Adult
367-62-9249,2024-06-09 23:22:00,Z,Swigger,M,18,White,Z,True,3.0,53,False,Z,June,Sunday,Teen
140-55-8447,2024-05-18 10:22:00,H,Valasek,M,3,White,H,True,4.0,53,False,H,May,Saturday,Child
707-68-7512,2024-08-22 15:34:00,J,Topham,M,33,White,J,True,6.0,18,False,J,August,Thursday,Adult
393-06-6114,2024-12-06 05:09:00,E,Labrenz,M,40,White,E,True,9.0,39,False,E,December,Friday,Adult
678-19-2895,2024-02-05 17:51:00,Q,Heale,M,39,White,Q,True,9.0,15,False,Q,February,Monday,Adult
550-59-7164,2024-05-25 21:52:00,A,Redmond,M,69,White,A,True,,19,False,A,May,Saturday,Senior
176-91-4008,2024-06-23 04:55:00,A,Render,M,15,White,A,True,,37,False,A,June,Sunday,Teen
263-48-3682,2023-08-15 20:51:00,A,Toseland,M,18,White,A,True,,37,False,A,August,Tuesday,Teen
516-65-1011,2024-10-22 22:47:00,A,Palliser,M,38,White,A,True,,40,False,A,October,Tuesday,Adult
560-89-7239,2023-04-06 14:20:00,A,Orringe,M,48,White,A,True,,44,False,A,April,Thursday,Adult
299-03-0225,2024-04-27 16:08:00,A,Riddett,M,20,White,A,True,,46,False,A,April,Saturday,Adult
136-93-5822,2023-09-29 15:50:00,A,Gerbl,M,63,White,A,True,,55,False,A,September,Friday,Senior
661-86-2616,2023-05-23 23:16:00,A,Langton,M,12,White,A,True,,57,True,A,May,Tuesday,Child
314-94-6078,2023-08-11 03:13:00,A,Boot,M,14,White,A,True,,57,False,A,August,Friday,Teen
353-33-5380,2023-12-17 10:54:00,A,Scatchar,M,70,White,A,True,,58,False,A,December,Sunday,Senior
546-52-9716,2024-08-01 23:03:00,B,Gookey,M,55,White,B,True,,21,False,B,August,Thursday,Adult
188-84-9362,2024-05-29 15:58:00,B,Furzey,M,16,White,B,True,,29,False,B,May,Wednesday,Teen
552-97-7824,2024-10-18 23:57:00,B,Schindler,M,67,White,B,True,,33,False,B,October,Friday,Senior
437-40-4631,2024-10-18 10:48:00,B,Hearns,M,4,White,B,True,,38,False,B,October,Friday,Child
547-45-4774,2024-11-01 08:01:00,B,Akaster,M,25,White,B,True,,49,False,B,November,Friday,Adult
105-50-4871,2023-09-11 18:36:00,B,Bligh,M,71,White,B,True,,52,False,B,September,Monday,Senior
270-19-6893,2023-03-04 18:32:00,B,Tucknott,M,21,White,B,True,,54,False,B,March,Saturday,Adult
620-23-8298,2023-01-11 09:52:00,B,Dolden,M,25,White,B,True,,58,False,B,January,Wednesday,Adult
735-55-8837,2023-01-06 03:12:00,C,Polet,M,36,White,C,True,,37,False,C,January,Friday,Adult
760-24-8347,2024-10-20 11:56:00,C,Whitelaw,M,17,White,C,True,,46,False,C,October,Sunday,Teen
146-29-4419,2024-05-24 14:36:00,C,Caslake,M,66,White,C,True,,48,False,C,May,Friday,Senior
276-65-2584,2024-07-10 12:18:00,C,Goaley,M,78,White,C,True,,56,False,C,July,Wednesday,Senior
860-91-3089,2024-01-14 01:04:00,C,Pascho,M,71,White,C,True,,60,False,C,January,Sunday,Senior
234-16-7761,2024-10-21 21:35:00,D,Brokenshire,M,52,White,D,True,,13,False,D,October,Monday,Adult
680-20-7790,2024-04-28 23:58:00,D,Airlie,M,74,White,D,True,,14,False,D,April,Sunday,Senior
719-64-1635,2023-12-07 12:16:00,D,McLewd,M,18,White,D,True,,15,False,D,December,Thursday,Teen
430-81-2099,2023-10-06 20:14:00,D,Knotte,M,43,White,D,True,,20,False,D,October,Friday,Adult
673-15-3561,2024-05-07 14:26:00,D,Stuckow,M,15,White,D,True,,22,False,D,May,Tuesday,Teen
627-25-0591,2023-07-14 11:06:00,D,Moutray Read,M,54,White,D,True,,23,False,D,July,Friday,Adult
322-25-9678,2024-02-24 21:50:00,D,Sams,M,53,White,D,True,,27,False,D,February,Saturday,Adult
300-57-0346,2023-12-08 16:56:00,D,Blampey,M,17,White,D,True,,29,False,D,December,Friday,Teen
446-57-0814,2023-10-18 07:48:00,D,Schultheiss,M,50,White,D,True,,29,False,D,October,Wednesday,Adult
830-03-8674,2024-04-20 23:40:00,D,Maddie,M,14,White,D,True,,41,False,D,April,Saturday,Teen
261-41-3006,2024-01-16 15:09:00,D,Slocum,M,50,White,D,True,,47,False,D,January,Tuesday,Adult
850-52-6715,2024-10-28 03:12:00,D,Benasik,M,41,White,D,True,,50,False,D,October,Monday,Adult
331-34-8927,2024-06-25 16:46:00,D,Mitchely,M,27,White,D,True,,59,False,D,June,Tuesday,Adult
220-02-8548,2023-12-14 17:09:00,E,Mattiazzo,M,50,White,E,True,,10,False,E,December,Thursday,Adult
329-89-5170,2024-09-21 14:49:00,E,McOwan,M,62,White,E,True,,15,False,E,September,Saturday,Senior
607-76-9368,2024-03-05 18:27:00,E,Finnemore,M,41,White,E,True,,16,False,E,March,Tuesday,Adult
636-38-5841,2024-03-03 05:11:00,E,Gumme,M,46,White,E,True,,23,False,E,March,Sunday,Adult
826-05-1245,2024-03-15 22:11:00,E,Shyres,M,67,White,E,True,,23,False,E,March,Friday,Senior
260-99-9033,2024-05-20 10:33:00,E,Gon,M,73,White,E,True,,30,False,E,May,Monday,Senior
869-82-8816,2024-08-25 04:36:00,E,Clougher,M,49,White,E,True,,33,False,E,August,Sunday,Adult
625-11-3614,2024-06-01 08:24:00,E,Shovel,M,68,White,E,True,,41,False,E,June,Saturday,Senior
344-19-5332,2024-06-09 11:19:00,E,Battams,M,11,White,E,True,,43,False,E,June,Sunday,Child
840-93-3146,2023-04-28 19:34:00,E,McNea,M,21,White,E,True,,49,False,E,April,Friday,Adult
192-35-0491,2023-06-28 15:39:00,F,Bonson,M,43,White,F,True,,16,False,F,June,Wednesday,Adult
781-45-2775,2023-05-07 20:02:00,F,Farrin,M,24,White,F,True,,20,False,F,May,Sunday,Adult
274-24-7640,2024-04-21 00:16:00,F,Strachan,M,39,White,F,True,,29,False,F,April,Sunday,Adult
428-71-5740,2023-01-07 07:29:00,F,Braisher,M,73,White,F,True,,34,False,F,January,Saturday,Senior
201-10-9557,2023-04-17 21:53:00,F,Relfe,M,69,White,F,True,,36,False,F,April,Monday,Senior
439-52-0309,2023-01-05 00:29:00,F,Pochet,M,30,White,F,True,,37,True,F,January,Thursday,Adult
284-76-1097,2023-05-08 07:28:00,F,Garretts,M,76,White,F,True,,39,False,F,May,Monday,Senior
642-24-2097,2024-05-20 03:10:00,F,Dienes,M,54,White,F,True,,40,False,F,May,Monday,Adult
729-09-1173,2023-08-06 03:02:00,F,McWhan,M,25,White,F,True,,45,False,F,August,Sunday,Adult
229-64-6626,2024-01-08 16:25:00,F,Leggott,M,72,White,F,True,,46,False,F,January,Monday,Senior
740-90-4651,2024-01-08 16:27:00,F,Tillyer,M,56,White,F,True,,47,False,F,January,Monday,Adult
792-14-4393,2024-02-09 14:57:00,F,Kristiansen,M,36,White,F,True,,50,False,F,February,Friday,Adult
602-08-6121,2023-07-11 05:28:00,F,Coenraets,M,38,White,F,True,,50,False,F,July,Tuesday,Adult
362-55-7521,2024-06-13 18:16:00,F,Jenoure,M,77,White,F,True,,50,False,F,June,Thursday,Senior
519-94-5552,2024-02-23 16:29:00,F,Rodenhurst,M,10,White,F,True,,55,False,F,February,Friday,Child
599-01-3259,2023-09-28 13:02:00,F,Charte,M,27,White,F,True,,55,False,F,September,Thursday,Adult
654-56-7769,2024-07-19 06:36:00,F,Enticott,M,29,White,F,True,,56,False,F,July,Friday,Adult
295-23-8245,2023-12-31 21:01:00,G,D'Orsay,M,69,White,G,True,,11,False,G,December,Sunday,Senior
507-03-0083,2023-10-16 17:57:00,G,Eastcott,M,79,White,G,True,,22,False,G,October,Monday,Senior
856-44-7824,2024-04-18 04:42:00,G,Garvin,M,63,White,G,True,,25,False,G,April,Thursday,Senior
819-96-9508,2023-12-15 14:28:00,G,Goldson,M,71,White,G,True,,40,False,G,December,Friday,Senior
781-68-2465,2024-10-20 02:47:00,G,Tinsley,M,26,White,G,True,,47,False,G,October,Sunday,Adult
274-29-8312,2023-12-04 21:45:00,G,Vaulkhard,M,73,White,G,True,,47,False,G,December,Monday,Senior
126-71-8708,2024-04-23 20:42:00,G,Nissle,M,58,White,G,True,,49,False,G,April,Tuesday,Adult
557-63-9631,2024-06-13 04:34:00,G,Chadbourne,M,55,White,G,True,,51,False,G,June,Thursday,Adult
654-95-2156,2023-09-14 11:31:00,G,Haliday,M,59,White,G,True,,57,False,G,September,Thursday,Adult
871-05-6285,2024-04-18 06:58:00,G,Clement,M,64,White,G,True,,59,False,G,April,Thursday,Senior
593-23-5909,2023-07-27 13:30:00,G,Filippo,M,68,White,G,True,,59,False,G,July,Thursday,Senior
281-13-9122,2023-10-22 21:20:00,G,Goodenough,M,74,White,G,True,,59,False,G,October,Sunday,Senior
507-62-7126,2023-05-28 12:37:00,H,Beedle,M,15,White,H,True,,11,True,H,May,Sunday,Teen
575-11-3097,2023-08-28 19:33:00,H,Faust,M,75,White,H,True,,11,False,H,August,Monday,Senior
314-07-4648,2023-12-08 00:09:00,H,Cursey,M,68,White,H,True,,18,False,H,December,Friday,Senior
452-25-4626,2024-10-20 09:51:00,H,Greenacre,M,53,White,H,True,,22,False,H,October,Sunday,Adult
640-10-5390,2024-05-20 06:02:00,H,Rein,M,45,White,H,True,,31,False,H,May,Monday,Adult
222-74-5629,2023-05-22 09:04:00,H,Tran,M,31,White,H,True,,42,True,H,May,Monday,Adult
238-98-0679,2024-04-04 17:23:00,H,Robson,M,56,White,H,True,,46,False,H,April,Thursday,Adult
103-81-2792,2024-10-30 23:44:00,H,Ollie,M,73,White,H,True,,51,False,H,October,Wednesday,Senior
346-71-7552,2024-02-03 07:45:00,H,Ellor,M,56,White,H,True,,55,False,H,February,Saturday,Adult
775-05-5919,2024-03-25 15:25:00,H,Shotton,M,17,White,H,True,,57,False,H,March,Monday,Teen
291-44-0132,2023-07-11 05:34:00,I,Attrey,M,27,White,I,True,,12,False,I,July,Tuesday,Adult
737-84-1709,2023-01-05 12:20:00,I,Fallowfield,M,61,White,I,True,,14,True,I,January,Thursday,Senior
298-96-3551,2023-12-26 13:27:00,I,Leman,M,22,White,I,True,,16,False,I,December,Tuesday,Adult
322-65-2690,2024-08-17 11:24:00,I,Lawry,M,47,White,I,True,,23,False,I,August,Saturday,Adult
500-96-0933,2023-05-31 00:27:00,I,Sinnie,M,10,White,I,True,,28,True,I,May,Wednesday,Child
358-62-9394,2023-02-08 20:33:00,I,Philippard,M,11,White,I,True,,32,False,I,February,Wednesday,Child
164-49-8624,2023-01-12 18:22:00,I,Lambole,M,25,White,I,True,,32,False,I,January,Thursday,Adult
661-12-9006,2024-06-21 15:04:00,I,Apperley,M,73,White,I,True,,32,False,I,June,Friday,Senior
788-50-6371,2024-01-07 08:15:00,I,Abrahart,M,9,White,I,True,,34,False,I,January,Sunday,Child
714-85-9231,2024-04-22 03:17:00,I,Kenrick,M,72,White,I,True,,34,False,I,April,Monday,Senior
426-39-1493,2024-08-06 15:29:00,I,Copyn,M,9,White,I,True,,36,False,I,August,Tuesday,Child
699-42-8804,2024-06-15 20:04:00,I,Jiricka,M,49,White,I,True,,49,False,I,June,Saturday,Adult
376-81-5705,2023-10-18 22:34:00,I,Challin,M,21,White,I,True,,53,False,I,October,Wednesday,Adult
507-81-5352,2024-01-16 06:44:00,J,Battson,M,7,White,J,True,,10,False,J,January,Tuesday,Child
516-57-1396,2024-09-01 08:24:00,J,Boribal,M,48,White,J,True,,11,False,J,September,Sunday,Adult
467-76-2120,2024-07-29 12:09:00,J,Flarity,M,21,White,J,True,,12,False,J,July,Monday,Adult
464-58-0449,2023-06-12 23:25:00,J,Ducker,M,3,White,J,True,,14,False,J,June,Monday,Child
177-54-8118,2023-07-24 15:47:00,J,Errigo,M,73,White,J,True,,35,False,J,July,Monday,Senior
733-04-5324,2023-01-07 12:16:00,J,Pickervance,M,25,White,J,True,,38,False,J,January,Saturday,Adult
738-98-5900,2024-02-25 10:55:00,J,Gerbi,M,31,White,J,True,,38,False,J,February,Sunday,Adult
379-30-7250,2024-01-31 02:25:00,J,Acory,M,48,White,J,True,,47,False,J,January,Wednesday,Adult
727-12-3250,2023-12-20 04:47:00,K,Priddis,M,14,White,K,True,,17,False,K,December,Wednesday,Teen
201-47-2627,2024-03-31 20:13:00,K,Harrowing,M,31,White,K,True,,35,False,K,March,Sunday,Adult
181-27-3015,2024-01-23 03:16:00,K,Amos,M,75,White,K,True,,36,False,K,January,Tuesday,Senior
525-09-7165,2023-10-28 05:53:00,K,Mauser,M,65,White,K,True,,44,False,K,October,Saturday,Senior
843-80-4343,2024-03-03 15:52:00,K,O'Caherny,M,28,White,K,True,,50,False,K,March,Sunday,Adult
250-74-5502,2023-11-18 21:34:00,K,Flacke,M,22,White,K,True,,59,False,K,November,Saturday,Adult
327-41-8014,2024-04-22 10:30:00,L,Keating,M,21,White,L,True,,15,False,L,April,Monday,Adult
858-03-5171,2024-01-08 23:42:00,L,Luty,M,36,White,L,True,,26,False,L,January,Monday,Adult
677-89-7468,2023-08-26 20:12:00,L,Guerra,M,67,White,L,True,,27,False,L,August,Saturday,Senior
829-79-9655,2024-04-03 20:36:00,L,O'Day,M,4,White,L,True,,32,False,L,April,Wednesday,Child
621-31-9795,2023-09-13 04:01:00,L,Velten,M,75,White,L,True,,38,False,L,September,Wednesday,Senior
758-02-1523,2024-07-23 19:44:00,L,Byrde,M,9,White,L,True,,40,False,L,July,Tuesday,Child
223-46-4550,2023-10-20 09:37:00,L,Ludwell,M,39,White,L,True,,41,False,L,October,Friday,Adult
847-72-5654,2023-06-05 22:01:00,L,McGlaughn,M,37,White,L,True,,49,True,L,June,Monday,Adult
154-48-7665,2024-06-28 09:05:00,L,Peert,M,65,White,L,True,,57,False,L,June,Friday,Senior
337-38-8786,2023-07-16 18:27:00,L,Boulde,M,72,White,L,True,,60,False,L,July,Sunday,Senior
503-09-9421,2023-11-10 11:17:00,L,Ley,M,79,White,L,True,,60,False,L,November,Friday,Senior
616-52-5618,2023-07-14 21:48:00,M,Stoner,M,72,White,M,True,,30,False,M,July,Friday,Senior
522-22-0709,2024-03-27 21:18:00,M,Demeza,M,41,White,M,True,,32,False,M,March,Wednesday,Adult
870-05-2895,2024-06-10 10:44:00,M,Crevy,M,16,White,M,True,,36,False,M,June,Monday,Teen
652-95-2118,2023-10-23 22:58:00,M,Proffitt,M,15,White,M,True,,44,False,M,October,Monday,Teen
449-82-3256,2024-12-07 18:23:00,M,Orhrt,M,39,White,M,True,,49,False,M,December,Saturday,Adult
751-60-7992,2023-07-17 13:09:00,M,Playdon,M,48,White,M,True,,49,False,M,July,Monday,Adult
452-78-5855,2023-05-07 01:48:00,N,Ayllett,M,74,White,N,True,,28,False,N,May,Sunday,Senior
119-47-0197,2023-04-04 08:35:00,N,Skrines,M,49,White,N,True,,37,False,N,April,Tuesday,Adult
833-79-7494,2023-11-25 12:29:00,N,Dugood,M,72,White,N,True,,40,False,N,November,Saturday,Senior
394-95-1221,2023-12-19 13:30:00,N,Pulbrook,M,67,White,N,True,,47,False,N,December,Tuesday,Senior
290-91-2994,2024-01-24 11:47:00,N,Lehr,M,13,White,N,True,,52,False,N,January,Wednesday,Teen
732-13-8882,2023-11-15 05:29:00,N,Jeanet,M,28,White,N,True,,58,False,N,November,Wednesday,Adult
718-76-3741,2023-09-29 20:29:00,O,Balas,M,24,White,O,True,,26,False,O,September,Friday,Adult
284-54-0844,2024-10-29 07:18:00,O,Bengochea,M,6,White,O,True,,30,False,O,October,Tuesday,Child
663-53-8750,2023-05-09 04:23:00,O,Debnam,M,4,White,O,True,,32,False,O,May,Tuesday,Child
709-15-6535,2024-12-03 16:19:00,O,Heaven,M,68,White,O,True,,33,False,O,December,Tuesday,Senior
795-97-9054,2023-05-18 02:24:00,O,O'Ferris,M,26,White,O,True,,34,True,O,May,Thursday,Adult
219-43-4614,2024-03-20 14:56:00,O,Buncombe,M,77,White,O,True,,42,False,O,March,Wednesday,Senior
522-18-4466,2023-10-13 11:40:00,O,Dickerson,M,31,White,O,True,,60,False,O,October,Friday,Adult
283-38-8264,2024-06-23 10:53:00,P,Cleall,M,28,White,P,True,,18,False,P,June,Sunday,Adult
750-19-2024,2024-02-06 13:07:00,P,Mellows,M,63,White,P,True,,20,False,P,February,Tuesday,Senior
111-62-1484,2024-03-16 22:09:00,P,Payle,M,20,White,P,True,,41,False,P,March,Saturday,Adult
202-36-3749,2024-10-08 18:57:00,P,Godwin,M,59,White,P,True,,42,False,P,October,Tuesday,Adult
468-75-4841,2024-07-04 20:14:00,P,Swatton,M,69,White,P,True,,47,False,P,July,Thursday,Senior
500-16-9899,2024-09-27 21:09:00,P,Wardroper,M,36,White,P,True,,50,False,P,September,Friday,Adult
773-70-5654,2023-07-24 08:17:00,P,Mussilli,M,25,White,P,True,,56,False,P,July,Monday,Adult
494-38-7066,2023-12-21 16:04:00,P,O' Liddy,M,49,White,P,True,,56,False,P,December,Thursday,Adult
406-50-0138,2023-11-24 08:53:00,Q,Ickovitz,M,37,White,Q,True,,21,False,Q,November,Friday,Adult
870-17-7578,2024-03-15 19:13:00,Q,Alvy,M,54,White,Q,True,,29,False,Q,March,Friday,Adult
479-60-4864,2023-08-29 02:56:00,Q,Dulin,M,54,White,Q,True,,30,False,Q,August,Tuesday,Adult
346-20-4727,2024-08-17 00:26:00,Q,Ost,M,18,White,Q,True,,37,False,Q,August,Saturday,Teen
295-95-8304,2023-07-19 06:15:00,R,Wimlet,M,57,White,R,True,,12,False,R,July,Wednesday,Adult
804-99-9395,2023-09-17 21:28:00,R,Cragg,M,67,White,R,True,,16,False,R,September,Sunday,Senior
272-07-0356,2023-06-28 11:37:00,R,Tappor,M,39,White,R,True,,17,False,R,June,Wednesday,Adult
702-87-1289,2024-01-20 22:07:00,R,Tressler,M,73,White,R,True,,29,False,R,January,Saturday,Senior
393-79-0957,2023-05-24 04:18:00,R,Casellas,M,67,White,R,True,,45,True,R,May,Wednesday,Senior
780-73-2206,2023-04-07 03:09:00,R,Cousins,M,67,White,R,True,,56,False,R,April,Friday,Senior
182-78-5630,2024-06-09 03:00:00,R,Graffin,M,31,White,R,True,,60,False,R,June,Sunday,Adult
405-99-5576,2024-05-04 11:29:00,S,Lowre,M,20,White,S,True,,17,False,S,May,Saturday,Adult
237-45-7615,2024-10-09 20:17:00,S,Rollitt,M,58,White,S,True,,19,False,S,October,Wednesday,Adult
145-56-8675,2023-11-12 16:48:00,S,De Benedictis,M,27,White,S,True,,27,False,S,November,Sunday,Adult
437-17-7171,2024-07-15 22:58:00,S,Adamiak,M,45,White,S,True,,33,False,S,July,Monday,Adult
291-84-1236,2023-08-11 11:27:00,S,Upex,M,49,White,S,True,,38,False,S,August,Friday,Adult
741-09-8624,2023-02-10 04:06:00,S,Bonnette,M,10,White,S,True,,40,False,S,February,Friday,Child
736-37-6932,2024-10-24 22:36:00,S,Welbourn,M,66,White,S,True,,40,False,S,October,Thursday,Senior
639-44-3444,2024-01-15 22:54:00,S,Hillatt,M,78,White,S,True,,44,False,S,January,Monday,Senior
716-92-3445,2023-12-25 08:27:00,S,Calyton,M,66,White,S,True,,46,False,S,December,Monday,Senior
417-42-2318,2023-08-14 15:39:00,S,Hellmore,M,32,White,S,True,,50,False,S,August,Monday,Adult
491-43-8765,2023-02-09 12:16:00,S,Harrison,M,38,White,S,True,,52,False,S,February,Thursday,Adult
813-12-6381,2024-06-14 15:34:00,T,Wardel,M,35,White,T,True,,11,False,T,June,Friday,Adult
424-45-3174,2024-08-20 20:25:00,T,Janaszkiewicz,M,40,White,T,True,,21,False,T,August,Tuesday,Adult
744-89-1379,2023-09-10 03:03:00,T,Smithies,M,75,White,T,True,,29,False,T,September,Sunday,Senior
258-72-4657,2023-08-23 05:14:00,T,Deguara,M,56,White,T,True,,32,False,T,August,Wednesday,Adult
598-31-8151,2023-09-05 07:11:00,T,Gwilt,M,55,White,T,True,,41,True,T,September,Tuesday,Adult
485-42-0792,2023-12-23 21:48:00,T,Little,M,8,White,T,True,,46,False,T,December,Saturday,Child
738-42-0395,2024-05-18 23:03:00,T,Binford,M,11,White,T,True,,49,False,T,May,Saturday,Child
848-30-3365,2024-06-17 04:16:00,T,Capnerhurst,M,3,White,T,True,,50,False,T,June,Monday,Child
357-93-7216,2024-04-21 21:21:00,T,Fields,M,1,White,T,True,,58,False,T,April,Sunday,Child
226-35-0871,2024-10-23 11:13:00,T,Ciciari,M,32,White,T,True,,59,False,T,October,Wednesday,Adult
437-58-9705,2023-04-07 13:36:00,U,Farmer,M,25,White,U,True,,11,False,U,April,Friday,Adult
517-52-9662,2023-11-08 23:33:00,U,Birkenhead,M,59,White,U,True,,18,False,U,November,Wednesday,Adult
640-15-7763,2023-09-22 03:41:00,U,Antonov,M,43,White,U,True,,19,False,U,September,Friday,Adult
853-59-1381,2024-09-06 23:38:00,U,Barkus,M,45,White,U,True,,20,False,U,September,Friday,Adult
164-59-0295,2024-10-14 02:04:00,U,Paddefield,M,30,White,U,True,,23,False,U,October,Monday,Adult
400-43-5549,2023-05-20 11:38:00,U,Boumphrey,M,58,White,U,True,,31,True,U,May,Saturday,Adult
879-64-8222,2023-06-06 06:32:00,U,Hamshere,M,28,White,U,True,,37,False,U,June,Tuesday,Adult
615-91-1397,2024-05-31 14:55:00,U,Jablonski,M,63,White,U,True,,38,False,U,May,Friday,Senior
859-62-7867,2024-12-04 13:53:00,U,Marke,M,76,White,U,True,,38,False,U,December,Wednesday,Senior
353-63-2964,2023-07-27 22:54:00,U,Altham,M,6,White,U,True,,42,False,U,July,Thursday,Child
374-88-8638,2023-06-14 08:37:00,U,Dy,M,61,White,U,True,,56,False,U,June,Wednesday,Senior
467-42-9708,2023-09-15 04:42:00,U,Cluff,M,24,White,U,True,,57,False,U,September,Friday,Adult
746-54-6477,2023-11-24 08:14:00,V,Abrashkin,M,12,White,V,True,,16,False,V,November,Friday,Child
311-91-8434,2023-05-10 09:31:00,V,Kinzel,M,39,White,V,True,,20,False,V,May,Wednesday,Adult
242-21-9349,2024-08-17 21:27:00,V,Hayselden,M,28,White,V,True,,34,False,V,August,Saturday,Adult
603-74-1266,2024-08-08 06:05:00,V,Baudrey,M,16,White,V,True,,35,False,V,August,Thursday,Teen
133-18-3896,2023-08-12 17:52:00,V,Casillas,M,35,White,V,True,,39,False,V,August,Saturday,Adult
874-57-8352,2023-01-04 09:49:00,V,Matyushenko,M,38,White,V,True,,50,False,V,January,Wednesday,Adult
672-35-9516,2023-05-09 11:48:00,V,Dimitrov,M,6,White,V,True,,55,False,V,May,Tuesday,Child
122-16-6072,2023-11-05 02:27:00,V,Gurnay,M,54,White,V,True,,60,True,V,November,Sunday,Adult
330-89-7694,2024-03-23 02:46:00,W,Roark,M,40,White,W,True,,10,False,W,March,Saturday,Adult
662-44-4990,2024-02-14 01:40:00,W,Riddlesden,M,42,White,W,True,,27,False,W,February,Wednesday,Adult
254-25-5430,2024-06-28 20:05:00,W,Gerrels,M,1,White,W,True,,35,False,W,June,Friday,Child
447-61-1044,2024-09-17 01:45:00,W,Abisetti,M,49,White,W,True,,35,False,W,September,Tuesday,Adult
661-23-4741,2023-08-21 17:22:00,W,Newlin,M,44,White,W,True,,42,False,W,August,Monday,Adult
773-58-7793,2023-06-20 22:24:00,W,Connar,M,40,White,W,True,,59,False,W,June,Tuesday,Adult
848-67-2081,2023-05-31 14:47:00,X,Dikles,M,9,White,X,True,,12,True,X,May,Wednesday,Child
373-06-3637,2023-03-11 15:21:00,X,Paddock,M,15,White,X,True,,12,False,X,March,Saturday,Teen
457-19-5880,2024-03-09 16:59:00,X,Yurkov,M,45,White,X,True,,16,False,X,March,Saturday,Adult
668-07-8528,2024-09-10 17:27:00,X,Fronks,M,34,White,X,True,,27,False,X,September,Tuesday,Adult
435-93-8724,2023-09-12 02:21:00,X,Janczewski,M,36,White,X,True,,30,False,X,September,Tuesday,Adult
790-05-2176,2023-03-09 11:53:00,X,Schnieder,M,74,White,X,True,,36,False,X,March,Thursday,Senior
136-09-9416,2023-05-12 03:08:00,X,Ivanichev,M,29,White,X,True,,38,False,X,May,Friday,Adult
757-47-1680,2024-08-17 18:52:00,X,Hawkyens,M,54,White,X,True,,40,False,X,August,Saturday,Adult
223-81-5903,2024-02-10 00:16:00,X,Buzek,M,50,White,X,True,,45,False,X,February,Saturday,Adult
506-43-3890,2023-06-20 11:26:00,X,Fumagalli,M,9,White,X,True,,48,False,X,June,Tuesday,Child
531-96-7985,2024-08-17 06:32:00,Y,Fuggle,M,13,White,Y,True,,13,False,Y,August,Saturday,Teen
430-80-8880,2023-06-06 08:35:00,Y,Bockman,M,37,White,Y,True,,22,False,Y,June,Tuesday,Adult
752-35-9712,2023-06-04 09:20:00,Y,Gresley,M,66,White,Y,True,,32,False,Y,June,Sunday,Senior
607-90-7919,2024-09-19 05:15:00,Y,Raynard,M,1,White,Y,True,,34,False,Y,September,Thursday,Child
440-84-8198,2024-03-29 19:42:00,Y,Mineghelli,M,38,White,Y,True,,38,False,Y,March,Friday,Adult
307-11-6508,2024-03-17 09:07:00,Y,Gregore,M,25,White,Y,True,,49,False,Y,March,Sunday,Adult
204-67-1880,2023-07-09 11:04:00,Y,O'Scollee,M,63,White,Y,True,,55,False,Y,July,Sunday,Senior
158-96-8777,2023-06-27 07:54:00,Z,MacCheyne,M,21,White,Z,True,,10,False,Z,June,Tuesday,Adult
269-27-0398,2023-04-04 02:11:00,Z,MacPike,M,7,White,Z,True,,17,False,Z,April,Tuesday,Child
744-14-7520,2024-03-28 10:42:00,Z,Quennell,M,19,White,Z,True,,33,False,Z,March,Thursday,Adult
369-27-1391,2024-10-05 07:33:00,Z,Kilduff,M,7,White,Z,True,,47,False,Z,October,Saturday,Child
161-12-2015,2024-04-16 10:31:00,Z,De Bischof,M,28,White,Z,True,,51,False,Z,April,Tuesday,Adult
428-04-4880,2024-01-02 06:20:00,L,Masdin,M,78,White,L,True,0.0,13,False,L,January,Tuesday,Senior
336-21-6476,2024-05-06 21:24:00,L,Benduhn,M,8,White,L,True,0.0,35,False,L,May,Monday,Child
686-80-7797,2023-04-20 17:18:00,P,Kibard,M,49,White,P,True,0.0,38,False,P,April,Thursday,Adult
871-94-3138,2024-06-15 19:40:00,Q,Duckers,M,48,White,Q,True,0.0,37,False,Q,June,Saturday,Adult
754-35-8800,2024-02-23 19:51:00,S,Lankham,M,72,White,S,True,0.0,10,False,S,February,Friday,Senior
249-35-1997,2023-01-10 07:03:00,S,Waldie,M,78,White,S,True,0.0,42,False,S,January,Tuesday,Senior
503-41-0754,2023-11-15 02:02:00,U,Devote,M,15,White,U,True,0.0,51,False,U,November,Wednesday,Teen
825-41-8889,2024-05-28 22:51:00,X,Regnard,M,32,White,X,True,0.0,30,False,X,May,Tuesday,Adult
814-97-4775,2024-03-29 10:41:00,Y,Burgiss,M,53,White,Y,True,0.0,43,False,Y,March,Friday,Adult
532-39-4090,2024-08-26 15:49:00,B,Peskin,M,54,White,B,True,1.0,17,False,B,August,Monday,Adult
583-55-9151,2023-05-11 11:20:00,B,Jacquemet,M,27,White,B,True,1.0,38,False,B,May,Thursday,Adult
290-54-9915,2023-03-08 10:47:00,D,Grinvalds,M,30,White,D,True,1.0,42,False,D,March,Wednesday,Adult
695-94-7928,2024-02-15 15:03:00,G,Harmeston,M,28,White,G,True,1.0,35,False,G,February,Thursday,Adult
427-87-9237,2023-08-21 05:30:00,H,Cotelard,M,19,White,H,True,1.0,20,False,H,August,Monday,Adult
593-14-3392,2024-08-04 04:16:00,I,Summerlad,M,66,White,I,True,1.0,28,False,I,August,Sunday,Senior
884-99-1419,2024-07-25 23:15:00,N,Harmston,M,77,White,N,True,1.0,39,False,N,July,Thursday,Senior
115-63-3012,2024-04-22 04:05:00,P,Grigoriscu,M,52,White,P,True,1.0,57,False,P,April,Monday,Adult
682-37-1367,2024-03-07 21:23:00,R,Clayworth,M,24,White,R,True,1.0,30,False,R,March,Thursday,Adult
727-99-6666,2024-03-04 12:42:00,S,Ions,M,54,White,S,True,1.0,45,False,S,March,Monday,Adult
867-51-1001,2024-06-16 00:32:00,Z,Kimbrough,M,74,White,Z,True,1.0,14,False,Z,June,Sunday,Senior
639-66-6888,2023-09-05 14:55:00,A,Tweedle,M,75,White,A,True,2.0,55,True,A,September,Tuesday,Senior
577-20-8465,2023-09-27 11:34:00,E,Burtwell,M,35,White,E,True,2.0,58,False,E,September,Wednesday,Adult
446-34-2838,2023-02-06 16:07:00,G,Uttley,M,71,White,G,True,2.0,42,False,G,February,Monday,Senior
823-91-0073,2023-12-07 13:34:00,G,Goodfellowe,M,23,White,G,True,2.0,54,False,G,December,Thursday,Adult
535-53-1709,2024-03-15 19:54:00,H,Corneil,M,26,White,H,True,2.0,27,False,H,March,Friday,Adult
170-53-5117,2024-05-04 14:26:00,O,Wenzel,M,2,White,O,True,2.0,34,False,O,May,Saturday,Child
694-52-7798,2024-08-02 19:08:00,U,Witherow,M,27,White,U,True,2.0,44,False,U,August,Friday,Adult
261-82-9019,2023-04-18 17:34:00,W,Rembrant,M,40,White,W,True,2.0,51,False,W,April,Tuesday,Adult
782-54-1080,2024-04-15 15:21:00,Y,Royall,M,56,White,Y,True,2.0,38,False,Y,April,Monday,Adult
222-34-9656,2023-07-23 01:13:00,Z,Kellick,M,16,White,Z,True,2.0,54,False,Z,July,Sunday,Teen
194-99-7484,2024-03-16 03:34:00,A,Smyth,M,42,White,A,True,3.0,36,False,A,March,Saturday,Adult
334-77-7420,2023-09-30 03:01:00,G,Hill,M,1,White,G,True,3.0,14,False,G,September,Saturday,Child
498-09-0568,2024-05-19 09:52:00,G,Fazackerley,M,6,White,G,True,3.0,45,False,G,May,Sunday,Child
410-44-5767,2024-01-08 12:00:00,M,Bembrigg,M,60,White,M,True,3.0,23,False,M,January,Monday,Adult
157-82-8955,2024-08-10 15:52:00,S,Maddin,M,63,White,S,True,3.0,23,False,S,August,Saturday,Senior
227-87-1629,2024-12-02 15:08:00,S,Gainsburgh,M,8,White,S,True,3.0,37,False,S,December,Monday,Child
838-56-1331,2024-08-06 09:06:00,T,Nettles,M,32,White,T,True,3.0,30,False,T,August,Tuesday,Adult
511-67-6488,2024-05-29 07:02:00,X,Coyish,M,63,White,X,True,3.0,30,False,X,May,Wednesday,Senior
281-25-4387,2024-05-28 07:41:00,Z,Gritten,M,2,White,Z,True,3.0,23,False,Z,May,Tuesday,Child
799-90-2475,2023-07-07 00:43:00,E,Crose,M,58,White,E,True,4.0,18,False,E,July,Friday,Adult
478-05-6128,2023-04-29 12:44:00,H,Satterly,M,33,White,H,True,4.0,48,False,H,April,Saturday,Adult
569-39-0856,2023-08-15 03:29:00,K,Rontsch,M,63,White,K,True,4.0,26,False,K,August,Tuesday,Senior
546-84-1188,2024-01-31 09:34:00,L,Caramuscia,M,2,White,L,True,4.0,41,False,L,January,Wednesday,Child
771-07-1890,2023-11-23 00:20:00,L,Kiwitz,M,72,White,L,True,4.0,48,False,L,November,Thursday,Senior
171-69-2921,2024-02-29 03:03:00,M,Kernley,M,32,White,M,True,4.0,36,False,M,February,Thursday,Adult
110-75-4741,2024-10-22 07:22:00,N,Corbet,M,45,White,N,True,4.0,37,False,N,October,Tuesday,Adult
339-22-8496,2024-01-30 04:12:00,P,Gehrels,M,22,White,P,True,4.0,49,False,P,January,Tuesday,Adult
689-97-9515,2023-04-05 15:59:00,T,Freezer,M,13,White,T,True,4.0,32,True,T,April,Wednesday,Teen
278-40-9371,2024-03-17 02:47:00,Z,Rittmeyer,M,8,White,Z,True,4.0,27,False,Z,March,Sunday,Child
217-57-5300,2024-06-30 23:28:00,J,Godson,M,43,White,J,True,5.0,54,False,J,June,Sunday,Adult
791-52-9087,2023-08-28 12:41:00,M,Brasher,M,34,White,M,True,5.0,17,False,M,August,Monday,Adult
737-62-8031,2024-09-06 03:14:00,V,Ponton,M,4,White,V,True,5.0,49,False,V,September,Friday,Child
615-73-2112,2023-06-18 21:44:00,C,Parvin,M,77,White,C,True,6.0,24,False,C,June,Sunday,Senior
686-15-3149,2023-08-27 21:50:00,D,Van't Hoff,M,57,White,D,True,6.0,56,False,D,August,Sunday,Adult
543-72-2686,2024-01-05 03:02:00,F,Heddy,M,56,White,F,True,6.0,38,False,F,January,Friday,Adult
164-09-6339,2024-04-24 00:10:00,G,Reedyhough,M,49,White,G,True,6.0,29,False,G,April,Wednesday,Adult
632-27-3299,2024-10-16 23:46:00,I,Magenny,M,56,White,I,True,6.0,27,False,I,October,Wednesday,Adult
363-13-7370,2024-04-28 22:18:00,L,Patria,M,23,White,L,True,6.0,19,False,L,April,Sunday,Adult
627-66-0665,2023-05-22 16:23:00,N,Sibbert,M,56,White,N,True,6.0,24,True,N,May,Monday,Adult
549-63-6821,2024-02-05 03:14:00,O,Wonfar,M,50,White,O,True,6.0,40,False,O,February,Monday,Adult
527-01-5968,2023-04-27 14:20:00,O,Stryde,M,9,White,O,True,6.0,45,False,O,April,Thursday,Child
621-38-5039,2023-11-18 20:42:00,Q,Cuthbert,M,28,White,Q,True,6.0,47,False,Q,November,Saturday,Adult
735-88-2026,2024-10-19 10:31:00,S,Learmonth,M,45,White,S,True,6.0,34,False,S,October,Saturday,Adult
366-77-5942,2023-08-20 13:58:00,V,Barniss,M,75,White,V,True,6.0,39,False,V,August,Sunday,Senior
352-85-0161,2023-04-20 08:38:00,Y,Canet,M,65,White,Y,True,6.0,50,False,Y,April,Thursday,Senior
135-28-3714,2023-02-06 08:07:00,A,Mulheron,M,15,White,A,True,7.0,53,False,A,February,Monday,Teen
227-46-4395,2024-10-18 03:57:00,B,Casoni,M,37,White,B,True,7.0,52,False,B,October,Friday,Adult
779-16-6027,2023-09-26 07:23:00,C,Fardo,M,10,White,C,True,7.0,26,False,C,September,Tuesday,Child
716-81-0777,2024-03-05 16:06:00,F,Itzakovitz,M,38,White,F,True,7.0,43,False,F,March,Tuesday,Adult
133-43-4724,2024-06-29 05:58:00,K,Parr,M,62,White,K,True,7.0,53,False,K,June,Saturday,Senior
338-32-5533,2023-05-28 02:00:00,N,Kiefer,M,48,White,N,True,7.0,51,True,N,May,Sunday,Adult
771-56-2704,2024-09-17 12:09:00,O,Munns,M,3,White,O,True,7.0,20,False,O,September,Tuesday,Child
169-76-5874,2024-02-21 20:56:00,U,Graith,M,7,White,U,True,7.0,22,False,U,February,Wednesday,Child
152-47-3239,2023-11-07 02:57:00,Y,Reinger,M,50,White,Y,True,7.0,14,False,Y,November,Tuesday,Adult
745-53-1981,2024-09-05 02:39:00,Z,McTerlagh,M,62,White,Z,True,7.0,36,False,Z,September,Thursday,Senior
203-58-4811,2024-01-28 05:31:00,Z,Fortey,M,29,White,Z,True,7.0,48,False,Z,January,Sunday,Adult
274-32-2971,2023-05-16 08:15:00,E,Belison,M,74,White,E,True,8.0,45,True,E,May,Tuesday,Senior
330-72-1327,2024-03-31 14:07:00,L,Birkenhead,M,34,White,L,True,8.0,59,False,L,March,Sunday,Adult
691-39-6392,2023-10-12 12:11:00,T,Regorz,M,2,White,T,True,8.0,34,False,T,October,Thursday,Child
489-19-3938,2024-07-20 09:16:00,T,Yes,M,32,White,T,True,8.0,44,False,T,July,Saturday,Adult
388-62-0454,2024-04-05 04:21:00,U,Jeavon,M,14,White,U,True,8.0,37,False,U,April,Friday,Teen
221-14-1687,2024-04-10 14:36:00,U,Campion,M,30,White,U,True,8.0,54,False,U,April,Wednesday,Adult
357-52-0985,2023-05-17 17:19:00,W,Trippett,M,6,White,W,True,8.0,29,True,W,May,Wednesday,Child
444-75-2039,2024-09-14 13:25:00,B,Cheves,M,44,White,B,True,9.0,39,False,B,September,Saturday,Adult
703-87-8026,2023-09-12 04:01:00,M,Tomaskov,M,33,White,M,True,9.0,35,False,M,September,Tuesday,Adult
126-47-9260,2023-07-09 14:54:00,O,Roly,M,64,White,O,True,9.0,12,False,O,July,Sunday,Senior
108-99-6116,2024-02-05 14:06:00,P,Baddeley,M,44,White,P,True,9.0,13,False,P,February,Monday,Adult
559-57-4367,2023-06-28 22:52:00,S,Galilee,M,57,White,S,True,9.0,28,False,S,June,Wednesday,Adult
361-78-8393,2024-04-18 15:50:00,S,Ridgway,M,26,White,S,True,9.0,33,False,S,April,Thursday,Adult
752-78-6839,2023-09-27 13:32:00,S,Gosnoll,M,19,White,S,True,9.0,45,False,S,September,Wednesday,Adult
278-96-4501,2024-05-02 21:59:00,U,Djokic,M,33,White,U,True,9.0,39,False,U,May,Thursday,Adult
322-58-0100,2024-12-04 13:05:00,U,Statefield,M,39,White,U,True,9.0,55,False,U,December,Wednesday,Adult
840-12-2681,2023-08-11 17:56:00,V,Besemer,M,22,White,V,True,9.0,10,False,V,August,Friday,Adult
210-67-0041,2024-12-01 18:19:00,D,Persent,M,8,White,D,True,10.0,49,False,D,December,Sunday,Child
538-18-1640,2024-05-23 14:23:00,L,Lambourne,M,72,White,L,True,10.0,10,False,L,May,Thursday,Senior
256-38-2449,2024-02-14 13:07:00,Q,Copplestone,M,23,White,Q,True,10.0,21,False,Q,February,Wednesday,Adult
747-20-4937,2023-03-04 20:16:00,W,Fydo,M,65,White,W,True,10.0,38,False,W,March,Saturday,Senior
395-80-7937,2024-12-08 07:57:00,A,Knagges,M,24,White,A,True,,46,False,A,December,Sunday,Adult
522-11-6573,2024-09-18 15:26:00,B,Koba,M,48,White,B,True,,29,False,B,September,Wednesday,Adult
691-30-0132,2023-03-07 02:52:00,B,McComb,M,13,White,B,True,,57,False,B,March,Tuesday,Teen
765-95-5555,2024-03-25 14:00:00,B,Gasken,M,15,White,B,True,,59,False,B,March,Monday,Teen
159-84-9480,2023-04-18 05:34:00,C,Chappelle,M,38,White,C,True,,12,False,C,April,Tuesday,Adult
774-50-3865,2024-06-16 18:11:00,C,Tilson,M,7,White,C,True,,22,False,C,June,Sunday,Child
743-91-6945,2023-09-16 21:40:00,C,Filimore,M,71,White,C,True,,28,False,C,September,Saturday,Senior
445-83-2204,2023-08-16 03:30:00,C,Broyd,M,71,White,C,True,,51,False,C,August,Wednesday,Senior
225-49-2583,2024-07-08 15:37:00,E,Vinsen,M,4,White,E,True,,40,False,E,July,Monday,Child
437-30-1210,2024-12-10 10:39:00,F,Derle,M,60,White,F,True,,12,False,F,December,Tuesday,Adult
639-97-8705,2023-06-06 05:39:00,F,Kainz,M,56,White,F,True,,54,False,F,June,Tuesday,Adult
523-16-7292,2023-08-29 09:27:00,G,Batiste,M,53,White,G,True,,21,False,G,August,Tuesday,Adult
407-40-5782,2023-07-22 22:19:00,G,Farron,M,26,White,G,True,,23,False,G,July,Saturday,Adult
555-46-4291,2023-09-19 13:44:00,H,Pidgley,M,5,White,H,True,,21,False,H,September,Tuesday,Child
682-86-8226,2023-06-24 17:19:00,I,McCaughey,M,12,White,I,True,,36,False,I,June,Saturday,Child
227-34-5910,2023-07-31 23:37:00,J,Tomovic,M,47,White,J,True,,21,False,J,July,Monday,Adult
663-14-4225,2023-12-24 12:55:00,J,Becerro,M,23,White,J,True,,41,False,J,December,Sunday,Adult
535-66-6021,2024-02-26 18:50:00,K,Knotton,M,43,White,K,True,,11,False,K,February,Monday,Adult
142-78-7156,2024-07-10 08:06:00,K,Peller,M,15,White,K,True,,36,False,K,July,Wednesday,Teen
330-51-8943,2023-09-17 04:07:00,L,Yair,M,58,White,L,True,,13,False,L,September,Sunday,Adult
472-69-7533,2023-11-17 15:45:00,M,Grimmett,M,40,White,M,True,,54,False,M,November,Friday,Adult
293-33-5200,2023-12-23 23:03:00,N,Mattheeuw,M,66,White,N,True,,45,False,N,December,Saturday,Senior
524-53-6024,2023-08-06 09:46:00,O,Stenson,M,8,White,O,True,,15,False,O,August,Sunday,Child
497-90-2670,2023-08-17 04:27:00,O,Wrightem,M,17,White,O,True,,30,False,O,August,Thursday,Teen
562-95-1851,2024-11-02 01:22:00,O,Daber,M,74,White,O,True,,53,False,O,November,Saturday,Senior
233-08-7548,2023-07-16 20:12:00,P,McKeever,M,20,White,P,True,,30,False,P,July,Sunday,Adult
153-26-1570,2023-08-13 14:52:00,Q,Mulvany,M,62,White,Q,True,,16,False,Q,August,Sunday,Senior
124-28-5022,2024-06-09 03:13:00,Q,Lomasna,M,8,White,Q,True,,56,False,Q,June,Sunday,Child
232-89-7136,2024-12-02 20:04:00,R,Silverthorne,M,65,White,R,True,,14,False,R,December,Monday,Senior
364-07-8056,2024-03-17 16:05:00,R,Sidsaff,M,69,White,R,True,,43,False,R,March,Sunday,Senior
213-37-6807,2023-08-16 05:54:00,S,Douce,M,79,White,S,True,,48,False,S,August,Wednesday,Senior
780-83-2349,2023-03-05 21:30:00,S,Sketch,M,32,White,S,True,,55,True,S,March,Sunday,Adult
168-64-3036,2024-04-22 23:21:00,T,Casarini,M,78,White,T,True,,49,False,T,April,Monday,Senior
152-63-8112,2023-12-28 07:25:00,U,Panichelli,M,71,White,U,True,,15,False,U,December,Thursday,Senior
644-56-6799,2024-03-31 01:49:00,V,Kingzeth,M,43,White,V,True,,13,False,V,March,Sunday,Adult
353-41-7612,2023-11-27 12:15:00,V,Leyland,M,58,White,V,True,,37,False,V,November,Monday,Adult
483-56-5234,2024-08-25 18:04:00,W,Pash,M,7,White,W,True,,34,False,W,August,Sunday,Child
858-85-6744,2023-04-23 00:43:00,W,Quiddington,M,34,White,W,True,,48,False,W,April,Sunday,Adult
619-81-7587,2023-12-12 23:33:00,X,Probbing,M,9,White,X,True,,15,False,X,December,Tuesday,Child
374-49-5410,2024-04-17 22:02:00,X,Morgen,M,49,White,X,True,,21,False,X,April,Wednesday,Adult
413-18-5206,2023-08-10 19:41:00,Y,Sakins,M,57,White,Y,True,,30,False,Y,August,Thursday,Adult
318-18-6578,2023-07-26 09:59:00,Y,Chilver,M,41,White,Y,True,,58,False,Y,July,Wednesday,Adult
287-34-1507,2023-07-31 13:43:00,Z,Garwill,M,19,White,Z,True,,15,False,Z,July,Monday,Adult
835-45-5469,2024-01-06 00:40:00,B,Jorat,M,71,White,B,True,0.0,53,False,B,January,Saturday,Senior
318-50-0134,2024-07-21 14:09:00,C,Gutowska,M,48,White,C,True,0.0,44,False,C,July,Sunday,Adult
588-32-8125,2023-12-18 06:54:00,H,Jacobssen,M,26,White,H,True,0.0,11,False,H,December,Monday,Adult
330-70-2830,2023-12-21 19:58:00,M,Eneas,M,44,White,M,True,0.0,26,False,M,December,Thursday,Adult
427-61-4630,2024-02-08 16:14:00,M,MacFarland,M,27,White,M,True,0.0,37,False,M,February,Thursday,Adult
688-21-4474,2023-09-06 15:59:00,Y,Utley,M,64,White,Y,True,0.0,19,False,Y,September,Wednesday,Senior
386-99-7261,2023-12-15 12:02:00,P,MacTrustrie,M,60,White,P,True,1.0,31,False,P,December,Friday,Adult
710-28-6576,2023-02-11 13:57:00,A,Levens,M,36,White,A,True,2.0,19,False,A,February,Saturday,Adult
764-69-8400,2024-09-30 03:31:00,K,Osorio,M,79,White,K,True,2.0,21,False,K,September,Monday,Senior
225-76-9368,2023-04-06 09:07:00,W,Biggar,M,56,White,W,True,2.0,21,False,W,April,Thursday,Adult
414-43-5287,2023-08-25 16:25:00,G,Fuzzard,M,48,White,G,True,3.0,24,False,G,August,Friday,Adult
531-11-9597,2023-07-21 01:30:00,M,Aubert,M,39,White,M,True,3.0,50,False,M,July,Friday,Adult
715-62-6956,2024-07-18 07:11:00,M,Iltchev,M,9,White,M,True,3.0,58,False,M,July,Thursday,Child
873-33-0832,2023-03-12 20:16:00,P,Giffon,M,29,White,P,True,3.0,39,False,P,March,Sunday,Adult
647-52-7688,2024-07-13 09:49:00,H,Worham,M,32,White,H,True,4.0,51,False,H,July,Saturday,Adult
283-07-6389,2024-01-08 17:18:00,A,Kildea,M,46,White,A,True,5.0,51,False,A,January,Monday,Adult
423-15-5984,2023-07-25 11:59:00,D,Matterface,M,31,White,D,True,5.0,53,False,D,July,Tuesday,Adult
845-27-3580,2023-09-26 01:51:00,G,Glidden,M,39,White,G,True,5.0,22,False,G,September,Tuesday,Adult
800-66-2051,2024-07-27 13:05:00,I,Plastow,M,28,White,I,True,5.0,60,False,I,July,Saturday,Adult
612-96-3788,2024-03-02 06:56:00,R,Mann,M,46,White,R,True,5.0,32,False,R,March,Saturday,Adult
670-45-6492,2023-12-22 18:51:00,A,Geillier,M,64,White,A,True,6.0,40,False,A,December,Friday,Senior
354-50-5854,2023-10-07 17:00:00,P,Llewellin,M,31,White,P,True,6.0,18,False,P,October,Saturday,Adult
483-70-4436,2024-05-21 01:57:00,S,Roark,M,4,White,S,True,6.0,13,False,S,May,Tuesday,Child
425-90-5163,2024-10-22 09:59:00,M,Hawtrey,M,63,White,M,True,7.0,37,False,M,October,Tuesday,Senior
180-56-0276,2023-04-28 23:23:00,A,Platts,M,42,White,A,True,8.0,22,False,A,April,Friday,Adult
516-30-4919,2023-02-04 21:59:00,S,Nyland,M,16,White,S,True,9.0,21,False,S,February,Saturday,Teen
102-43-8026,2023-07-08 08:01:00,W,Parker,M,27,White,W,True,9.0,13,False,W,July,Saturday,Adult
345-46-3519,2023-06-14 14:35:00,X,O'Fergus,M,37,White,X,True,9.0,27,False,X,June,Wednesday,Adult
203-70-6564,2024-05-30 03:07:00,X,McGarvey,M,16,White,X,True,9.0,60,False,X,May,Thursday,Teen
385-79-2506,2024-11-10 08:23:00,K,Haile,M,57,White,K,True,10.0,15,False,K,November,Sunday,Adult
547-48-9466,2023-12-22 23:40:00,W,Swatton,M,56,White,W,True,10.0,45,False,W,December,Friday,Adult
633-30-1877,2023-12-26 16:42:00,B,Flag,M,72,White,B,True,,57,False,B,December,Tuesday,Senior
810-65-3273,2023-05-22 08:32:00,D,Philbrook,M,79,White,D,True,,57,True,D,May,Monday,Senior
835-50-8973,2024-10-19 17:26:00,F,Dabbs,M,18,White,F,True,,11,False,F,October,Saturday,Teen
340-51-9084,2023-12-19 15:32:00,F,Fullylove,M,79,White,F,True,,39,False,F,December,Tuesday,Senior
653-56-1789,2023-08-10 10:13:00,H,Leefe,M,43,White,H,True,,43,False,H,August,Thursday,Adult
670-79-1251,2023-05-11 00:43:00,N,Gregolotti,M,60,White,N,True,,14,False,N,May,Thursday,Adult
467-83-9328,2023-09-22 02:09:00,S,Binley,M,43,White,S,True,,20,False,S,September,Friday,Adult
352-37-6251,2023-12-19 22:13:00,U,Ockendon,M,17,White,U,True,,52,False,U,December,Tuesday,Teen
190-02-7429,2024-05-05 20:55:00,X,Semrad,M,30,White,X,True,,27,False,X,May,Sunday,Adult
538-39-7442,2024-06-26 04:02:00,K,Durrand,M,9,White,K,True,0.0,45,False,K,June,Wednesday,Child
581-71-7643,2024-08-31 09:34:00,W,Baxill,M,67,White,W,True,2.0,47,False,W,August,Saturday,Senior
439-58-8420,2024-11-08 01:44:00,D,Giron,M,73,White,D,True,3.0,34,False,D,November,Friday,Senior
334-96-4072,2023-05-28 07:00:00,S,Forseith,M,63,White,S,True,4.0,50,True,S,May,Sunday,Senior
466-97-4081,2024-07-27 06:30:00,B,Fillimore,M,43,White,B,True,9.0,41,False,B,July,Saturday,Adult
398-19-1977,2024-09-23 00:03:00,M,Regus,M,63,White,M,True,,15,False,M,September,Monday,Senior
670-56-9740,2023-06-09 17:12:00,W,Anfossi,M,38,White,W,True,,53,False,W,June,Friday,Adult
196-41-1005,2023-04-19 03:14:00,X,Battin,M,2,White,X,True,4.0,52,False,X,April,Wednesday,Child
335-25-0106,2023-08-06 10:20:00,F,Deely,NC,61,African American,F,True,,55,False,F,August,Sunday,Senior
746-94-4167,2024-11-04 02:05:00,M,Byatt,NC,55,African American,M,True,,55,False,M,November,Monday,Adult
401-48-2727,2024-02-04 19:31:00,O,Puddicombe,NC,17,African American,O,True,,52,False,O,February,Sunday,Teen
110-34-1005,2023-12-28 02:19:00,V,Butting,NC,5,African American,V,True,,31,False,V,December,Thursday,Child
695-90-6476,2023-04-26 21:49:00,A,Paget,NC,58,African American,A,True,4.0,41,False,A,April,Wednesday,Adult
481-55-5602,2023-05-15 04:11:00,V,Hassett,NC,53,Declined to Identify,V,True,,39,True,V,May,Monday,Adult
730-96-4311,2023-12-14 18:12:00,F,Fowlston,NC,78,Declined to Identify,F,True,,31,False,F,December,Thursday,Senior
708-20-8149,2023-12-07 23:07:00,F,Sculley,NC,43,Declined to Identify,F,True,,32,False,F,December,Thursday,Adult
525-15-5126,2023-06-25 07:18:00,G,Linnett,NC,51,Declined to Identify,G,True,,32,False,G,June,Sunday,Adult
254-55-0234,2024-02-23 03:20:00,L,Snasdell,NC,43,Pacific Islander,L,True,,37,False,L,February,Friday,Adult
384-24-5300,2024-12-06 23:28:00,C,Dempster,NC,46,Two or More Races,C,True,,26,False,C,December,Friday,Adult
200-98-7030,2024-06-27 07:46:00,Y,Gerckens,NC,65,White,Y,True,,10,False,Y,June,Thursday,Senior
542-12-4124,2024-10-05 11:28:00,J,Breslau,NC,2,White,J,True,0.0,38,False,J,October,Saturday,Child
549-88-7719,2024-08-20 08:06:00,H,Figurski,NC,11,White,H,True,7.0,34,False,H,August,Tuesday,Child
888-31-9974,2024-03-23 07:45:00,N,Hatherley,NC,67,White,N,True,,18,False,N,March,Saturday,Senior
375-77-7547,2024-10-19 21:21:00,A,Haine,F,48,African American,A,True,,55,False,A,October,Saturday,Adult
401-54-5114,2024-08-16 12:23:00,C,Fabler,F,52,African American,C,True,,44,False,C,August,Friday,Adult
152-63-9780,2024-09-10 09:27:00,D,MacNeil,F,54,African American,D,True,,13,False,D,September,Tuesday,Adult
441-46-8707,2023-06-30 02:45:00,D,Filochov,F,7,African American,D,True,,37,False,D,June,Friday,Child
774-96-3514,2023-07-14 18:42:00,E,Sarfass,F,53,African American,E,True,,44,False,E,July,Friday,Adult
125-71-2639,2023-10-21 10:19:00,G,O'Neill,F,51,African American,G,True,,33,False,G,October,Saturday,Adult
885-62-7905,2024-03-28 17:26:00,O,Southwood,F,21,African American,O,True,,32,False,O,March,Thursday,Adult
690-60-3044,2023-08-22 22:25:00,U,Clew,F,2,African American,U,True,,55,False,U,August,Tuesday,Child
145-40-1045,2023-05-06 13:19:00,V,Prangle,F,12,African American,V,True,,44,False,V,May,Saturday,Child
857-03-3289,2023-09-05 12:32:00,X,Palfrey,F,59,African American,X,True,,10,True,X,September,Tuesday,Adult
578-18-1747,2024-12-01 23:02:00,M,Scambler,F,63,African American,M,True,1.0,45,False,M,December,Sunday,Senior
865-91-1513,2023-08-12 06:01:00,M,Ianittello,F,7,African American,M,True,4.0,57,False,M,August,Saturday,Child
159-55-1671,2024-04-26 19:57:00,T,Merryfield,F,50,African American,T,True,6.0,26,False,T,April,Friday,Adult
476-45-3645,2023-11-18 04:34:00,B,Gres,F,60,African American,B,True,,13,False,B,November,Saturday,Adult
489-73-9085,2023-04-26 20:35:00,G,Hattersley,F,9,African American,G,True,,56,False,G,April,Wednesday,Child
753-59-2860,2023-10-18 18:17:00,K,Heaps,F,25,African American,K,True,,48,False,K,October,Wednesday,Adult
676-76-4936,2023-05-05 09:05:00,N,Spino,F,3,African American,N,True,,43,True,N,May,Friday,Child
393-40-5807,2023-09-18 16:08:00,R,Vossing,F,7,African American,R,True,,32,False,R,September,Monday,Child
540-88-7623,2023-05-08 16:03:00,T,Champney,F,5,African American,T,True,,34,False,T,May,Monday,Child
724-35-7305,2024-02-03 05:26:00,U,Margery,F,67,African American,U,True,,34,False,U,February,Saturday,Senior
548-85-7423,2023-03-05 14:51:00,X,Mcsarry,F,59,African American,X,True,,45,True,X,March,Sunday,Adult
366-28-5083,2023-09-24 15:49:00,Z,Cazalet,F,67,African American,Z,True,,14,False,Z,September,Sunday,Senior
407-25-2841,2024-09-10 22:29:00,R,Thulborn,F,73,African American,R,True,3.0,16,False,R,September,Tuesday,Senior
548-38-0350,2023-12-10 17:05:00,H,Pettiford,F,48,African American,H,True,4.0,35,False,H,December,Sunday,Adult
250-28-2501,2023-06-10 21:18:00,W,Morch,F,70,African American,W,True,5.0,19,False,W,June,Saturday,Senior
711-46-8034,2023-05-20 13:03:00,H,Miner,F,41,African American,H,True,10.0,53,True,H,May,Saturday,Adult
660-57-0260,2024-07-04 17:34:00,A,Douthwaite,F,8,African American,A,True,,11,False,A,July,Thursday,Child
302-70-1794,2024-06-24 17:01:00,A,Arden,F,73,African American,A,True,,19,False,A,June,Monday,Senior
324-66-5621,2023-12-29 15:02:00,A,Ornillos,F,39,African American,A,True,,37,False,A,December,Friday,Adult
661-26-1636,2024-10-23 05:33:00,A,Williment,F,27,African American,A,True,,47,False,A,October,Wednesday,Adult
786-88-7335,2023-01-05 17:01:00,B,Normansell,F,7,African American,B,True,,19,True,B,January,Thursday,Child
803-38-7077,2024-07-14 09:21:00,B,Atton,F,18,African American,B,True,,24,False,B,July,Sunday,Teen
623-89-0066,2024-08-08 07:57:00,C,McGarahan,F,3,African American,C,True,,34,False,C,August,Thursday,Child
325-83-3354,2023-09-25 05:41:00,D,Eastmead,F,24,African American,D,True,,28,False,D,September,Monday,Adult
158-99-3168,2023-11-13 04:21:00,D,Benjamin,F,73,African American,D,True,,36,False,D,November,Monday,Senior
791-95-5994,2024-08-25 15:55:00,F,Steinson,F,33,African American,F,True,,40,False,F,August,Sunday,Adult
382-23-5205,2023-01-09 20:41:00,G,Cyples,F,25,African American,G,True,,11,False,G,January,Monday,Adult
642-29-3297,2023-04-12 22:37:00,G,Geraldez,F,4,African American,G,True,,35,False,G,April,Wednesday,Child
889-12-3929,2023-05-25 04:03:00,G,Ragate,F,8,African American,G,True,,35,True,G,May,Thursday,Child
852-89-5200,2024-09-15 03:37:00,G,Lope,F,7,African American,G,True,,43,False,G,September,Sunday,Child
531-97-4128,2024-01-07 00:36:00,H,Bullier,F,49,African American,H,True,,21,False,H,January,Sunday,Adult
463-21-7365,2023-11-16 04:52:00,H,Starcks,F,17,African American,H,True,,45,False,H,November,Thursday,Teen
367-01-0029,2024-10-15 17:31:00,I,Basili,F,10,African American,I,True,,40,False,I,October,Tuesday,Child
397-28-4915,2023-09-19 12:56:00,J,Paddington,F,2,African American,J,True,,56,False,J,September,Tuesday,Child
763-60-6360,2024-12-07 04:53:00,K,Scini,F,70,African American,K,True,,18,False,K,December,Saturday,Senior
396-78-3849,2023-07-28 19:26:00,K,Kiefer,F,29,African American,K,True,,38,False,K,July,Friday,Adult
284-11-1573,2024-06-15 19:32:00,K,Franzman,F,28,African American,K,True,,50,False,K,June,Saturday,Adult
791-29-5321,2024-04-01 18:19:00,L,Stonbridge,F,64,African American,L,True,,55,False,L,April,Monday,Senior
202-96-9613,2023-07-20 08:13:00,M,Abriani,F,5,African American,M,True,,21,False,M,July,Thursday,Child
186-26-5228,2024-08-28 05:55:00,M,Spiring,F,29,African American,M,True,,26,False,M,August,Wednesday,Adult
852-91-2788,2023-12-15 00:17:00,M,Abele,F,66,African American,M,True,,60,False,M,December,Friday,Senior
706-76-0191,2024-07-25 15:08:00,O,Gallafant,F,29,African American,O,True,,53,False,O,July,Thursday,Adult
464-29-2369,2023-05-07 06:43:00,O,Mettrick,F,29,African American,O,True,,56,False,O,May,Sunday,Adult
384-90-4175,2024-05-20 18:52:00,P,Quickfall,F,37,African American,P,True,,15,False,P,May,Monday,Adult
263-72-7906,2024-07-22 18:50:00,P,Yegorkin,F,58,African American,P,True,,26,False,P,July,Monday,Adult
399-26-0442,2023-12-22 17:46:00,P,Mattiazzo,F,49,African American,P,True,,27,False,P,December,Friday,Adult
164-11-5953,2024-10-09 21:29:00,P,Vardie,F,41,African American,P,True,,51,False,P,October,Wednesday,Adult
430-99-6185,2023-06-05 12:21:00,Q,Jubert,F,12,African American,Q,True,,12,True,Q,June,Monday,Child
550-61-7079,2024-09-13 18:54:00,Q,Shark,F,4,African American,Q,True,,14,False,Q,September,Friday,Child
899-16-2971,2023-06-12 03:08:00,S,Lebel,F,17,African American,S,True,,48,False,S,June,Monday,Teen
877-31-9427,2023-05-09 22:20:00,S,Prazer,F,63,African American,S,True,,51,False,S,May,Tuesday,Senior
178-16-4162,2023-10-31 01:37:00,T,Gueinn,F,56,African American,T,True,,22,False,T,October,Tuesday,Adult
283-02-9366,2024-02-09 19:02:00,U,Doulton,F,70,African American,U,True,,13,False,U,February,Friday,Senior
152-23-4004,2024-02-08 02:38:00,U,Radnage,F,62,African American,U,True,,31,False,U,February,Thursday,Senior
174-15-0807,2023-12-10 02:15:00,U,Walsh,F,43,African American,U,True,,52,False,U,December,Sunday,Adult
180-98-5818,2024-11-10 05:32:00,V,Southall,F,18,African American,V,True,,59,False,V,November,Sunday,Teen
273-01-8560,2024-06-17 16:20:00,W,Fewless,F,17,African American,W,True,,43,False,W,June,Monday,Teen
730-64-2077,2023-09-24 14:00:00,X,Rankin,F,8,African American,X,True,,24,False,X,September,Sunday,Child
624-82-6885,2023-06-18 06:17:00,X,Crofts,F,47,African American,X,True,,50,False,X,June,Sunday,Adult
477-35-3889,2024-04-08 20:10:00,Y,Ticic,F,15,African American,Y,True,,31,False,Y,April,Monday,Teen
899-48-1776,2023-05-30 18:23:00,Y,Klemt,F,23,African American,Y,True,,31,True,Y,May,Tuesday,Adult
552-08-9390,2023-04-14 03:43:00,Y,Stobbie,F,66,African American,Y,True,,41,False,Y,April,Friday,Senior
551-86-5733,2024-05-17 07:19:00,Y,Marklew,F,40,African American,Y,True,,44,False,Y,May,Friday,Adult
842-59-0940,2024-09-18 09:37:00,Z,McDuffie,F,30,African American,Z,True,,41,False,Z,September,Wednesday,Adult
468-44-0145,2023-08-07 01:02:00,C,Balma,F,37,African American,C,True,1.0,58,False,C,August,Monday,Adult
519-49-3038,2023-07-14 07:42:00,N,Henrionot,F,50,African American,N,True,3.0,13,False,N,July,Friday,Adult
377-64-6766,2024-01-29 04:48:00,T,Ingreda,F,67,African American,T,True,4.0,17,False,T,January,Monday,Senior
816-12-1573,2024-05-08 19:01:00,W,Fee,F,77,African American,W,True,4.0,22,False,W,May,Wednesday,Senior
251-98-9445,2024-12-05 17:55:00,L,Treffry,F,71,African American,L,True,5.0,54,False,L,December,Thursday,Senior
442-88-8033,2023-01-11 15:41:00,O,Winny,F,68,African American,O,True,5.0,19,False,O,January,Wednesday,Senior
884-07-5896,2023-11-16 18:13:00,O,Stanyon,F,43,African American,O,True,5.0,46,False,O,November,Thursday,Adult
750-23-6816,2023-05-12 16:01:00,O,Knocker,F,11,African American,O,True,5.0,54,False,O,May,Friday,Child
238-61-7262,2024-05-07 19:30:00,M,Bennedsen,F,6,African American,M,True,6.0,17,False,M,May,Tuesday,Child
536-68-0475,2024-09-09 13:14:00,T,Shillaker,F,25,African American,T,True,6.0,14,False,T,September,Monday,Adult
818-18-4773,2024-04-23 10:00:00,G,Faucett,F,64,African American,G,True,7.0,41,False,G,April,Tuesday,Senior
549-91-5573,2024-04-15 02:23:00,M,Schaffel,F,47,African American,M,True,8.0,30,False,M,April,Monday,Adult
624-52-0442,2023-04-15 18:22:00,N,Stansby,F,52,African American,N,True,8.0,58,False,N,April,Saturday,Adult
199-42-7548,2023-04-21 12:54:00,F,Divell,F,47,African American,F,True,9.0,50,False,F,April,Friday,Adult
815-67-5217,2024-07-28 21:57:00,K,Edlin,F,59,African American,K,True,9.0,41,False,K,July,Sunday,Adult
297-21-1996,2024-03-05 15:50:00,N,Beat,F,11,African American,N,True,9.0,53,False,N,March,Tuesday,Child
321-09-0448,2023-07-11 03:08:00,C,Skade,F,2,African American,C,True,10.0,13,False,C,July,Tuesday,Child
310-87-0319,2023-06-08 03:52:00,E,Abdee,F,65,African American,E,True,10.0,19,False,E,June,Thursday,Senior
737-16-3422,2023-05-21 08:35:00,E,Fellos,F,45,African American,E,True,10.0,23,True,E,May,Sunday,Adult
206-29-8584,2024-08-01 21:24:00,S,Fearnsides,F,17,African American,S,True,10.0,58,False,S,August,Thursday,Teen
359-09-1937,2024-09-16 16:36:00,A,Garioch,F,60,African American,A,True,,18,False,A,September,Monday,Adult
783-39-5247,2023-12-15 13:03:00,B,Everingham,F,60,African American,B,True,,17,False,B,December,Friday,Adult
879-93-8813,2023-10-23 19:15:00,B,Waddell,F,12,African American,B,True,,55,False,B,October,Monday,Child
547-84-9622,2024-07-14 10:58:00,F,Torrance,F,10,African American,F,True,,15,False,F,July,Sunday,Child
188-23-0231,2023-04-12 18:33:00,N,Greensite,F,58,African American,N,True,,55,False,N,April,Wednesday,Adult
433-82-5158,2024-01-30 16:00:00,S,Broughton,F,35,African American,S,True,,16,False,S,January,Tuesday,Adult
154-31-5563,2023-10-31 00:52:00,U,Luca,F,55,African American,U,True,,34,False,U,October,Tuesday,Adult
613-57-6485,2023-04-25 07:51:00,U,Dadswell,F,10,African American,U,True,,41,False,U,April,Tuesday,Child
422-80-2579,2024-10-06 23:30:00,Y,Hamments,F,31,African American,Y,True,,36,False,Y,October,Sunday,Adult
250-66-4495,2024-05-02 17:34:00,V,Nabbs,F,38,African American,V,True,2.0,38,False,V,May,Thursday,Adult
431-70-7977,2023-06-27 00:30:00,A,Eatock,F,15,African American,A,True,5.0,27,False,A,June,Tuesday,Teen
657-56-7706,2023-07-28 17:37:00,M,Manginot,F,75,African American,M,True,5.0,59,False,M,July,Friday,Senior
668-87-0275,2024-10-24 22:42:00,E,Roiz,F,15,African American,E,True,9.0,58,False,E,October,Thursday,Teen
119-26-2201,2024-09-05 16:39:00,A,Angell,F,42,African American,A,True,,27,False,A,September,Thursday,Adult
700-68-4912,2024-04-30 21:34:00,A,Coombs,F,22,African American,A,True,,38,False,A,April,Tuesday,Adult
106-76-7225,2023-09-14 01:58:00,A,Gipson,F,17,African American,A,True,,44,False,A,September,Thursday,Teen
347-41-3905,2023-07-05 04:00:00,A,Hedde,F,30,African American,A,True,,55,True,A,July,Wednesday,Adult
798-70-3323,2024-09-17 17:43:00,A,Shillitoe,F,9,African American,A,True,,60,False,A,September,Tuesday,Child
207-74-6194,2024-04-18 23:25:00,B,Sloss,F,3,African American,B,True,,16,False,B,April,Thursday,Child
472-53-4784,2023-07-24 21:50:00,B,Thon,F,43,African American,B,True,,25,False,B,July,Monday,Adult
438-97-9487,2024-09-03 12:53:00,B,Tomasik,F,32,African American,B,True,,28,False,B,September,Tuesday,Adult
418-23-0083,2023-08-12 17:51:00,B,Whinray,F,33,African American,B,True,,36,False,B,August,Saturday,Adult
808-83-6561,2024-02-25 07:28:00,B,Lindback,F,45,African American,B,True,,37,False,B,February,Sunday,Adult
384-24-4481,2023-12-17 02:09:00,B,Scobbie,F,39,African American,B,True,,47,False,B,December,Sunday,Adult
587-01-1932,2023-10-11 23:29:00,B,Leppo,F,8,African American,B,True,,50,False,B,October,Wednesday,Child
846-12-5816,2024-05-13 12:25:00,B,Robiot,F,47,African American,B,True,,51,False,B,May,Monday,Adult
371-22-5842,2023-11-08 06:45:00,B,O'Hearn,F,75,African American,B,True,,51,False,B,November,Wednesday,Senior
215-29-2936,2023-09-09 13:19:00,B,Emberson,F,44,African American,B,True,,53,False,B,September,Saturday,Adult
338-11-7529,2023-01-04 17:41:00,B,Grzelczak,F,38,African American,B,True,,54,False,B,January,Wednesday,Adult
478-58-9136,2023-03-05 11:27:00,B,Judkin,F,65,African American,B,True,,54,True,B,March,Sunday,Senior
625-79-4633,2024-02-05 23:53:00,C,Rope,F,20,African American,C,True,,13,False,C,February,Monday,Adult
797-20-9107,2024-03-10 19:33:00,C,Kyte,F,59,African American,C,True,,18,False,C,March,Sunday,Adult
851-78-7667,2023-07-24 08:00:00,C,Heavy,F,37,African American,C,True,,30,False,C,July,Monday,Adult
626-42-7918,2024-05-26 05:19:00,C,Pimlock,F,27,African American,C,True,,36,False,C,May,Sunday,Adult
314-48-4183,2024-05-27 01:11:00,C,Brower,F,54,African American,C,True,,39,False,C,May,Monday,Adult
559-99-9805,2023-01-11 01:15:00,C,O'Hoolahan,F,66,African American,C,True,,39,False,C,January,Wednesday,Senior
785-14-2082,2024-03-23 14:48:00,D,Kestin,F,61,African American,D,True,,14,False,D,March,Saturday,Senior
563-60-9618,2024-02-10 12:20:00,D,Golden of Ireland,F,71,African American,D,True,,30,False,D,February,Saturday,Senior
136-56-3814,2023-10-20 06:37:00,D,Creboe,F,62,African American,D,True,,31,False,D,October,Friday,Senior
890-09-5805,2024-05-02 19:22:00,D,Linkie,F,8,African American,D,True,,32,False,D,May,Thursday,Child
208-89-2644,2024-03-19 07:01:00,D,Heeps,F,62,African American,D,True,,36,False,D,March,Tuesday,Senior
854-18-4574,2024-09-06 11:51:00,D,Camerello,F,59,African American,D,True,,39,False,D,September,Friday,Adult
149-73-5025,2024-02-16 13:19:00,D,Danet,F,72,African American,D,True,,46,False,D,February,Friday,Senior
771-65-9241,2023-11-19 02:46:00,D,Garvey,F,45,African American,D,True,,51,False,D,November,Sunday,Adult
648-84-0803,2023-10-13 04:23:00,E,Haxbie,F,34,African American,E,True,,16,False,E,October,Friday,Adult
654-47-3643,2024-09-15 06:07:00,E,Heberden,F,54,African American,E,True,,18,False,E,September,Sunday,Adult
696-65-5769,2024-07-16 00:58:00,E,Erangey,F,41,African American,E,True,,20,False,E,July,Tuesday,Adult
540-85-3196,2024-03-30 06:10:00,E,Krollmann,F,33,African American,E,True,,21,False,E,March,Saturday,Adult
435-33-5469,2023-01-05 03:04:00,E,Anthoine,F,28,African American,E,True,,23,True,E,January,Thursday,Adult
581-11-0547,2023-09-08 10:42:00,E,Gorries,F,67,African American,E,True,,25,False,E,September,Friday,Senior
726-73-2510,2023-07-11 21:57:00,E,Longland,F,34,African American,E,True,,26,False,E,July,Tuesday,Adult
522-30-9330,2024-01-29 02:44:00,E,Van der Kruys,F,45,African American,E,True,,31,False,E,January,Monday,Adult
648-23-5753,2023-04-17 01:46:00,E,Spofforth,F,14,African American,E,True,,47,False,E,April,Monday,Teen
736-08-9674,2023-11-11 13:24:00,E,Itscowicz,F,1,African American,E,True,,48,False,E,November,Saturday,Child
471-58-0942,2023-12-23 03:03:00,F,Dilrew,F,35,African American,F,True,,26,False,F,December,Saturday,Adult
401-25-3976,2023-04-22 17:57:00,F,Bagge,F,50,African American,F,True,,26,False,F,April,Saturday,Adult
605-97-5273,2023-12-25 08:45:00,F,Cagan,F,27,African American,F,True,,34,False,F,December,Monday,Adult
552-51-5855,2024-09-09 19:25:00,F,Dickerson,F,24,African American,F,True,,36,False,F,September,Monday,Adult
371-60-2571,2024-07-18 03:58:00,F,Rosling,F,55,African American,F,True,,38,False,F,July,Thursday,Adult
834-93-8607,2023-07-11 04:52:00,F,Richings,F,3,African American,F,True,,55,False,F,July,Tuesday,Child
233-87-0588,2024-10-01 06:01:00,F,Aronoff,F,68,African American,F,True,,55,False,F,October,Tuesday,Senior
694-42-9885,2023-09-16 13:28:00,G,Domengue,F,42,African American,G,True,,12,False,G,September,Saturday,Adult
680-36-3688,2023-06-19 04:34:00,G,Ricciardiello,F,79,African American,G,True,,12,False,G,June,Monday,Senior
722-31-7591,2023-08-31 19:34:00,G,Butterwick,F,21,African American,G,True,,21,False,G,August,Thursday,Adult
645-29-6383,2024-09-04 09:02:00,G,Hitzschke,F,58,African American,G,True,,31,False,G,September,Wednesday,Adult
818-95-6696,2023-11-30 11:05:00,G,Tilney,F,10,African American,G,True,,36,False,G,November,Thursday,Child
734-73-5251,2023-11-19 01:08:00,G,Catteroll,F,63,African American,G,True,,53,False,G,November,Sunday,Senior
228-13-6406,2023-10-20 16:14:00,H,Clemmett,F,69,African American,H,True,,14,False,H,October,Friday,Senior
606-12-2990,2024-05-17 13:10:00,H,Sandifer,F,70,African American,H,True,,30,False,H,May,Friday,Senior
368-51-1649,2023-11-29 07:11:00,H,Desson,F,19,African American,H,True,,31,False,H,November,Wednesday,Adult
728-96-6611,2024-01-09 03:20:00,H,Rickson,F,61,African American,H,True,,32,False,H,January,Tuesday,Senior
694-52-4320,2023-06-12 21:20:00,H,Messer,F,14,African American,H,True,,40,False,H,June,Monday,Teen
383-43-2338,2024-01-06 03:47:00,H,Wylder,F,22,African American,H,True,,41,False,H,January,Saturday,Adult
442-76-0043,2023-07-07 20:34:00,H,Yakunin,F,4,African American,H,True,,44,False,H,July,Friday,Child
804-54-2708,2024-09-24 15:44:00,H,Illes,F,23,African American,H,True,,59,False,H,September,Tuesday,Adult
858-17-6292,2023-04-14 12:55:00,I,Beacon,F,71,African American,I,True,,14,False,I,April,Friday,Senior
655-89-8382,2024-11-08 09:59:00,I,Kellett,F,69,African American,I,True,,18,False,I,November,Friday,Senior
155-29-2929,2023-06-15 17:45:00,I,Mowbray,F,55,African American,I,True,,19,False,I,June,Thursday,Adult
328-21-4469,2023-09-22 04:55:00,I,Hutchison,F,73,African American,I,True,,19,False,I,September,Friday,Senior
207-26-9995,2024-08-10 13:08:00,I,Upcraft,F,16,African American,I,True,,32,False,I,August,Saturday,Teen
600-88-7516,2024-06-23 22:25:00,I,Burt,F,68,African American,I,True,,39,False,I,June,Sunday,Senior
399-94-6873,2024-02-26 09:34:00,I,Soldi,F,65,African American,I,True,,40,False,I,February,Monday,Senior
598-42-7920,2023-07-11 12:33:00,I,Waldera,F,36,African American,I,True,,60,False,I,July,Tuesday,Adult
241-30-9186,2024-09-19 23:06:00,J,Style,F,60,African American,J,True,,20,False,J,September,Thursday,Adult
234-07-0725,2023-12-05 21:29:00,J,Mellmer,F,36,African American,J,True,,31,True,J,December,Tuesday,Adult
428-40-4491,2023-01-04 14:07:00,J,Antonnikov,F,46,African American,J,True,,45,False,J,January,Wednesday,Adult
787-19-9146,2024-07-09 04:39:00,J,Wilcox,F,16,African American,J,True,,47,False,J,July,Tuesday,Teen
226-80-6851,2023-03-10 23:56:00,J,Keable,F,11,African American,J,True,,59,False,J,March,Friday,Child
680-94-3403,2024-04-02 09:03:00,K,Peirce,F,68,African American,K,True,,21,False,K,April,Tuesday,Senior
592-07-8966,2023-05-04 03:11:00,K,Antonietti,F,7,African American,K,True,,39,False,K,May,Thursday,Child
293-25-5155,2024-03-16 05:02:00,K,Ivimey,F,72,African American,K,True,,41,False,K,March,Saturday,Senior
345-17-6820,2024-04-18 04:52:00,K,Keele,F,71,African American,K,True,,43,False,K,April,Thursday,Senior
655-10-2008,2023-02-07 13:11:00,K,Doe,F,63,African American,K,True,,53,False,K,February,Tuesday,Senior
233-63-3129,2024-08-29 06:26:00,K,Germain,F,4,African American,K,True,,54,False,K,August,Thursday,Child
822-82-5684,2023-09-11 21:20:00,L,Pierucci,F,73,African American,L,True,,10,False,L,September,Monday,Senior
826-42-1468,2024-11-06 16:45:00,L,Mildenhall,F,71,African American,L,True,,19,False,L,November,Wednesday,Senior
649-92-9455,2024-08-18 16:31:00,L,Renon,F,74,African American,L,True,,19,False,L,August,Sunday,Senior
858-60-9117,2023-04-04 18:10:00,L,Scorer,F,39,African American,L,True,,32,False,L,April,Tuesday,Adult
488-06-7985,2023-08-21 11:48:00,L,Thody,F,40,African American,L,True,,33,False,L,August,Monday,Adult
645-32-3397,2024-10-09 05:13:00,L,Harrald,F,3,African American,L,True,,42,False,L,October,Wednesday,Child
553-16-6005,2024-03-13 00:52:00,L,Roches,F,76,African American,L,True,,47,False,L,March,Wednesday,Senior
226-63-2239,2024-03-01 11:01:00,L,Challinor,F,45,African American,L,True,,57,False,L,March,Friday,Adult
813-69-5454,2023-11-14 00:17:00,M,Matisoff,F,47,African American,M,True,,11,False,M,November,Tuesday,Adult
300-70-1777,2024-05-21 03:41:00,M,Bloxsum,F,33,African American,M,True,,16,False,M,May,Tuesday,Adult
853-29-4524,2024-05-01 01:46:00,M,Giraux,F,76,African American,M,True,,21,False,M,May,Wednesday,Senior
492-42-7103,2024-04-08 23:45:00,M,Kindle,F,52,African American,M,True,,46,False,M,April,Monday,Adult
800-40-6304,2024-09-28 16:58:00,M,Hockell,F,33,African American,M,True,,47,False,M,September,Saturday,Adult
811-04-0657,2024-06-16 11:49:00,M,Loveland,F,9,African American,M,True,,52,False,M,June,Sunday,Child
410-70-5588,2024-02-05 14:19:00,N,Batchelor,F,28,African American,N,True,,12,False,N,February,Monday,Adult
702-35-3828,2024-05-01 08:58:00,N,Slainey,F,79,African American,N,True,,17,False,N,May,Wednesday,Senior
851-87-0017,2023-12-15 00:16:00,N,Coward,F,75,African American,N,True,,24,False,N,December,Friday,Senior
232-01-8969,2024-03-31 07:10:00,N,Baythorp,F,29,African American,N,True,,26,False,N,March,Sunday,Adult
119-69-8577,2023-11-08 13:15:00,N,Glennon,F,36,African American,N,True,,26,False,N,November,Wednesday,Adult
348-60-8619,2023-07-19 15:48:00,N,Tummond,F,22,African American,N,True,,36,False,N,July,Wednesday,Adult
413-08-3063,2023-09-25 22:33:00,N,Bandiera,F,21,African American,N,True,,38,False,N,September,Monday,Adult
100-72-5705,2024-06-19 22:16:00,N,Dudny,F,60,African American,N,True,,45,False,N,June,Wednesday,Adult
260-98-9898,2023-08-26 08:30:00,O,Horsted,F,21,African American,O,True,,10,False,O,August,Saturday,Adult
536-60-6147,2023-11-10 07:36:00,O,Caberas,F,76,African American,O,True,,23,False,O,November,Friday,Senior
389-69-8333,2024-06-04 09:56:00,O,Barthrop,F,67,African American,O,True,,29,False,O,June,Tuesday,Senior
217-72-7623,2024-04-27 19:53:00,O,Jeanel,F,50,African American,O,True,,31,False,O,April,Saturday,Adult
385-06-1474,2024-11-06 11:23:00,O,Dysart,F,36,African American,O,True,,44,False,O,November,Wednesday,Adult
795-55-8908,2024-07-31 06:17:00,O,Phillott,F,45,African American,O,True,,58,False,O,July,Wednesday,Adult
306-88-5651,2024-10-08 12:52:00,P,McArte,F,51,African American,P,True,,16,False,P,October,Tuesday,Adult
458-48-8079,2023-01-07 00:58:00,P,Mendes,F,51,African American,P,True,,32,False,P,January,Saturday,Adult
879-29-8821,2024-02-23 16:07:00,P,Pentecost,F,9,African American,P,True,,48,False,P,February,Friday,Child
868-61-4528,2024-11-03 11:18:00,P,Merriman,F,6,African American,P,True,,51,False,P,November,Sunday,Child
610-91-1866,2023-08-19 09:43:00,P,Cabell,F,38,African American,P,True,,54,False,P,August,Saturday,Adult
764-55-3939,2023-07-09 22:17:00,P,Arniz,F,55,African American,P,True,,54,False,P,July,Sunday,Adult
842-53-5450,2023-11-10 17:26:00,P,Ruperti,F,68,African American,P,True,,54,False,P,November,Friday,Senior
871-02-5581,2024-10-13 07:50:00,Q,Dodding,F,11,African American,Q,True,,20,False,Q,October,Sunday,Child
748-85-4467,2023-07-17 00:11:00,Q,Linkin,F,12,African American,Q,True,,20,False,Q,July,Monday,Child
214-90-6360,2023-04-09 13:12:00,Q,Bouskill,F,71,African American,Q,True,,27,False,Q,April,Sunday,Senior
240-62-0770,2024-05-31 08:09:00,Q,Pietraszek,F,51,African American,Q,True,,28,False,Q,May,Friday,Adult
780-84-7920,2023-06-18 07:43:00,Q,Trimmell,F,20,African American,Q,True,,34,False,Q,June,Sunday,Adult
219-44-4242,2024-04-02 21:17:00,Q,Lebarree,F,34,African American,Q,True,,45,False,Q,April,Tuesday,Adult
635-34-2598,2023-05-10 17:50:00,R,Duckham,F,40,African American,R,True,,19,False,R,May,Wednesday,Adult
868-10-5414,2023-01-04 18:16:00,R,Fulker,F,55,African American,R,True,,24,False,R,January,Wednesday,Adult
198-32-9920,2024-04-15 14:36:00,R,Codeman,F,64,African American,R,True,,28,False,R,April,Monday,Senior
626-52-3000,2023-07-10 05:11:00,R,Cahn,F,29,African American,R,True,,29,False,R,July,Monday,Adult
524-72-4755,2023-05-20 12:55:00,R,Noni,F,41,African American,R,True,,33,True,R,May,Saturday,Adult
222-61-8906,2024-09-30 05:23:00,R,Purselowe,F,68,African American,R,True,,38,False,R,September,Monday,Senior
253-21-4540,2023-08-05 09:59:00,R,Kilduff,F,1,African American,R,True,,43,True,R,August,Saturday,Child
800-24-4809,2024-05-03 14:54:00,R,Artist,F,38,African American,R,True,,45,False,R,May,Friday,Adult
612-62-4663,2024-05-31 04:45:00,R,Nickolls,F,65,African American,R,True,,56,False,R,May,Friday,Senior
146-55-5490,2024-06-21 15:20:00,R,Jost,F,27,African American,R,True,,59,False,R,June,Friday,Adult
530-04-1554,2023-07-13 16:41:00,S,Bielfelt,F,31,African American,S,True,,19,False,S,July,Thursday,Adult
614-27-2796,2023-07-04 03:52:00,S,Sango,F,5,African American,S,True,,32,False,S,July,Tuesday,Child
774-42-0800,2024-10-20 23:03:00,S,Tumini,F,41,African American,S,True,,32,False,S,October,Sunday,Adult
704-73-3087,2024-08-06 17:35:00,S,Gowler,F,22,African American,S,True,,41,False,S,August,Tuesday,Adult
279-37-9814,2024-02-07 12:44:00,S,Kitchingman,F,2,African American,S,True,,43,False,S,February,Wednesday,Child
396-12-3467,2024-08-09 20:52:00,S,Barrowcliffe,F,31,African American,S,True,,43,False,S,August,Friday,Adult
592-26-8178,2023-05-31 07:44:00,S,Liveing,F,45,African American,S,True,,53,True,S,May,Wednesday,Adult
459-19-7205,2024-07-22 23:15:00,S,Semmence,F,8,African American,S,True,,57,False,S,July,Monday,Child
131-86-4510,2023-06-28 11:46:00,S,Arnau,F,43,African American,S,True,,58,False,S,June,Wednesday,Adult
282-68-5174,2023-02-11 20:55:00,T,Ovise,F,13,African American,T,True,,17,False,T,February,Saturday,Teen
157-57-6255,2023-11-20 14:03:00,T,Pinner,F,68,African American,T,True,,27,False,T,November,Monday,Senior
547-28-7593,2024-09-27 11:03:00,T,Polycote,F,26,African American,T,True,,29,False,T,September,Friday,Adult
178-58-2186,2024-09-24 01:00:00,T,Baack,F,42,African American,T,True,,29,False,T,September,Tuesday,Adult
344-79-1146,2024-02-22 13:51:00,T,Jeffcoate,F,13,African American,T,True,,45,False,T,February,Thursday,Teen
452-12-7042,2023-03-09 08:37:00,T,Shieldon,F,7,African American,T,True,,50,False,T,March,Thursday,Child
153-66-2325,2024-07-03 22:36:00,T,Haggerstone,F,25,African American,T,True,,54,False,T,July,Wednesday,Adult
249-51-3100,2024-03-05 23:26:00,T,Gooddy,F,56,African American,T,True,,57,False,T,March,Tuesday,Adult
283-93-3887,2023-11-23 07:53:00,U,Narup,F,36,African American,U,True,,27,False,U,November,Thursday,Adult
431-67-3146,2023-09-28 14:59:00,U,Hebbes,F,73,African American,U,True,,32,False,U,September,Thursday,Senior
432-31-1766,2023-06-16 13:21:00,U,Freen,F,62,African American,U,True,,33,False,U,June,Friday,Senior
770-37-1365,2023-10-18 13:22:00,U,Endle,F,60,African American,U,True,,36,False,U,October,Wednesday,Adult
352-11-2598,2023-07-05 15:51:00,U,Passman,F,69,African American,U,True,,37,True,U,July,Wednesday,Senior
242-25-0104,2024-11-05 09:27:00,V,Nestor,F,57,African American,V,True,,15,False,V,November,Tuesday,Adult
401-49-3657,2024-06-22 01:43:00,V,Benbough,F,10,African American,V,True,,16,False,V,June,Saturday,Child
229-03-5195,2024-04-13 02:09:00,V,Iacovazzi,F,17,African American,V,True,,18,False,V,April,Saturday,Teen
716-90-5923,2024-01-01 11:42:00,V,Seadon,F,8,African American,V,True,,21,False,V,January,Monday,Child
722-05-8745,2024-06-04 13:20:00,V,Baggaley,F,2,African American,V,True,,22,False,V,June,Tuesday,Child
249-88-6525,2023-09-28 03:18:00,W,Daykin,F,24,African American,W,True,,20,False,W,September,Thursday,Adult
726-87-5473,2023-03-12 15:18:00,W,Attride,F,28,African American,W,True,,30,False,W,March,Sunday,Adult
401-44-5151,2023-08-26 00:49:00,W,Spire,F,5,African American,W,True,,38,False,W,August,Saturday,Child
539-18-5390,2024-05-31 19:56:00,W,Dautry,F,40,African American,W,True,,38,False,W,May,Friday,Adult
314-39-8096,2024-01-10 16:23:00,W,Darnborough,F,29,African American,W,True,,46,False,W,January,Wednesday,Adult
648-39-7082,2023-06-26 01:22:00,X,Kayes,F,23,African American,X,True,,18,False,X,June,Monday,Adult
540-13-9723,2023-09-21 02:31:00,X,Kettel,F,74,African American,X,True,,18,False,X,September,Thursday,Senior
624-61-4137,2023-09-24 19:27:00,X,Arderne,F,11,African American,X,True,,20,False,X,September,Sunday,Child
131-12-7088,2024-07-24 04:06:00,X,Fri,F,75,African American,X,True,,24,False,X,July,Wednesday,Senior
112-04-3574,2023-10-17 10:23:00,X,Whyley,F,56,African American,X,True,,25,False,X,October,Tuesday,Adult
695-82-2847,2024-06-30 19:02:00,X,Sadat,F,79,African American,X,True,,25,False,X,June,Sunday,Senior
193-14-0533,2023-11-19 19:58:00,X,Railton,F,9,African American,X,True,,32,False,X,November,Sunday,Child
275-06-8401,2023-11-23 08:52:00,X,Poschel,F,21,African American,X,True,,32,False,X,November,Thursday,Adult
250-22-9666,2024-08-16 22:24:00,X,Geeve,F,35,African American,X,True,,32,False,X,August,Friday,Adult
118-21-1408,2023-06-14 17:21:00,X,Orpin,F,61,African American,X,True,,35,False,X,June,Wednesday,Senior
558-13-0654,2024-12-10 18:22:00,X,McVey,F,61,African American,X,True,,42,False,X,December,Tuesday,Senior
122-20-7063,2024-07-14 19:51:00,X,Poller,F,11,African American,X,True,,45,False,X,July,Sunday,Child
846-14-9064,2024-05-21 07:18:00,X,Mebes,F,21,African American,X,True,,45,False,X,May,Tuesday,Adult
594-14-9127,2023-11-10 05:21:00,X,Bleas,F,41,African American,X,True,,45,False,X,November,Friday,Adult
678-92-5624,2024-11-02 19:59:00,X,Fermoy,F,8,African American,X,True,,47,False,X,November,Saturday,Child
549-67-9921,2024-05-04 08:24:00,X,Hewson,F,5,African American,X,True,,49,False,X,May,Saturday,Child
198-17-1345,2023-10-19 07:27:00,X,Busse,F,56,African American,X,True,,57,False,X,October,Thursday,Adult
687-31-7083,2023-06-11 23:40:00,X,Philliskirk,F,38,African American,X,True,,60,False,X,June,Sunday,Adult
807-06-2498,2024-01-03 03:23:00,X,Cowpertwait,F,66,African American,X,True,,60,False,X,January,Wednesday,Senior
797-83-6141,2023-12-20 06:10:00,Y,Toppes,F,14,African American,Y,True,,20,False,Y,December,Wednesday,Teen
239-13-8585,2024-02-22 16:40:00,Y,Kielt,F,45,African American,Y,True,,21,False,Y,February,Thursday,Adult
891-40-2451,2023-08-18 15:01:00,Y,Lambourne,F,31,African American,Y,True,,25,False,Y,August,Friday,Adult
418-08-2525,2024-03-19 22:00:00,Y,Tate,F,10,African American,Y,True,,46,False,Y,March,Tuesday,Child
103-87-1157,2023-09-15 16:56:00,Y,Pashby,F,51,African American,Y,True,,46,False,Y,September,Friday,Adult
430-06-5242,2023-07-12 11:37:00,Y,Towersey,F,29,African American,Y,True,,47,False,Y,July,Wednesday,Adult
746-57-1832,2023-04-21 19:20:00,Y,Frake,F,52,African American,Y,True,,52,False,Y,April,Friday,Adult
177-87-5959,2023-12-04 14:37:00,Z,Prattin,F,39,African American,Z,True,,27,False,Z,December,Monday,Adult
829-75-6831,2024-11-03 21:11:00,Z,McColley,F,35,African American,Z,True,,28,False,Z,November,Sunday,Adult
160-66-2221,2023-05-17 01:52:00,Z,Gritten,F,14,African American,Z,True,,31,True,Z,May,Wednesday,Teen
627-43-1873,2024-07-26 17:25:00,Z,Mateev,F,3,African American,Z,True,,53,False,Z,July,Friday,Child
771-36-1122,2023-07-20 12:01:00,N,Itzhaiek,F,29,African American,N,True,0.0,56,False,N,July,Thursday,Adult
209-61-6925,2024-01-10 21:49:00,S,Brumpton,F,68,African American,S,True,0.0,56,False,S,January,Wednesday,Senior
646-01-7174,2024-07-17 09:48:00,W,Grimster,F,24,African American,W,True,0.0,47,False,W,July,Wednesday,Adult
168-26-7298,2024-09-06 06:16:00,X,Nann,F,21,African American,X,True,0.0,40,False,X,September,Friday,Adult
243-12-6070,2023-07-29 15:49:00,A,Flanner,F,76,African American,A,True,1.0,32,False,A,July,Saturday,Senior
778-27-1739,2024-12-07 15:52:00,C,Freathy,F,39,African American,C,True,1.0,42,False,C,December,Saturday,Adult
456-85-7685,2024-10-06 00:10:00,P,Boyson,F,30,African American,P,True,1.0,32,False,P,October,Sunday,Adult
840-02-8126,2023-06-22 14:28:00,D,Parnby,F,45,African American,D,True,2.0,12,False,D,June,Thursday,Adult
406-91-8582,2023-10-20 11:55:00,M,Romei,F,41,African American,M,True,2.0,57,False,M,October,Friday,Adult
302-30-5447,2024-06-26 09:31:00,Q,McAllester,F,77,African American,Q,True,2.0,44,False,Q,June,Wednesday,Senior
185-09-2897,2024-08-08 21:11:00,S,Prewer,F,78,African American,S,True,2.0,21,False,S,August,Thursday,Senior
290-98-3369,2023-06-08 00:10:00,U,Shearman,F,79,African American,U,True,2.0,28,False,U,June,Thursday,Senior
512-12-3157,2024-05-20 04:02:00,V,Stroud,F,21,African American,V,True,2.0,18,False,V,May,Monday,Adult
291-97-4031,2024-01-14 02:48:00,D,Churches,F,75,African American,D,True,3.0,26,False,D,January,Sunday,Senior
752-27-1468,2023-04-13 22:43:00,D,Dedon,F,68,African American,D,True,3.0,53,False,D,April,Thursday,Senior
197-31-7419,2023-05-30 13:54:00,I,Zecchinelli,F,39,African American,I,True,3.0,53,True,I,May,Tuesday,Adult
487-49-2870,2024-05-18 12:22:00,K,Adnam,F,61,African American,K,True,3.0,15,False,K,May,Saturday,Senior
680-23-3462,2023-12-08 19:48:00,L,Loseby,F,76,African American,L,True,3.0,29,False,L,December,Friday,Senior
262-62-7521,2024-06-01 11:26:00,S,Daniau,F,22,African American,S,True,3.0,50,False,S,June,Saturday,Adult
192-40-2024,2023-10-29 08:17:00,U,Pickworth,F,42,African American,U,True,3.0,27,False,U,October,Sunday,Adult
801-12-2935,2024-10-05 00:55:00,Y,Sambrok,F,74,African American,Y,True,3.0,33,False,Y,October,Saturday,Senior
825-59-4709,2023-12-27 10:34:00,Z,Primett,F,71,African American,Z,True,3.0,48,False,Z,December,Wednesday,Senior
675-90-7843,2023-06-27 17:11:00,A,Dykins,F,51,African American,A,True,4.0,17,False,A,June,Tuesday,Adult
575-57-1946,2023-10-18 03:51:00,A,Pietrzak,F,41,African American,A,True,4.0,21,False,A,October,Wednesday,Adult
456-83-3428,2024-08-05 18:10:00,E,Keattch,F,1,African American,E,True,4.0,17,False,E,August,Monday,Child
838-47-2404,2024-04-13 04:31:00,J,Palphreyman,F,77,African American,J,True,4.0,23,False,J,April,Saturday,Senior
731-16-0726,2024-09-02 04:03:00,N,Le Fevre,F,77,African American,N,True,4.0,36,False,N,September,Monday,Senior
890-17-4503,2023-04-29 01:15:00,Q,Kinsley,F,10,African American,Q,True,4.0,36,False,Q,April,Saturday,Child
776-83-0168,2024-07-14 23:59:00,S,Bridgnell,F,24,African American,S,True,4.0,28,False,S,July,Sunday,Adult
729-06-6771,2024-07-20 20:19:00,X,Woolrich,F,56,African American,X,True,4.0,48,False,X,July,Saturday,Adult
206-38-8998,2024-10-19 22:03:00,B,Gotmann,F,6,African American,B,True,5.0,43,False,B,October,Saturday,Child
547-80-7704,2024-10-14 05:02:00,M,Walster,F,17,African American,M,True,5.0,47,False,M,October,Monday,Teen
595-17-3646,2023-10-28 16:27:00,N,Walasik,F,56,African American,N,True,5.0,45,False,N,October,Saturday,Adult
126-06-1498,2024-10-29 23:33:00,P,Yell,F,70,African American,P,True,5.0,42,False,P,October,Tuesday,Senior
713-45-4927,2024-10-05 05:01:00,Q,Looby,F,63,African American,Q,True,5.0,21,False,Q,October,Saturday,Senior
639-41-9990,2024-01-15 21:39:00,Q,Baudy,F,18,African American,Q,True,5.0,60,False,Q,January,Monday,Teen
507-70-6534,2023-09-13 12:51:00,U,Perch,F,48,African American,U,True,5.0,52,False,U,September,Wednesday,Adult
820-75-0266,2023-06-11 07:41:00,V,Hardeman,F,67,African American,V,True,5.0,59,False,V,June,Sunday,Senior
232-87-0576,2023-04-10 05:00:00,Y,Shurville,F,75,African American,Y,True,5.0,58,False,Y,April,Monday,Senior
166-14-0422,2024-11-06 18:03:00,L,Cawte,F,50,African American,L,True,6.0,21,False,L,November,Wednesday,Adult
569-52-7198,2024-05-28 11:40:00,T,Fiddymont,F,42,African American,T,True,6.0,14,False,T,May,Tuesday,Adult
245-50-6682,2024-05-06 20:56:00,T,Mityukov,F,39,African American,T,True,6.0,57,False,T,May,Monday,Adult
779-70-5458,2024-02-08 23:30:00,G,Faircloth,F,53,African American,G,True,7.0,41,False,G,February,Thursday,Adult
678-99-7710,2024-08-03 12:30:00,K,Sperry,F,3,African American,K,True,7.0,27,False,K,August,Saturday,Child
170-27-6532,2023-10-26 09:57:00,M,Barabich,F,37,African American,M,True,7.0,24,False,M,October,Thursday,Adult
377-36-2473,2024-06-25 06:17:00,T,Gilhooly,F,38,African American,T,True,7.0,58,False,T,June,Tuesday,Adult
488-25-3285,2023-09-07 02:42:00,E,Garroway,F,6,African American,E,True,8.0,30,False,E,September,Thursday,Child
591-74-8687,2023-08-04 08:12:00,W,Fargher,F,77,African American,W,True,8.0,32,False,W,August,Friday,Senior
195-62-9243,2024-06-28 07:53:00,Y,De Bischop,F,12,African American,Y,True,8.0,54,False,Y,June,Friday,Child
381-17-0498,2023-11-24 15:03:00,E,Haslum,F,15,African American,E,True,9.0,24,False,E,November,Friday,Teen
713-04-2906,2024-04-22 07:26:00,N,McClymont,F,45,African American,N,True,9.0,41,False,N,April,Monday,Adult
499-82-8133,2023-10-19 18:20:00,N,Clewer,F,49,African American,N,True,9.0,58,False,N,October,Thursday,Adult
853-74-7180,2023-11-19 00:35:00,Q,Tretwell,F,72,African American,Q,True,9.0,14,False,Q,November,Sunday,Senior
215-82-5429,2023-10-19 14:46:00,Q,Goodread,F,50,African American,Q,True,9.0,57,False,Q,October,Thursday,Adult
588-82-3045,2024-01-14 09:34:00,F,Hastin,F,44,African American,F,True,10.0,21,False,F,January,Sunday,Adult
490-46-3294,2024-07-31 16:48:00,J,Drinkhall,F,48,African American,J,True,10.0,37,False,J,July,Wednesday,Adult
845-71-7210,2023-09-16 22:41:00,Y,Wherrit,F,50,African American,Y,True,10.0,45,False,Y,September,Saturday,Adult
712-08-8150,2023-04-05 12:21:00,Z,Howton,F,30,African American,Z,True,10.0,36,True,Z,April,Wednesday,Adult
727-44-0682,2024-02-26 15:57:00,B,Gealy,F,1,African American,B,True,,27,False,B,February,Monday,Child
272-21-3976,2023-06-26 08:59:00,B,Coldicott,F,28,African American,B,True,,30,False,B,June,Monday,Adult
176-25-2920,2024-05-22 01:05:00,B,Shanklin,F,1,African American,B,True,,39,False,B,May,Wednesday,Child
874-78-5105,2023-11-24 23:23:00,B,Marlin,F,43,African American,B,True,,50,False,B,November,Friday,Adult
302-92-2947,2023-08-05 02:11:00,D,Skatcher,F,66,African American,D,True,,31,True,D,August,Saturday,Senior
778-27-5802,2024-06-30 09:07:00,D,Collymore,F,14,African American,D,True,,60,False,D,June,Sunday,Teen
332-58-2941,2023-09-13 07:14:00,F,Helm,F,49,African American,F,True,,25,False,F,September,Wednesday,Adult
264-85-2192,2023-04-07 21:12:00,F,Rashleigh,F,50,African American,F,True,,25,False,F,April,Friday,Adult
852-08-4548,2023-11-10 17:26:00,F,Hardisty,F,76,African American,F,True,,40,False,F,November,Friday,Senior
398-45-7125,2024-07-15 21:07:00,G,Butler,F,11,African American,G,True,,11,False,G,July,Monday,Child
120-35-8220,2023-11-26 14:18:00,G,Cromack,F,69,African American,G,True,,30,False,G,November,Sunday,Senior
868-66-3389,2023-10-31 16:40:00,G,Trunchion,F,2,African American,G,True,,47,False,G,October,Tuesday,Child
450-76-1418,2023-10-13 13:08:00,H,Staff,F,27,African American,H,True,,13,False,H,October,Friday,Adult
648-42-6604,2023-11-07 15:15:00,H,Cherm,F,14,African American,H,True,,51,False,H,November,Tuesday,Teen
612-81-7718,2023-10-26 06:22:00,I,Issacoff,F,18,African American,I,True,,36,False,I,October,Thursday,Teen
432-18-6164,2024-07-29 21:43:00,J,Thouless,F,11,African American,J,True,,23,False,J,July,Monday,Child
688-49-8033,2024-09-19 14:14:00,J,Prandin,F,17,African American,J,True,,51,False,J,September,Thursday,Teen
254-14-1466,2023-04-25 09:46:00,L,Robichon,F,35,African American,L,True,,21,False,L,April,Tuesday,Adult
842-01-2749,2024-05-25 00:52:00,L,Latore,F,18,African American,L,True,,44,False,L,May,Saturday,Teen
597-02-5455,2024-10-09 06:36:00,M,Schleicher,F,5,African American,M,True,,30,False,M,October,Wednesday,Child
212-19-0545,2023-02-06 03:42:00,N,Barmadier,F,41,African American,N,True,,12,False,N,February,Monday,Adult
593-38-7471,2023-12-27 22:28:00,N,Netherwood,F,62,African American,N,True,,32,False,N,December,Wednesday,Senior
333-09-7490,2024-05-25 21:28:00,O,Cawthery,F,72,African American,O,True,,24,False,O,May,Saturday,Senior
229-98-0118,2024-01-17 07:25:00,R,Dugmore,F,62,African American,R,True,,33,False,R,January,Wednesday,Senior
731-75-7101,2024-10-21 11:48:00,S,Simkovitz,F,64,African American,S,True,,30,False,S,October,Monday,Senior
103-94-9474,2024-03-09 04:30:00,S,Ronald,F,68,African American,S,True,,30,False,S,March,Saturday,Senior
617-41-0266,2023-09-14 10:42:00,S,Dabourne,F,33,African American,S,True,,43,False,S,September,Thursday,Adult
171-02-6921,2023-04-23 18:31:00,S,Eustanch,F,3,African American,S,True,,50,False,S,April,Sunday,Child
421-79-3102,2023-10-23 04:06:00,T,Alway,F,56,African American,T,True,,19,False,T,October,Monday,Adult
723-91-6052,2024-12-09 08:50:00,V,Alday,F,43,African American,V,True,,25,False,V,December,Monday,Adult
327-18-9666,2023-12-11 20:18:00,V,Brakespear,F,17,African American,V,True,,60,False,V,December,Monday,Teen
465-96-7433,2024-07-19 04:21:00,W,Willshee,F,57,African American,W,True,,30,False,W,July,Friday,Adult
734-01-2423,2024-07-13 19:48:00,W,Oleshunin,F,1,African American,W,True,,40,False,W,July,Saturday,Child
504-30-7957,2024-06-17 19:15:00,X,Cutbirth,F,77,African American,X,True,,23,False,X,June,Monday,Senior
126-09-0081,2023-09-06 19:44:00,Y,Waiting,F,67,African American,Y,True,,10,False,Y,September,Wednesday,Senior
423-67-7757,2024-11-01 14:14:00,Y,Seagrave,F,66,African American,Y,True,,60,False,Y,November,Friday,Senior
796-98-4459,2024-12-10 16:16:00,Y,Outram,F,68,African American,Y,True,,60,False,Y,December,Tuesday,Senior
144-51-9050,2023-12-24 17:19:00,Z,Forber,F,39,African American,Z,True,,51,False,Z,December,Sunday,Adult
225-66-0995,2024-09-08 08:03:00,Z,Verden,F,46,African American,Z,True,,53,False,Z,September,Sunday,Adult
674-79-1988,2023-06-25 17:17:00,Z,Souter,F,9,African American,Z,True,,56,False,Z,June,Sunday,Child
878-59-3101,2024-10-22 17:21:00,N,Lawful,F,38,African American,N,True,0.0,39,False,N,October,Tuesday,Adult
216-16-4089,2023-09-28 03:50:00,H,Rohloff,F,13,African American,H,True,2.0,42,False,H,September,Thursday,Teen
482-47-8887,2024-05-05 07:56:00,C,Fibbit,F,23,African American,C,True,3.0,58,False,C,May,Sunday,Adult
323-99-0794,2024-04-01 14:54:00,I,Ruselin,F,6,African American,I,True,6.0,42,False,I,April,Monday,Child
680-97-7540,2024-04-19 23:33:00,J,Ost,F,4,African American,J,True,7.0,15,False,J,April,Friday,Child
528-27-9854,2023-11-20 02:36:00,B,Brilon,F,69,African American,B,True,8.0,48,False,B,November,Monday,Senior
596-74-9395,2024-03-10 05:15:00,B,Pridgeon,F,72,African American,B,True,,27,False,B,March,Sunday,Senior
684-49-5005,2024-06-08 09:02:00,E,Dimitriades,F,20,African American,E,True,,44,False,E,June,Saturday,Adult
771-58-1297,2024-01-03 11:39:00,G,Chesney,F,33,African American,G,True,,17,False,G,January,Wednesday,Adult
623-43-0277,2023-05-24 23:17:00,H,Gilford,F,28,African American,H,True,,40,True,H,May,Wednesday,Adult
121-38-6162,2023-08-29 14:15:00,T,Andrusyak,F,67,African American,T,True,,30,False,T,August,Tuesday,Senior
790-47-5011,2024-02-29 18:50:00,R,Cockle,F,31,African American,R,True,0.0,47,False,R,February,Thursday,Adult
528-14-7644,2024-06-14 04:56:00,Z,Huntingdon,F,79,African American,Z,True,10.0,43,False,Z,June,Friday,Senior
439-49-1454,2023-12-19 18:57:00,A,McKag,F,70,African American,A,True,,56,False,A,December,Tuesday,Senior
418-93-9376,2023-07-07 16:30:00,K,Beagles,F,53,African American,K,True,,37,False,K,July,Friday,Adult
509-37-4729,2023-08-04 16:43:00,M,Bencher,F,25,African American,M,True,,50,False,M,August,Friday,Adult
277-46-7550,2023-05-22 01:08:00,Y,Cleverly,F,46,African American,Y,True,,11,True,Y,May,Monday,Adult
509-82-3979,2023-08-06 00:40:00,J,Gamlen,F,37,Asian,J,True,,34,False,J,August,Sunday,Adult
151-12-1817,2024-03-19 03:00:00,R,Murrhaupt,F,17,Asian,R,True,,58,False,R,March,Tuesday,Teen
389-37-7548,2024-10-16 19:12:00,T,McGiffin,F,2,Asian,T,True,,18,False,T,October,Wednesday,Child
436-34-8687,2023-05-22 15:25:00,U,Armytage,F,22,Asian,U,True,,56,True,U,May,Monday,Adult
359-65-8965,2023-04-29 02:43:00,N,Breyt,F,66,Asian,N,True,10.0,18,False,N,April,Saturday,Senior
441-37-7166,2023-07-30 03:29:00,G,Semor,F,58,Asian,G,True,,48,False,G,July,Sunday,Adult
592-43-3478,2023-11-27 03:18:00,I,Tschiersch,F,68,Asian,I,True,,34,False,I,November,Monday,Senior
381-25-6871,2024-04-07 13:46:00,N,Happer,F,41,Asian,N,True,,22,False,N,April,Sunday,Adult
184-86-0569,2023-10-21 10:11:00,V,Kilcullen,F,41,Asian,V,True,1.0,10,False,V,October,Saturday,Adult
146-21-5418,2023-02-09 09:32:00,U,Stickles,F,22,Asian,U,True,7.0,18,False,U,February,Thursday,Adult
719-53-4693,2023-10-10 11:02:00,C,Drinkhill,F,57,Asian,C,True,,58,False,C,October,Tuesday,Adult
464-32-0501,2024-07-15 21:14:00,D,Venners,F,15,Asian,D,True,,41,False,D,July,Monday,Teen
418-42-2687,2023-05-12 01:52:00,E,Yendall,F,62,Asian,E,True,,45,False,E,May,Friday,Senior
863-62-1034,2024-05-21 18:59:00,F,Gamlen,F,33,Asian,F,True,,22,False,F,May,Tuesday,Adult
219-71-9644,2023-09-04 15:36:00,F,Paradin,F,19,Asian,F,True,,30,False,F,September,Monday,Adult
601-70-5406,2024-09-20 23:32:00,F,Pena,F,22,Asian,F,True,,51,False,F,September,Friday,Adult
797-42-0238,2024-04-06 23:32:00,H,Kuhl,F,21,Asian,H,True,,13,False,H,April,Saturday,Adult
845-97-2213,2024-01-20 06:17:00,H,Willcot,F,42,Asian,H,True,,23,False,H,January,Saturday,Adult
366-08-8943,2023-11-04 10:55:00,H,Bubeer,F,36,Asian,H,True,,40,False,H,November,Saturday,Adult
605-89-6750,2024-10-21 04:12:00,H,Scryne,F,55,Asian,H,True,,55,False,H,October,Monday,Adult
385-81-2614,2023-11-17 08:59:00,H,Charpling,F,37,Asian,H,True,,58,False,H,November,Friday,Adult
413-17-8936,2024-05-21 21:13:00,H,Miere,F,61,Asian,H,True,,58,False,H,May,Tuesday,Senior
752-74-9026,2023-10-24 15:50:00,J,Madgett,F,42,Asian,J,True,,38,False,J,October,Tuesday,Adult
817-91-1171,2024-07-03 06:31:00,J,Leere,F,34,Asian,J,True,,51,False,J,July,Wednesday,Adult
374-55-2198,2023-09-26 02:24:00,K,Barrim,F,62,Asian,K,True,,30,False,K,September,Tuesday,Senior
438-63-2567,2024-02-05 20:26:00,L,Rex,F,15,Asian,L,True,,20,False,L,February,Monday,Teen
142-78-0838,2023-12-04 09:12:00,L,Mattusov,F,3,Asian,L,True,,29,False,L,December,Monday,Child
588-34-9582,2023-09-25 05:34:00,L,McGriffin,F,61,Asian,L,True,,44,False,L,September,Monday,Senior
259-94-8763,2024-08-30 06:51:00,L,Belasco,F,51,Asian,L,True,,48,False,L,August,Friday,Adult
272-14-3969,2023-11-15 07:05:00,M,Bleby,F,32,Asian,M,True,,11,False,M,November,Wednesday,Adult
166-24-3928,2024-09-21 05:12:00,M,Popham,F,70,Asian,M,True,,13,False,M,September,Saturday,Senior
152-15-6583,2024-04-25 07:20:00,N,Stratley,F,34,Asian,N,True,,24,False,N,April,Thursday,Adult
457-08-7699,2023-05-12 01:33:00,N,Shills,F,32,Asian,N,True,,39,False,N,May,Friday,Adult
595-49-5401,2024-02-07 15:16:00,O,Kench,F,72,Asian,O,True,,12,False,O,February,Wednesday,Senior
424-98-4798,2023-11-15 19:44:00,P,Longshaw,F,15,Asian,P,True,,48,False,P,November,Wednesday,Teen
502-22-3736,2024-06-08 16:09:00,P,Di Franceshci,F,12,Asian,P,True,,49,False,P,June,Saturday,Child
519-85-8257,2024-07-02 05:37:00,Q,Asif,F,60,Asian,Q,True,,21,False,Q,July,Tuesday,Adult
810-56-7934,2023-03-09 21:33:00,Q,Perton,F,27,Asian,Q,True,,23,False,Q,March,Thursday,Adult
277-46-8394,2024-09-26 09:37:00,R,Farney,F,58,Asian,R,True,,10,False,R,September,Thursday,Adult
222-81-0128,2023-10-04 01:20:00,S,Ricardin,F,55,Asian,S,True,,20,False,S,October,Wednesday,Adult
655-78-5772,2024-04-24 14:08:00,U,Korda,F,59,Asian,U,True,,54,False,U,April,Wednesday,Adult
658-77-0611,2024-11-08 21:39:00,V,Gittens,F,49,Asian,V,True,,58,False,V,November,Friday,Adult
150-06-3104,2024-05-14 17:00:00,W,Melland,F,20,Asian,W,True,,10,False,W,May,Tuesday,Adult
632-73-1326,2023-05-25 12:17:00,W,Coltman,F,52,Asian,W,True,,26,True,W,May,Thursday,Adult
354-85-6127,2024-09-26 07:45:00,X,Askham,F,21,Asian,X,True,,50,False,X,September,Thursday,Adult
444-76-3586,2024-06-27 11:43:00,X,Butchers,F,33,Asian,X,True,,58,False,X,June,Thursday,Adult
547-37-9917,2024-06-15 14:00:00,Y,Dayborne,F,13,Asian,Y,True,,37,False,Y,June,Saturday,Teen
811-63-4808,2023-12-11 06:24:00,Y,Dolohunty,F,73,Asian,Y,True,,40,False,Y,December,Monday,Senior
835-53-2620,2024-05-13 09:36:00,Z,Beatson,F,44,Asian,Z,True,,11,False,Z,May,Monday,Adult
377-52-6375,2024-12-08 01:13:00,Z,Gabe,F,78,Asian,Z,True,,38,False,Z,December,Sunday,Senior
534-94-9959,2023-12-24 07:15:00,Y,Fitt,F,60,Asian,Y,True,0.0,10,False,Y,December,Sunday,Adult
524-48-9686,2024-10-20 12:24:00,M,Ollerhad,F,79,Asian,M,True,1.0,44,False,M,October,Sunday,Senior
867-05-4344,2023-04-16 02:26:00,S,Gimlet,F,31,Asian,S,True,1.0,27,False,S,April,Sunday,Adult
826-35-4257,2023-08-28 07:47:00,J,Delhay,F,25,Asian,J,True,2.0,35,False,J,August,Monday,Adult
344-07-4253,2024-01-10 07:50:00,Q,Pinshon,F,39,Asian,Q,True,2.0,44,False,Q,January,Wednesday,Adult
422-17-9207,2024-08-09 01:45:00,R,Drewe,F,54,Asian,R,True,3.0,44,False,R,August,Friday,Adult
881-28-1862,2024-07-30 14:42:00,J,Deniso,F,63,Asian,J,True,5.0,23,False,J,July,Tuesday,Senior
356-20-1445,2023-12-13 04:51:00,T,O' Hern,F,56,Asian,T,True,5.0,10,False,T,December,Wednesday,Adult
758-69-7526,2023-01-10 14:19:00,Y,Durning,F,13,Asian,Y,True,7.0,48,False,Y,January,Tuesday,Teen
152-64-9915,2024-03-16 16:13:00,Y,Brimm,F,70,Asian,Y,True,7.0,57,False,Y,March,Saturday,Senior
562-51-2259,2023-06-27 13:10:00,L,Longhorn,F,22,Asian,L,True,8.0,34,False,L,June,Tuesday,Adult
679-45-5128,2023-08-20 19:50:00,C,Wake,F,33,Asian,C,True,9.0,25,False,C,August,Sunday,Adult
542-01-8930,2024-01-20 23:57:00,J,Arnecke,F,23,Asian,J,True,10.0,42,False,J,January,Saturday,Adult
546-46-2582,2024-06-05 23:46:00,U,Makiver,F,6,Asian,U,True,,31,False,U,June,Wednesday,Child
272-77-4899,2023-07-06 22:59:00,Y,Cheltnam,F,12,Asian,Y,True,,28,False,Y,July,Thursday,Child
887-12-8505,2024-10-15 23:29:00,J,Blais,F,41,Asian,J,True,1.0,58,False,J,October,Tuesday,Adult
575-80-7147,2023-11-24 12:52:00,A,Spreag,F,21,Asian,A,True,,37,False,A,November,Friday,Adult
245-86-3689,2023-12-16 20:05:00,A,Swane,F,72,Asian,A,True,,55,False,A,December,Saturday,Senior
473-65-5654,2023-04-22 18:25:00,B,Champneys,F,36,Asian,B,True,,26,False,B,April,Saturday,Adult
195-44-8741,2024-05-27 00:11:00,B,Mulqueen,F,73,Asian,B,True,,41,False,B,May,Monday,Senior
537-50-1785,2023-12-11 11:40:00,C,Fountian,F,10,Asian,C,True,,22,False,C,December,Monday,Child
853-59-3857,2024-03-07 12:30:00,C,Hakking,F,29,Asian,C,True,,34,False,C,March,Thursday,Adult
369-41-9793,2024-05-21 14:33:00,C,McCombe,F,45,Asian,C,True,,50,False,C,May,Tuesday,Adult
171-34-1802,2023-07-25 00:34:00,D,Durrell,F,57,Asian,D,True,,22,False,D,July,Tuesday,Adult
261-26-8671,2024-01-26 20:26:00,E,Fellgate,F,72,Asian,E,True,,10,False,E,January,Friday,Senior
802-76-3724,2024-09-01 22:00:00,E,Pitkethly,F,29,Asian,E,True,,13,False,E,September,Sunday,Adult
240-90-4141,2023-06-12 02:09:00,E,Ponceford,F,42,Asian,E,True,,24,False,E,June,Monday,Adult
484-25-1477,2023-12-13 08:24:00,E,Dando,F,28,Asian,E,True,,44,False,E,December,Wednesday,Adult
609-54-3148,2023-11-08 17:35:00,E,Murfin,F,66,Asian,E,True,,44,False,E,November,Wednesday,Senior
424-56-1864,2024-04-18 14:24:00,F,Blind,F,5,Asian,F,True,,21,False,F,April,Thursday,Child
731-96-5950,2023-07-25 09:22:00,F,Lennon,F,20,Asian,F,True,,23,False,F,July,Tuesday,Adult
829-50-2356,2023-05-06 04:11:00,F,Fearne,F,46,Asian,F,True,,30,False,F,May,Saturday,Adult
157-86-8870,2023-08-16 10:48:00,F,Gotmann,F,12,Asian,F,True,,37,False,F,August,Wednesday,Child
223-71-4722,2023-04-21 07:31:00,G,Kolak,F,12,Asian,G,True,,15,False,G,April,Friday,Child
345-82-8537,2023-06-16 21:47:00,G,Ridolfi,F,9,Asian,G,True,,19,False,G,June,Friday,Child
601-40-1988,2024-07-21 06:00:00,G,Yakob,F,38,Asian,G,True,,27,False,G,July,Sunday,Adult
498-12-3034,2024-06-04 01:30:00,G,Satyford,F,46,Asian,G,True,,40,False,G,June,Tuesday,Adult
839-47-7307,2024-09-18 06:00:00,G,Blunsen,F,29,Asian,G,True,,52,False,G,September,Wednesday,Adult
508-31-1080,2024-01-08 11:32:00,G,Uren,F,9,Asian,G,True,,59,False,G,January,Monday,Child
373-09-7656,2023-04-11 03:08:00,H,Eckford,F,67,Asian,H,True,,17,False,H,April,Tuesday,Senior
519-47-6165,2023-07-29 23:53:00,H,Evill,F,26,Asian,H,True,,57,False,H,July,Saturday,Adult
530-65-7735,2024-01-29 06:56:00,H,Pentycross,F,27,Asian,H,True,,58,False,H,January,Monday,Adult
312-08-6219,2024-02-15 09:39:00,I,Kaaskooper,F,47,Asian,I,True,,27,False,I,February,Thursday,Adult
663-72-5329,2024-03-06 18:24:00,I,Prydden,F,61,Asian,I,True,,47,False,I,March,Wednesday,Senior
531-19-9617,2023-05-09 00:55:00,J,O'Hollegan,F,68,Asian,J,True,,34,False,J,May,Tuesday,Senior
241-68-6242,2023-04-13 05:35:00,J,Spargo,F,26,Asian,J,True,,37,False,J,April,Thursday,Adult
648-84-6300,2023-06-18 11:19:00,J,Franceschino,F,15,Asian,J,True,,55,False,J,June,Sunday,Teen
459-84-5993,2023-11-24 22:47:00,K,Stebbing,F,4,Asian,K,True,,11,False,K,November,Friday,Child
303-71-2802,2024-01-24 11:56:00,K,Naylor,F,75,Asian,K,True,,15,False,K,January,Wednesday,Senior
646-28-2601,2024-07-23 08:57:00,K,Potticary,F,52,Asian,K,True,,20,False,K,July,Tuesday,Adult
670-58-4395,2024-05-22 00:13:00,K,Garbutt,F,10,Asian,K,True,,33,False,K,May,Wednesday,Child
237-96-9260,2024-07-04 18:02:00,K,Stiant,F,27,Asian,K,True,,52,False,K,July,Thursday,Adult
592-78-5794,2023-07-19 09:23:00,K,Tessyman,F,22,Asian,K,True,,53,False,K,July,Wednesday,Adult
144-23-9650,2024-02-20 18:19:00,K,Mullany,F,6,Asian,K,True,,57,False,K,February,Tuesday,Child
498-27-3065,2023-07-15 20:43:00,L,Harrod,F,73,Asian,L,True,,13,False,L,July,Saturday,Senior
489-02-8826,2024-02-21 16:15:00,L,Swede,F,67,Asian,L,True,,16,False,L,February,Wednesday,Senior
378-32-2885,2023-07-10 07:09:00,L,Osboldstone,F,45,Asian,L,True,,30,False,L,July,Monday,Adult
893-84-1872,2023-02-07 22:21:00,L,Shilling,F,42,Asian,L,True,,35,False,L,February,Tuesday,Adult
755-10-1498,2023-06-22 07:08:00,L,Kettle,F,47,Asian,L,True,,35,False,L,June,Thursday,Adult
435-90-3773,2024-02-29 08:14:00,L,Fells,F,16,Asian,L,True,,42,False,L,February,Thursday,Teen
410-99-6767,2024-08-31 01:51:00,L,Boothman,F,20,Asian,L,True,,52,False,L,August,Saturday,Adult
451-80-6419,2023-12-12 08:59:00,M,Regi,F,53,Asian,M,True,,11,False,M,December,Tuesday,Adult
703-10-6119,2024-04-21 12:03:00,M,Woolatt,F,53,Asian,M,True,,20,False,M,April,Sunday,Adult
376-36-9792,2023-09-13 11:19:00,M,Ilyinykh,F,63,Asian,M,True,,31,False,M,September,Wednesday,Senior
641-28-8440,2024-04-21 23:54:00,M,Saunter,F,57,Asian,M,True,,36,False,M,April,Sunday,Adult
618-61-7698,2024-08-20 10:08:00,M,Connors,F,44,Asian,M,True,,42,False,M,August,Tuesday,Adult
570-04-4215,2023-09-07 06:34:00,M,Hearl,F,49,Asian,M,True,,49,False,M,September,Thursday,Adult
101-56-3319,2023-08-10 18:21:00,M,Kilduff,F,44,Asian,M,True,,55,False,M,August,Thursday,Adult
175-60-6843,2024-09-03 21:12:00,N,Bednall,F,73,Asian,N,True,,40,False,N,September,Tuesday,Senior
754-08-4143,2024-10-28 20:35:00,N,Leeke,F,71,Asian,N,True,,49,False,N,October,Monday,Senior
811-51-3965,2024-08-08 00:33:00,O,Mangenot,F,76,Asian,O,True,,11,False,O,August,Thursday,Senior
886-68-2597,2024-01-15 14:38:00,O,Crowter,F,51,Asian,O,True,,38,False,O,January,Monday,Adult
802-89-4548,2024-02-01 17:06:00,P,Soro,F,26,Asian,P,True,,49,False,P,February,Thursday,Adult
325-34-7964,2023-07-04 13:44:00,P,Flanagan,F,49,Asian,P,True,,54,False,P,July,Tuesday,Adult
155-08-4866,2024-11-07 21:37:00,Q,MacConnal,F,30,Asian,Q,True,,26,False,Q,November,Thursday,Adult
774-11-8347,2023-12-27 18:06:00,Q,Hodgin,F,2,Asian,Q,True,,43,False,Q,December,Wednesday,Child
876-64-9030,2023-06-23 11:35:00,Q,Stanborough,F,16,Asian,Q,True,,59,False,Q,June,Friday,Teen
202-19-6980,2024-04-04 16:28:00,R,Lamburn,F,75,Asian,R,True,,11,False,R,April,Thursday,Senior
505-68-6123,2023-10-26 13:51:00,R,Faust,F,78,Asian,R,True,,27,False,R,October,Thursday,Senior
860-08-2680,2023-09-07 01:11:00,S,Drinkall,F,68,Asian,S,True,,25,False,S,September,Thursday,Senior
589-37-3605,2023-06-20 13:32:00,S,Gilpillan,F,79,Asian,S,True,,30,False,S,June,Tuesday,Senior
628-78-2242,2024-01-06 11:31:00,T,Fury,F,18,Asian,T,True,,17,False,T,January,Saturday,Teen
414-09-9485,2023-05-13 23:15:00,T,MacVagh,F,75,Asian,T,True,,28,True,T,May,Saturday,Senior
484-45-3732,2023-04-27 03:45:00,T,Ondrasek,F,8,Asian,T,True,,30,False,T,April,Thursday,Child
636-25-5929,2023-09-24 06:45:00,T,Sawood,F,1,Asian,T,True,,35,False,T,September,Sunday,Child
740-71-8908,2024-03-19 23:32:00,T,Mabone,F,56,Asian,T,True,,50,False,T,March,Tuesday,Adult
722-50-5106,2024-04-27 01:14:00,T,McMillam,F,57,Asian,T,True,,53,False,T,April,Saturday,Adult
483-65-9338,2024-08-05 04:20:00,U,Sprigging,F,36,Asian,U,True,,13,False,U,August,Monday,Adult
267-18-2904,2024-05-06 07:47:00,U,Bachelor,F,51,Asian,U,True,,26,False,U,May,Monday,Adult
438-78-5956,2023-09-20 23:12:00,V,Wesgate,F,49,Asian,V,True,,14,False,V,September,Wednesday,Adult
315-04-4027,2024-09-06 15:15:00,V,Chasmer,F,75,Asian,V,True,,19,False,V,September,Friday,Senior
547-56-8712,2023-05-27 20:44:00,V,Fisby,F,4,Asian,V,True,,29,True,V,May,Saturday,Child
581-50-9829,2024-03-31 09:18:00,V,Higginbottam,F,49,Asian,V,True,,40,False,V,March,Sunday,Adult
807-93-4330,2023-06-19 03:48:00,V,Cordy,F,76,Asian,V,True,,56,False,V,June,Monday,Senior
131-64-1456,2024-09-03 20:52:00,W,Jeyness,F,44,Asian,W,True,,34,False,W,September,Tuesday,Adult
703-68-0368,2023-08-12 14:32:00,W,Ratt,F,69,Asian,W,True,,41,False,W,August,Saturday,Senior
368-23-5365,2024-05-14 02:12:00,W,Wimpenny,F,17,Asian,W,True,,59,False,W,May,Tuesday,Teen
613-25-8167,2024-10-08 00:56:00,X,Southcott,F,78,Asian,X,True,,24,False,X,October,Tuesday,Senior
652-90-6916,2023-09-29 08:24:00,X,Prevett,F,56,Asian,X,True,,30,False,X,September,Friday,Adult
447-10-9548,2024-08-22 20:37:00,X,Gercken,F,28,Asian,X,True,,42,False,X,August,Thursday,Adult
786-85-5090,2024-02-10 13:21:00,X,Enderle,F,18,Asian,X,True,,50,False,X,February,Saturday,Teen
340-01-2682,2024-08-19 03:19:00,X,Kellert,F,29,Asian,X,True,,56,False,X,August,Monday,Adult
680-15-3313,2024-04-07 17:28:00,Y,Benallack,F,62,Asian,Y,True,,18,False,Y,April,Sunday,Senior
756-52-7604,2023-06-15 21:58:00,Y,Abbett,F,32,Asian,Y,True,,25,False,Y,June,Thursday,Adult
322-58-9129,2023-10-18 13:36:00,Z,Cash,F,50,Asian,Z,True,,15,False,Z,October,Wednesday,Adult
347-45-3426,2024-05-30 16:20:00,Z,Greystock,F,23,Asian,Z,True,,25,False,Z,May,Thursday,Adult
273-92-4143,2023-07-15 12:25:00,Z,Todd,F,76,Asian,Z,True,,25,False,Z,July,Saturday,Senior
850-66-6683,2024-06-13 20:12:00,Z,MacKenny,F,29,Asian,Z,True,,30,False,Z,June,Thursday,Adult
863-35-4422,2024-04-19 18:33:00,E,Grzes,F,10,Asian,E,True,0.0,58,False,E,April,Friday,Child
692-09-6269,2024-03-29 13:09:00,K,Bussons,F,71,Asian,K,True,0.0,53,False,K,March,Friday,Senior
594-59-0732,2024-09-27 07:00:00,U,Tuckley,F,32,Asian,U,True,0.0,47,False,U,September,Friday,Adult
758-79-5456,2023-03-08 23:19:00,W,MacKilroe,F,38,Asian,W,True,0.0,46,False,W,March,Wednesday,Adult
539-79-7693,2023-10-14 05:07:00,Z,Burtenshaw,F,32,Asian,Z,True,0.0,32,False,Z,October,Saturday,Adult
180-22-8491,2023-02-05 19:46:00,A,Gadsdon,F,42,Asian,A,True,1.0,37,True,A,February,Sunday,Adult
424-09-2525,2024-04-18 22:59:00,C,Beadel,F,33,Asian,C,True,1.0,39,False,C,April,Thursday,Adult
508-60-4216,2023-10-06 02:05:00,F,Geffe,F,78,Asian,F,True,1.0,12,False,F,October,Friday,Senior
861-97-8016,2024-01-27 09:41:00,L,Edgington,F,41,Asian,L,True,1.0,14,False,L,January,Saturday,Adult
696-37-4637,2023-10-23 18:29:00,G,Farres,F,17,Asian,G,True,2.0,60,False,G,October,Monday,Teen
411-87-1178,2024-10-14 01:27:00,I,Maleham,F,33,Asian,I,True,2.0,33,False,I,October,Monday,Adult
737-27-3803,2023-10-27 16:48:00,M,Blown,F,23,Asian,M,True,2.0,24,False,M,October,Friday,Adult
324-66-3926,2023-04-18 12:05:00,S,Aleso,F,34,Asian,S,True,2.0,60,False,S,April,Tuesday,Adult
199-06-1284,2024-06-04 08:16:00,G,Tibb,F,32,Asian,G,True,3.0,30,False,G,June,Tuesday,Adult
170-66-2703,2024-02-08 12:42:00,N,Casely,F,11,Asian,N,True,3.0,22,False,N,February,Thursday,Child
713-58-6734,2024-06-03 18:16:00,O,Riccione,F,42,Asian,O,True,3.0,28,False,O,June,Monday,Adult
225-50-9516,2023-11-24 15:56:00,S,Broadfield,F,71,Asian,S,True,3.0,14,False,S,November,Friday,Senior
338-57-1208,2024-01-01 23:48:00,S,Samwayes,F,5,Asian,S,True,3.0,47,False,S,January,Monday,Child
738-87-2087,2024-06-19 13:47:00,Y,Jiroudek,F,3,Asian,Y,True,3.0,18,False,Y,June,Wednesday,Child
502-63-7645,2024-03-25 20:18:00,K,Breacher,F,74,Asian,K,True,4.0,26,False,K,March,Monday,Senior
299-88-9041,2024-02-14 12:57:00,M,Franzel,F,29,Asian,M,True,4.0,43,False,M,February,Wednesday,Adult
445-98-3362,2023-03-11 18:04:00,N,Ebertz,F,65,Asian,N,True,4.0,21,False,N,March,Saturday,Senior
752-09-3325,2023-07-22 22:47:00,U,Godsmark,F,29,Asian,U,True,4.0,40,False,U,July,Saturday,Adult
560-18-9530,2024-07-29 22:47:00,I,Patsall,F,43,Asian,I,True,5.0,48,False,I,July,Monday,Adult
380-93-9949,2023-04-18 00:05:00,A,Dorie,F,2,Asian,A,True,6.0,39,False,A,April,Tuesday,Child
756-50-0652,2024-05-25 21:07:00,P,Tainton,F,50,Asian,P,True,6.0,48,False,P,May,Saturday,Adult
439-06-2525,2024-04-16 03:39:00,A,Nyssens,F,64,Asian,A,True,7.0,10,False,A,April,Tuesday,Senior
581-49-3932,2023-04-05 02:39:00,B,Boller,F,26,Asian,B,True,7.0,29,True,B,April,Wednesday,Adult
704-29-6937,2024-04-05 18:36:00,C,Johnsee,F,39,Asian,C,True,7.0,17,False,C,April,Friday,Adult
743-80-6642,2024-04-09 19:59:00,D,McMichael,F,47,Asian,D,True,7.0,32,False,D,April,Tuesday,Adult
313-31-2353,2023-03-08 00:27:00,F,Wellington,F,30,Asian,F,True,7.0,40,False,F,March,Wednesday,Adult
574-42-7411,2023-11-09 15:13:00,K,Sharpless,F,21,Asian,K,True,7.0,31,False,K,November,Thursday,Adult
618-49-0866,2023-11-27 00:32:00,N,Dunseath,F,1,Asian,N,True,8.0,14,False,N,November,Monday,Child
519-82-9080,2023-10-22 15:09:00,W,D'Angeli,F,23,Asian,W,True,8.0,53,False,W,October,Sunday,Adult
645-75-6454,2023-05-26 22:54:00,C,Mouser,F,60,Asian,C,True,9.0,24,True,C,May,Friday,Adult
845-28-0750,2023-10-04 03:49:00,D,Sikorsky,F,18,Asian,D,True,9.0,50,False,D,October,Wednesday,Teen
747-67-5371,2024-10-15 12:17:00,L,Dracey,F,2,Asian,L,True,9.0,54,False,L,October,Tuesday,Child
244-72-1639,2023-01-12 23:57:00,N,Howood,F,27,Asian,N,True,9.0,59,False,N,January,Thursday,Adult
222-04-8858,2024-02-18 05:38:00,U,Geram,F,64,Asian,U,True,9.0,42,False,U,February,Sunday,Senior
321-88-9571,2024-10-06 19:04:00,J,Steade,F,53,Asian,J,True,10.0,33,False,J,October,Sunday,Adult
605-85-1839,2023-08-18 10:59:00,K,Vanshin,F,20,Asian,K,True,10.0,56,False,K,August,Friday,Adult
621-66-7813,2024-02-25 15:05:00,V,Hawick,F,40,Asian,V,True,10.0,36,False,V,February,Sunday,Adult
732-68-6339,2023-09-30 01:30:00,X,Gianni,F,29,Asian,X,True,10.0,53,False,X,September,Saturday,Adult
887-69-1907,2024-11-10 12:33:00,A,Dowker,F,35,Asian,A,True,,27,False,A,November,Sunday,Adult
845-69-9025,2024-04-16 20:07:00,A,Duffield,F,49,Asian,A,True,,58,False,A,April,Tuesday,Adult
343-23-0272,2024-04-21 19:45:00,B,Mordan,F,65,Asian,B,True,,14,False,B,April,Sunday,Senior
507-75-5145,2024-03-04 08:19:00,C,Guite,F,22,Asian,C,True,,52,False,C,March,Monday,Adult
703-94-1485,2024-07-16 13:29:00,D,Morey,F,68,Asian,D,True,,15,False,D,July,Tuesday,Senior
312-94-8735,2023-02-12 19:36:00,D,Coutthart,F,69,Asian,D,True,,37,False,D,February,Sunday,Senior
694-75-1010,2024-05-31 13:47:00,E,Daspar,F,4,Asian,E,True,,15,False,E,May,Friday,Child
208-42-8204,2024-02-02 00:27:00,E,Andrichuk,F,52,Asian,E,True,,58,False,E,February,Friday,Adult
342-20-9295,2024-01-28 03:02:00,E,Revey,F,16,Asian,E,True,,59,False,E,January,Sunday,Teen
133-65-2351,2023-03-05 04:59:00,H,de la Valette Parisot,F,76,Asian,H,True,,57,True,H,March,Sunday,Senior
452-46-7406,2024-04-26 09:04:00,I,Kenworthey,F,40,Asian,I,True,,42,False,I,April,Friday,Adult
553-53-6240,2023-06-27 11:21:00,K,Loade,F,17,Asian,K,True,,13,False,K,June,Tuesday,Teen
455-54-8491,2024-10-02 05:02:00,K,Yeskin,F,71,Asian,K,True,,29,False,K,October,Wednesday,Senior
139-06-1169,2024-01-06 18:17:00,P,Swann,F,24,Asian,P,True,,48,False,P,January,Saturday,Adult
384-72-1340,2024-10-09 12:18:00,P,Duester,F,15,Asian,P,True,,55,False,P,October,Wednesday,Teen
740-27-0503,2024-12-01 09:37:00,Q,Lodwick,F,30,Asian,Q,True,,49,False,Q,December,Sunday,Adult
757-65-1358,2023-09-25 21:52:00,T,Sparkwill,F,12,Asian,T,True,,11,False,T,September,Monday,Child
411-44-1446,2024-01-25 19:12:00,U,Stamper,F,65,Asian,U,True,,11,False,U,January,Thursday,Senior
477-84-3629,2023-04-14 14:31:00,Z,Body,F,28,Asian,Z,True,,55,False,Z,April,Friday,Adult
267-77-7081,2024-12-10 12:53:00,V,Heavy,F,46,Asian,V,True,3.0,38,False,V,December,Tuesday,Adult
256-75-5796,2023-10-22 21:29:00,F,Trinke,F,75,Asian,F,True,4.0,30,False,F,October,Sunday,Senior
425-64-6539,2023-09-30 09:33:00,T,Evason,F,10,Asian,T,True,5.0,32,False,T,September,Saturday,Child
517-10-4550,2023-06-17 10:43:00,J,Spearett,F,47,Asian,J,True,10.0,58,False,J,June,Saturday,Adult
151-30-1903,2023-12-31 02:51:00,E,Stannis,F,50,Asian,E,True,,55,False,E,December,Sunday,Adult
638-04-9364,2023-05-13 02:11:00,G,Maps,F,14,Asian,G,True,,24,True,G,May,Saturday,Teen
710-54-8702,2023-04-12 23:50:00,O,Quayle,F,75,Asian,O,True,,58,False,O,April,Wednesday,Senior
409-18-9979,2024-09-08 10:55:00,S,Wayvill,F,52,Asian,S,True,,18,False,S,September,Sunday,Adult
107-94-1465,2024-05-10 18:48:00,A,Flintoft,F,65,Asian,A,True,0.0,11,False,A,May,Friday,Senior
577-71-3589,2024-07-25 04:07:00,X,Nutbeem,F,49,Asian,X,True,4.0,15,False,X,July,Thursday,Adult
156-93-3447,2023-05-08 05:52:00,I,Shakespear,F,5,Asian,I,True,6.0,23,False,I,May,Monday,Child
865-43-3940,2023-07-15 10:03:00,H,Hallitt,F,71,Asian,H,True,8.0,42,False,H,July,Saturday,Senior
529-80-3128,2024-02-18 20:22:00,J,Meaking,F,13,Asian,J,True,,27,False,J,February,Sunday,Teen
753-03-6126,2024-02-24 05:05:00,X,Gibke,F,43,Asian,X,True,,14,False,X,February,Saturday,Adult
203-07-9453,2024-02-27 20:55:00,X,Ghiriardelli,F,36,Asian,X,True,,42,False,X,February,Tuesday,Adult
109-71-9959,2024-07-07 05:34:00,J,Ripon,F,13,Asian,J,True,6.0,59,False,J,July,Sunday,Teen
214-01-2199,2023-10-19 09:13:00,A,Dundendale,F,3,Declined to Identify,A,True,,12,False,A,October,Thursday,Child
598-54-0367,2023-09-22 02:55:00,G,Lattin,F,74,Declined to Identify,G,True,,50,False,G,September,Friday,Senior
208-59-6965,2024-01-25 03:24:00,K,Di Franceshci,F,15,Declined to Identify,K,True,,24,False,K,January,Thursday,Teen
166-10-4126,2024-12-03 10:41:00,M,Nockalls,F,71,Declined to Identify,M,True,,28,False,M,December,Tuesday,Senior
388-09-3917,2024-01-21 22:23:00,N,Ambrosch,F,69,Declined to Identify,N,True,,37,False,N,January,Sunday,Senior
113-42-6171,2023-08-21 03:43:00,Q,Karadzas,F,10,Declined to Identify,Q,True,,52,False,Q,August,Monday,Child
668-36-4442,2024-02-09 08:43:00,G,Godly,F,16,Declined to Identify,G,True,,54,False,G,February,Friday,Teen
265-77-1242,2024-08-22 08:12:00,M,Fawlo,F,49,Declined to Identify,M,True,,55,False,M,August,Thursday,Adult
536-86-9352,2024-06-07 16:26:00,Y,Moult,F,63,Declined to Identify,Y,True,5.0,33,False,Y,June,Friday,Senior
875-18-8746,2023-01-06 10:55:00,A,Renzini,F,63,Declined to Identify,A,True,,41,False,A,January,Friday,Senior
739-88-4514,2023-07-05 17:58:00,A,Repp,F,51,Declined to Identify,A,True,,51,True,A,July,Wednesday,Adult
689-39-0776,2023-05-29 15:49:00,B,Housbey,F,62,Declined to Identify,B,True,,17,True,B,May,Monday,Senior
243-21-3862,2024-07-07 19:38:00,D,Livick,F,9,Declined to Identify,D,True,,15,False,D,July,Sunday,Child
663-28-2643,2024-09-25 20:49:00,D,Enrietto,F,61,Declined to Identify,D,True,,33,False,D,September,Wednesday,Senior
124-82-5230,2024-01-18 17:38:00,D,Coster,F,74,Declined to Identify,D,True,,44,False,D,January,Thursday,Senior
302-08-4790,2023-09-07 21:13:00,F,Trahear,F,3,Declined to Identify,F,True,,10,False,F,September,Thursday,Child
420-78-7513,2023-09-04 12:10:00,F,MacInerney,F,78,Declined to Identify,F,True,,27,False,F,September,Monday,Senior
709-58-4115,2023-05-11 06:26:00,G,Freak,F,2,Declined to Identify,G,True,,19,False,G,May,Thursday,Child
658-42-0940,2023-12-20 23:50:00,H,Sturley,F,6,Declined to Identify,H,True,,19,False,H,December,Wednesday,Child
412-75-8243,2023-04-17 21:17:00,H,Mansour,F,78,Declined to Identify,H,True,,30,False,H,April,Monday,Senior
522-95-4823,2023-07-09 14:12:00,H,Gerardet,F,18,Declined to Identify,H,True,,33,False,H,July,Sunday,Teen
291-35-7777,2024-12-01 17:44:00,H,Tangye,F,75,Declined to Identify,H,True,,41,False,H,December,Sunday,Senior
717-55-4547,2024-05-02 15:53:00,H,Abelwhite,F,3,Declined to Identify,H,True,,42,False,H,May,Thursday,Child
863-58-2563,2024-04-01 01:09:00,I,Baynton,F,52,Declined to Identify,I,True,,14,False,I,April,Monday,Adult
372-25-7518,2023-02-04 15:52:00,K,Hambly,F,67,Declined to Identify,K,True,,22,False,K,February,Saturday,Senior
709-74-1500,2024-01-24 19:29:00,L,Barson,F,32,Declined to Identify,L,True,,15,False,L,January,Wednesday,Adult
342-63-6565,2023-12-18 05:47:00,L,Sleany,F,3,Declined to Identify,L,True,,16,False,L,December,Monday,Child
740-24-2394,2023-08-29 12:41:00,M,Grinvalds,F,37,Declined to Identify,M,True,,57,False,M,August,Tuesday,Adult
574-16-1174,2024-05-31 07:16:00,O,Cutchie,F,66,Declined to Identify,O,True,,31,False,O,May,Friday,Senior
678-15-3957,2023-02-05 16:55:00,Q,Lukasik,F,45,Declined to Identify,Q,True,,19,True,Q,February,Sunday,Adult
483-85-8123,2024-03-08 20:56:00,Q,Flamank,F,5,Declined to Identify,Q,True,,34,False,Q,March,Friday,Child
398-80-1558,2024-10-10 18:30:00,R,Eliassen,F,76,Declined to Identify,R,True,,10,False,R,October,Thursday,Senior
280-55-2076,2024-07-09 14:46:00,S,Goldine,F,6,Declined to Identify,S,True,,21,False,S,July,Tuesday,Child
312-76-7073,2023-12-16 03:43:00,T,Karpenya,F,24,Declined to Identify,T,True,,44,False,T,December,Saturday,Adult
188-21-0592,2024-08-20 01:57:00,U,Shoveller,F,65,Declined to Identify,U,True,,24,False,U,August,Tuesday,Senior
303-52-1484,2023-04-25 15:33:00,U,Milam,F,16,Declined to Identify,U,True,,41,False,U,April,Tuesday,Teen
741-39-0715,2023-08-08 05:07:00,V,Wimpenny,F,61,Declined to Identify,V,True,,32,False,V,August,Tuesday,Senior
669-67-1385,2024-08-26 20:54:00,V,D'Agostino,F,3,Declined to Identify,V,True,,58,False,V,August,Monday,Child
196-82-1441,2024-09-20 14:31:00,X,Kos,F,14,Declined to Identify,X,True,,17,False,X,September,Friday,Teen
418-06-2956,2023-08-19 16:28:00,X,Tarver,F,6,Declined to Identify,X,True,,60,False,X,August,Saturday,Child
739-19-5155,2023-10-13 10:23:00,A,Baudichon,F,73,Declined to Identify,A,True,0.0,30,False,A,October,Friday,Senior
677-14-1863,2024-05-24 09:35:00,B,Carvilla,F,17,Declined to Identify,B,True,1.0,57,False,B,May,Friday,Teen
885-77-1156,2023-12-06 04:13:00,Q,Dun,F,34,Declined to Identify,Q,True,2.0,23,False,Q,December,Wednesday,Adult
898-29-8913,2023-04-19 08:32:00,B,Champneys,F,54,Declined to Identify,B,True,4.0,19,False,B,April,Wednesday,Adult
589-45-6897,2024-07-29 03:03:00,K,Burhill,F,56,Declined to Identify,K,True,4.0,49,False,K,July,Monday,Adult
156-95-7483,2023-06-09 01:37:00,A,Barmadier,F,27,Declined to Identify,A,True,6.0,49,False,A,June,Friday,Adult
215-81-1749,2024-06-15 04:32:00,N,Pidgeon,F,18,Declined to Identify,N,True,7.0,57,False,N,June,Saturday,Teen
676-68-0533,2023-10-11 11:43:00,O,Kinzett,F,14,Declined to Identify,O,True,7.0,53,False,O,October,Wednesday,Teen
182-57-2436,2024-08-27 07:11:00,H,Stannas,F,34,Declined to Identify,H,True,8.0,11,False,H,August,Tuesday,Adult
218-35-3191,2024-05-29 14:39:00,K,Jiroutka,F,60,Declined to Identify,K,True,9.0,57,False,K,May,Wednesday,Adult
319-81-9733,2023-03-05 09:15:00,L,Bilton,F,58,Declined to Identify,L,True,9.0,33,True,L,March,Sunday,Adult
447-04-3850,2024-07-28 02:11:00,F,Lukianov,F,37,Declined to Identify,F,True,10.0,49,False,F,July,Sunday,Adult
157-79-9833,2023-07-15 11:06:00,X,Daubeny,F,68,Declined to Identify,X,True,10.0,22,False,X,July,Saturday,Senior
771-87-6088,2024-08-24 06:24:00,F,Biskup,F,14,Declined to Identify,F,True,,22,False,F,August,Saturday,Teen
332-35-8330,2024-10-05 04:55:00,O,Dolbey,F,14,Declined to Identify,O,True,,19,False,O,October,Saturday,Teen
870-81-2711,2024-05-09 12:39:00,O,Gally,F,42,Declined to Identify,O,True,,60,False,O,May,Thursday,Adult
846-18-6745,2023-12-16 19:33:00,R,Sellman,F,68,Declined to Identify,R,True,,12,False,R,December,Saturday,Senior
409-76-4070,2024-08-20 05:49:00,T,Urpeth,F,39,Declined to Identify,T,True,,46,False,T,August,Tuesday,Adult
836-04-7358,2024-06-29 23:34:00,X,Proschek,F,61,Declined to Identify,X,True,8.0,27,False,X,June,Saturday,Senior
278-20-7716,2023-12-29 22:54:00,A,Frenzl,F,20,Declined to Identify,A,True,,23,False,A,December,Friday,Adult
791-23-7644,2024-02-29 06:45:00,A,Montford,F,4,Declined to Identify,A,True,,40,False,A,February,Thursday,Child
319-62-2474,2023-07-20 00:08:00,A,McPharlain,F,22,Declined to Identify,A,True,,45,False,A,July,Thursday,Adult
746-63-8309,2023-12-19 19:47:00,B,Coughlan,F,77,Declined to Identify,B,True,,44,False,B,December,Tuesday,Senior
122-39-3967,2023-10-23 19:25:00,B,Whear,F,45,Declined to Identify,B,True,,56,False,B,October,Monday,Adult
676-97-6820,2024-09-16 08:30:00,C,Brittle,F,63,Declined to Identify,C,True,,11,False,C,September,Monday,Senior
516-70-7067,2023-11-07 17:23:00,C,McCahill,F,17,Declined to Identify,C,True,,18,False,C,November,Tuesday,Teen
188-83-5387,2024-05-21 05:07:00,C,Haydney,F,5,Declined to Identify,C,True,,24,False,C,May,Tuesday,Child
807-87-8517,2023-08-27 18:00:00,D,McCrorie,F,23,Declined to Identify,D,True,,15,False,D,August,Sunday,Adult
325-65-7104,2024-01-04 21:53:00,D,Golding,F,72,Declined to Identify,D,True,,51,False,D,January,Thursday,Senior
120-16-5066,2023-11-06 08:18:00,E,Farny,F,43,Declined to Identify,E,True,,38,False,E,November,Monday,Adult
512-45-8835,2024-05-15 07:54:00,E,Titley,F,26,Declined to Identify,E,True,,49,False,E,May,Wednesday,Adult
547-62-9847,2024-10-08 11:33:00,E,Mensler,F,43,Declined to Identify,E,True,,57,False,E,October,Tuesday,Adult
324-96-4025,2024-08-22 04:15:00,F,Corpe,F,30,Declined to Identify,F,True,,29,False,F,August,Thursday,Adult
234-22-0190,2024-08-23 17:40:00,F,Gorham,F,15,Declined to Identify,F,True,,33,False,F,August,Friday,Teen
428-45-4055,2024-08-16 21:18:00,F,Dunkerley,F,49,Declined to Identify,F,True,,39,False,F,August,Friday,Adult
498-50-8434,2024-08-20 13:23:00,F,Abramov,F,69,Declined to Identify,F,True,,48,False,F,August,Tuesday,Senior
508-43-6247,2023-06-22 06:39:00,F,Straneo,F,7,Declined to Identify,F,True,,55,False,F,June,Thursday,Child
358-58-0862,2023-10-10 01:43:00,F,Ghion,F,6,Declined to Identify,F,True,,60,False,F,October,Tuesday,Child
688-95-8066,2023-12-30 21:28:00,G,Hearle,F,26,Declined to Identify,G,True,,14,False,G,December,Saturday,Adult
309-43-8681,2024-07-17 04:58:00,G,Poveleye,F,66,Declined to Identify,G,True,,23,False,G,July,Wednesday,Senior
131-43-0412,2023-06-04 23:08:00,G,Whittle,F,50,Declined to Identify,G,True,,42,False,G,June,Sunday,Adult
739-59-7499,2024-08-17 11:49:00,G,Edler,F,12,Declined to Identify,G,True,,54,False,G,August,Saturday,Child
508-63-2073,2023-04-07 08:19:00,G,Lepere,F,4,Declined to Identify,G,True,,58,False,G,April,Friday,Child
872-78-1392,2024-10-24 04:00:00,H,Bakster,F,7,Declined to Identify,H,True,,10,False,H,October,Thursday,Child
527-55-3384,2023-05-21 17:49:00,H,Auton,F,53,Declined to Identify,H,True,,21,True,H,May,Sunday,Adult
287-12-3149,2024-08-28 07:18:00,H,Lebarree,F,64,Declined to Identify,H,True,,32,False,H,August,Wednesday,Senior
851-59-7488,2024-04-17 14:12:00,H,O'Corrin,F,18,Declined to Identify,H,True,,52,False,H,April,Wednesday,Teen
799-77-3442,2024-05-28 03:22:00,H,Hamlyn,F,16,Declined to Identify,H,True,,54,False,H,May,Tuesday,Teen
241-92-0072,2024-08-08 00:35:00,I,Fayers,F,36,Declined to Identify,I,True,,12,False,I,August,Thursday,Adult
186-57-3914,2023-03-09 09:55:00,I,Jean,F,33,Declined to Identify,I,True,,24,False,I,March,Thursday,Adult
251-76-8762,2024-05-10 19:43:00,I,Cran,F,67,Declined to Identify,I,True,,32,False,I,May,Friday,Senior
645-79-2722,2024-03-02 10:38:00,I,McClounan,F,27,Declined to Identify,I,True,,33,False,I,March,Saturday,Adult
631-58-0524,2023-01-11 19:20:00,I,Antliff,F,58,Declined to Identify,I,True,,50,False,I,January,Wednesday,Adult
142-07-6600,2024-08-10 18:09:00,J,Kees,F,23,Declined to Identify,J,True,,11,False,J,August,Saturday,Adult
357-99-4836,2023-04-11 11:39:00,J,Troctor,F,38,Declined to Identify,J,True,,13,False,J,April,Tuesday,Adult
663-70-2265,2023-12-12 05:31:00,J,Wivell,F,20,Declined to Identify,J,True,,32,False,J,December,Tuesday,Adult
112-50-3721,2024-01-19 16:35:00,J,Morison,F,16,Declined to Identify,J,True,,60,False,J,January,Friday,Teen
282-75-0452,2024-05-09 19:13:00,K,Axtonne,F,53,Declined to Identify,K,True,,33,False,K,May,Thursday,Adult
840-53-2866,2023-09-11 17:28:00,K,Jarrelt,F,49,Declined to Identify,K,True,,52,False,K,September,Monday,Adult
223-82-3503,2023-09-16 08:50:00,L,Toffaloni,F,35,Declined to Identify,L,True,,12,False,L,September,Saturday,Adult
715-98-5017,2023-11-14 08:58:00,L,Handrock,F,43,Declined to Identify,L,True,,22,False,L,November,Tuesday,Adult
494-54-0566,2023-06-24 14:25:00,L,McKie,F,61,Declined to Identify,L,True,,34,False,L,June,Saturday,Senior
505-40-5045,2023-09-30 12:53:00,L,Yerrington,F,39,Declined to Identify,L,True,,43,False,L,September,Saturday,Adult
259-47-2459,2024-12-06 03:01:00,L,Lochead,F,12,Declined to Identify,L,True,,45,False,L,December,Friday,Child
738-42-8501,2024-08-25 15:01:00,M,Brogi,F,51,Declined to Identify,M,True,,15,False,M,August,Sunday,Adult
337-44-5677,2023-05-16 23:37:00,M,Spellissy,F,72,Declined to Identify,M,True,,31,True,M,May,Tuesday,Senior
799-50-9125,2024-09-27 15:58:00,N,Gecke,F,41,Declined to Identify,N,True,,19,False,N,September,Friday,Adult
674-41-4544,2024-04-28 16:59:00,N,Betho,F,6,Declined to Identify,N,True,,23,False,N,April,Sunday,Child
761-48-5086,2024-09-22 18:58:00,N,Stit,F,12,Declined to Identify,N,True,,33,False,N,September,Sunday,Child
747-74-1599,2023-09-14 21:24:00,N,Ricciardi,F,23,Declined to Identify,N,True,,34,False,N,September,Thursday,Adult
774-99-4361,2023-08-17 09:45:00,N,Meredyth,F,29,Declined to Identify,N,True,,42,False,N,August,Thursday,Adult
302-84-1379,2023-06-27 13:00:00,N,Brosius,F,15,Declined to Identify,N,True,,50,False,N,June,Tuesday,Teen
199-30-9296,2024-06-15 08:36:00,N,Banane,F,41,Declined to Identify,N,True,,58,False,N,June,Saturday,Adult
777-10-1248,2024-01-25 08:58:00,O,Storres,F,12,Declined to Identify,O,True,,50,False,O,January,Thursday,Child
132-37-7813,2023-11-15 01:33:00,P,Ugo,F,2,Declined to Identify,P,True,,16,False,P,November,Wednesday,Child
835-05-2062,2023-05-18 05:59:00,P,Ragless,F,64,Declined to Identify,P,True,,28,True,P,May,Thursday,Senior
861-37-1476,2024-09-17 23:43:00,P,Corlett,F,26,Declined to Identify,P,True,,35,False,P,September,Tuesday,Adult
667-75-1707,2024-08-17 01:14:00,Q,Dufour,F,68,Declined to Identify,Q,True,,25,False,Q,August,Saturday,Senior
438-41-3249,2023-03-06 05:45:00,Q,Trees,F,7,Declined to Identify,Q,True,,29,False,Q,March,Monday,Child
787-92-5912,2023-12-24 08:25:00,S,Ternault,F,3,Declined to Identify,S,True,,17,False,S,December,Sunday,Child
249-17-8640,2023-03-11 14:53:00,S,Fickling,F,69,Declined to Identify,S,True,,35,False,S,March,Saturday,Senior
647-24-1990,2024-10-17 14:16:00,S,Bazoge,F,39,Declined to Identify,S,True,,41,False,S,October,Thursday,Adult
218-16-4997,2024-01-03 02:50:00,S,Rapper,F,67,Declined to Identify,S,True,,48,False,S,January,Wednesday,Senior
797-45-6464,2024-06-09 16:06:00,T,Ellison,F,16,Declined to Identify,T,True,,12,False,T,June,Sunday,Teen
391-50-0482,2023-08-08 09:55:00,T,Overstone,F,43,Declined to Identify,T,True,,33,False,T,August,Tuesday,Adult
226-60-5768,2024-10-14 01:51:00,T,Brewer,F,20,Declined to Identify,T,True,,36,False,T,October,Monday,Adult
630-37-0673,2024-08-22 01:43:00,T,Fehely,F,71,Declined to Identify,T,True,,40,False,T,August,Thursday,Senior
133-74-7626,2024-06-22 03:22:00,T,Lothean,F,71,Declined to Identify,T,True,,46,False,T,June,Saturday,Senior
808-11-2211,2024-08-26 13:55:00,U,Collymore,F,33,Declined to Identify,U,True,,12,False,U,August,Monday,Adult
479-79-4569,2024-10-24 20:46:00,U,Sackey,F,73,Declined to Identify,U,True,,30,False,U,October,Thursday,Senior
394-48-4997,2024-01-05 18:29:00,U,McClements,F,67,Declined to Identify,U,True,,41,False,U,January,Friday,Senior
575-13-4379,2023-08-08 00:32:00,V,Neaves,F,18,Declined to Identify,V,True,,34,False,V,August,Tuesday,Teen
266-36-0879,2023-02-09 20:03:00,V,Chaperling,F,48,Declined to Identify,V,True,,49,False,V,February,Thursday,Adult
389-34-9801,2023-10-29 13:35:00,V,Bellino,F,18,Declined to Identify,V,True,,51,False,V,October,Sunday,Teen
897-53-7110,2023-12-07 22:00:00,V,Gwatkin,F,11,Declined to Identify,V,True,,52,False,V,December,Thursday,Child
158-96-1115,2024-10-03 07:19:00,V,Crann,F,20,Declined to Identify,V,True,,54,False,V,October,Thursday,Adult
778-79-4865,2023-12-22 06:43:00,W,Ferron,F,78,Declined to Identify,W,True,,15,False,W,December,Friday,Senior
830-11-9359,2024-12-08 20:32:00,W,Stoad,F,71,Declined to Identify,W,True,,20,False,W,December,Sunday,Senior
700-40-2440,2023-07-09 23:11:00,W,Rimington,F,22,Declined to Identify,W,True,,37,False,W,July,Sunday,Adult
166-42-6606,2024-10-22 04:47:00,W,Seres,F,49,Declined to Identify,W,True,,53,False,W,October,Tuesday,Adult
471-32-5168,2023-05-13 10:33:00,X,Poile,F,46,Declined to Identify,X,True,,27,True,X,May,Saturday,Adult
609-31-7544,2024-09-21 22:15:00,X,Franchi,F,74,Declined to Identify,X,True,,34,False,X,September,Saturday,Senior
695-42-0006,2024-09-03 05:53:00,Y,Nibley,F,29,Declined to Identify,Y,True,,34,False,Y,September,Tuesday,Adult
474-66-5740,2024-03-02 16:11:00,Y,Unthank,F,42,Declined to Identify,Y,True,,45,False,Y,March,Saturday,Adult
203-52-8599,2024-10-17 15:45:00,Y,Fancutt,F,37,Declined to Identify,Y,True,,52,False,Y,October,Thursday,Adult
302-12-2442,2023-04-16 04:38:00,Z,Punton,F,14,Declined to Identify,Z,True,,12,False,Z,April,Sunday,Teen
253-17-6458,2023-08-16 10:14:00,Z,Touzey,F,73,Declined to Identify,Z,True,,34,False,Z,August,Wednesday,Senior
133-48-6468,2023-05-25 19:16:00,D,Bohlmann,F,32,Declined to Identify,D,True,0.0,30,True,D,May,Thursday,Adult
182-88-7190,2024-01-17 17:08:00,X,Favill,F,47,Declined to Identify,X,True,0.0,52,False,X,January,Wednesday,Adult
365-46-9248,2023-11-19 11:56:00,J,Jenyns,F,77,Declined to Identify,J,True,1.0,56,False,J,November,Sunday,Senior
669-58-8180,2023-04-20 16:36:00,L,Moynham,F,56,Declined to Identify,L,True,1.0,15,False,L,April,Thursday,Adult
611-46-9532,2024-09-15 17:18:00,T,Comini,F,37,Declined to Identify,T,True,1.0,35,False,T,September,Sunday,Adult
891-94-6941,2023-07-13 04:44:00,Y,Sanpher,F,25,Declined to Identify,Y,True,1.0,20,False,Y,July,Thursday,Adult
357-17-7158,2023-05-16 20:32:00,Y,Keys,F,79,Declined to Identify,Y,True,1.0,45,True,Y,May,Tuesday,Senior
713-14-9027,2024-12-06 12:38:00,X,Kearsley,F,1,Declined to Identify,X,True,2.0,41,False,X,December,Friday,Child
397-07-5239,2023-12-11 13:01:00,E,Haliday,F,11,Declined to Identify,E,True,3.0,57,False,E,December,Monday,Child
353-90-2932,2023-01-06 04:32:00,P,Sangwin,F,19,Declined to Identify,P,True,3.0,10,False,P,January,Friday,Adult
766-41-7394,2023-11-29 21:32:00,S,Ogborne,F,32,Declined to Identify,S,True,3.0,34,False,S,November,Wednesday,Adult
101-13-4808,2023-04-25 01:36:00,V,Gowdridge,F,30,Declined to Identify,V,True,3.0,30,False,V,April,Tuesday,Adult
821-49-1763,2023-11-08 09:51:00,V,Bullent,F,68,Declined to Identify,V,True,3.0,34,False,V,November,Wednesday,Senior
633-10-2308,2023-04-21 10:20:00,F,Ruff,F,19,Declined to Identify,F,True,4.0,15,False,F,April,Friday,Adult
883-57-5626,2024-06-17 16:05:00,F,Roon,F,41,Declined to Identify,F,True,4.0,22,False,F,June,Monday,Adult
270-22-3564,2023-05-06 05:07:00,V,Swindall,F,21,Declined to Identify,V,True,4.0,26,False,V,May,Saturday,Adult
561-60-1178,2023-11-12 14:23:00,C,Speedin,F,72,Declined to Identify,C,True,5.0,12,False,C,November,Sunday,Senior
527-55-8690,2024-03-13 10:11:00,N,Chazier,F,27,Declined to Identify,N,True,5.0,48,False,N,March,Wednesday,Adult
320-82-5563,2024-01-01 08:57:00,S,Rubel,F,5,Declined to Identify,S,True,5.0,14,False,S,January,Monday,Child
446-49-0800,2023-12-08 13:25:00,D,Thomazin,F,65,Declined to Identify,D,True,6.0,56,False,D,December,Friday,Senior
551-28-9613,2024-01-18 13:07:00,E,Yancey,F,10,Declined to Identify,E,True,6.0,18,False,E,January,Thursday,Child
370-96-9793,2023-09-29 14:54:00,L,Vernazza,F,59,Declined to Identify,L,True,7.0,25,False,L,September,Friday,Adult
756-61-8835,2023-12-24 23:11:00,Q,Emney,F,72,Declined to Identify,Q,True,7.0,44,False,Q,December,Sunday,Senior
885-91-3054,2024-03-02 10:51:00,C,Bernhard,F,23,Declined to Identify,C,True,8.0,42,False,C,March,Saturday,Adult
814-54-8172,2023-04-16 00:20:00,G,Younie,F,31,Declined to Identify,G,True,8.0,20,False,G,April,Sunday,Adult
145-63-3518,2023-07-13 02:26:00,H,Devonald,F,78,Declined to Identify,H,True,8.0,38,False,H,July,Thursday,Senior
292-38-8567,2024-12-07 06:29:00,K,Gianilli,F,59,Declined to Identify,K,True,8.0,32,False,K,December,Saturday,Adult
614-78-5353,2023-05-20 08:48:00,R,Juza,F,46,Declined to Identify,R,True,9.0,31,True,R,May,Saturday,Adult
800-88-0642,2024-05-31 04:27:00,Y,Sorel,F,56,Declined to Identify,Y,True,9.0,12,False,Y,May,Friday,Adult
433-91-7582,2024-10-20 14:29:00,C,Legge,F,57,Declined to Identify,C,True,10.0,15,False,C,October,Sunday,Adult
516-29-6967,2023-11-27 10:29:00,O,Southey,F,68,Declined to Identify,O,True,10.0,49,False,O,November,Monday,Senior
789-52-9572,2024-12-09 12:47:00,Q,Wartonby,F,32,Declined to Identify,Q,True,10.0,42,False,Q,December,Monday,Adult
440-67-5765,2023-10-31 09:06:00,A,Pycock,F,64,Declined to Identify,A,True,,10,False,A,October,Tuesday,Senior
849-21-8932,2023-11-14 13:13:00,A,Guido,F,32,Declined to Identify,A,True,,17,False,A,November,Tuesday,Adult
845-19-4922,2023-04-23 18:00:00,A,Geffinger,F,46,Declined to Identify,A,True,,47,False,A,April,Sunday,Adult
727-18-5807,2023-12-29 03:34:00,C,Oluwatoyin,F,53,Declined to Identify,C,True,,15,False,C,December,Friday,Adult
824-52-5925,2024-07-05 05:30:00,D,Sinnatt,F,20,Declined to Identify,D,True,,24,False,D,July,Friday,Adult
393-79-0056,2024-09-17 16:26:00,G,Murkin,F,75,Declined to Identify,G,True,,21,False,G,September,Tuesday,Senior
427-16-0688,2024-06-04 09:59:00,H,Snalum,F,61,Declined to Identify,H,True,,29,False,H,June,Tuesday,Senior
758-91-1303,2023-06-13 01:22:00,H,Bailie,F,77,Declined to Identify,H,True,,54,False,H,June,Tuesday,Senior
705-51-2537,2024-04-01 16:54:00,I,Olyet,F,20,Declined to Identify,I,True,,43,False,I,April,Monday,Adult
671-57-3564,2023-07-23 04:14:00,K,Kelso,F,40,Declined to Identify,K,True,,39,False,K,July,Sunday,Adult
120-38-6188,2023-05-16 00:01:00,Q,Downage,F,37,Declined to Identify,Q,True,,23,True,Q,May,Tuesday,Adult
235-32-0067,2024-08-03 09:06:00,X,Durrant,F,69,Declined to Identify,X,True,,26,False,X,August,Saturday,Senior
502-96-5841,2023-11-27 06:48:00,K,Blei,F,8,Declined to Identify,K,True,0.0,31,False,K,November,Monday,Child
501-24-3434,2023-09-15 19:24:00,K,Nelane,F,60,Declined to Identify,K,True,2.0,28,False,K,September,Friday,Adult
386-77-8317,2024-05-18 09:32:00,Z,Mumbray,F,55,Declined to Identify,Z,True,3.0,57,False,Z,May,Saturday,Adult
370-63-5659,2023-09-19 22:33:00,R,Duce,F,63,Declined to Identify,R,True,9.0,25,False,R,September,Tuesday,Senior
389-26-8766,2023-11-23 18:31:00,J,Peatt,F,25,Declined to Identify,J,True,10.0,34,False,J,November,Thursday,Adult
419-51-8905,2023-11-13 00:15:00,B,Correa,F,10,Declined to Identify,B,True,,49,False,B,November,Monday,Child
505-82-8258,2023-10-18 08:51:00,K,Dewer,F,27,Declined to Identify,K,True,,48,False,K,October,Wednesday,Adult
351-90-2714,2023-06-21 07:08:00,N,Lambourne,F,24,Declined to Identify,N,True,,24,False,N,June,Wednesday,Adult
425-47-5893,2023-10-19 15:22:00,O,Scotson,F,7,Declined to Identify,O,True,,52,False,O,October,Thursday,Child
854-03-3896,2023-08-18 05:17:00,R,Housiaux,F,30,Declined to Identify,R,True,0.0,40,False,R,August,Friday,Adult
208-33-2877,2024-05-19 13:41:00,P,Chomicki,F,1,Declined to Identify,P,True,5.0,36,False,P,May,Sunday,Child
822-51-9844,2024-06-09 02:02:00,B,Pauletti,F,11,Declined to Identify,B,True,9.0,11,False,B,June,Sunday,Child
809-70-6273,2024-08-10 04:44:00,Y,Duddin,F,73,Declined to Identify,Y,True,9.0,13,False,Y,August,Saturday,Senior
271-63-4659,2023-12-09 16:47:00,G,Wilshere,F,13,Declined to Identify,G,True,,40,False,G,December,Saturday,Teen
622-03-5279,2023-01-09 06:31:00,B,Rouse,F,24,Native American/Alaska Native,B,True,,10,False,B,January,Monday,Adult
274-50-2717,2023-09-12 15:36:00,P,Nono,F,17,Native American/Alaska Native,P,True,4.0,16,False,P,September,Tuesday,Teen
779-02-5999,2023-11-17 12:08:00,W,Piatek,F,68,Native American/Alaska Native,W,True,9.0,38,False,W,November,Friday,Senior
185-10-7325,2024-11-07 21:22:00,I,Sibery,F,59,Native American/Alaska Native,I,True,10.0,21,False,I,November,Thursday,Adult
714-75-9917,2024-08-26 18:12:00,Q,Denyukhin,F,23,Native American/Alaska Native,Q,True,,34,False,Q,August,Monday,Adult
869-79-1999,2023-04-17 16:43:00,Z,Headingham,F,54,Native American/Alaska Native,Z,True,,49,False,Z,April,Monday,Adult
652-16-1081,2023-07-07 13:02:00,Z,Perotti,F,59,Native American/Alaska Native,Z,True,9.0,38,False,Z,July,Friday,Adult
735-07-3139,2024-08-19 01:54:00,D,Kroll,F,29,Native American/Alaska Native,D,True,,20,False,D,August,Monday,Adult
480-81-1461,2024-07-03 21:41:00,D,McKim,F,30,Native American/Alaska Native,D,True,,22,False,D,July,Wednesday,Adult
437-24-0212,2024-02-05 14:20:00,J,Embery,F,56,Native American/Alaska Native,J,True,,15,False,J,February,Monday,Adult
339-15-9922,2023-08-06 11:06:00,J,Jina,F,36,Native American/Alaska Native,J,True,,42,False,J,August,Sunday,Adult
334-71-3297,2023-05-09 20:05:00,N,Cavolini,F,44,Native American/Alaska Native,N,True,,27,False,N,May,Tuesday,Adult
374-34-0979,2023-01-07 10:03:00,N,Bodman,F,5,Native American/Alaska Native,N,True,,57,False,N,January,Saturday,Child
222-40-5966,2023-04-10 20:48:00,Q,Parkins,F,54,Native American/Alaska Native,Q,True,,60,False,Q,April,Monday,Adult
567-42-0057,2023-10-22 03:10:00,U,Champerlen,F,24,Native American/Alaska Native,U,True,,41,False,U,October,Sunday,Adult
173-93-6685,2024-07-05 02:18:00,V,Brimacombe,F,39,Native American/Alaska Native,V,True,,36,False,V,July,Friday,Adult
544-61-3704,2024-10-08 22:50:00,V,Jennery,F,28,Native American/Alaska Native,V,True,,55,False,V,October,Tuesday,Adult
441-49-3611,2024-04-16 12:36:00,X,Brymner,F,49,Native American/Alaska Native,X,True,,14,False,X,April,Tuesday,Adult
357-79-8153,2024-05-03 23:52:00,Z,Gabbatt,F,2,Native American/Alaska Native,Z,True,,29,False,Z,May,Friday,Child
671-01-8634,2024-01-15 05:30:00,G,Corneille,F,49,Native American/Alaska Native,G,True,1.0,11,False,G,January,Monday,Adult
640-23-3968,2024-03-24 18:05:00,C,Adiscot,F,38,Native American/Alaska Native,C,True,2.0,60,False,C,March,Sunday,Adult
692-57-0575,2023-11-07 18:44:00,X,Skillington,F,60,Native American/Alaska Native,X,True,3.0,13,False,X,November,Tuesday,Adult
778-04-2774,2023-02-05 18:54:00,I,McCrohon,F,50,Native American/Alaska Native,I,True,10.0,38,True,I,February,Sunday,Adult
272-51-8307,2024-12-05 03:41:00,E,MacManus,F,30,Native American/Alaska Native,E,True,,45,False,E,December,Thursday,Adult
403-08-7603,2024-05-30 07:53:00,J,Horley,F,40,Native American/Alaska Native,J,True,,39,False,J,May,Thursday,Adult
507-25-2094,2023-12-15 11:02:00,O,Ruusa,F,63,Native American/Alaska Native,O,True,,45,False,O,December,Friday,Senior
688-14-6386,2024-03-03 04:23:00,Z,Kondratenya,F,53,Native American/Alaska Native,Z,True,,29,False,Z,March,Sunday,Adult
214-14-5146,2023-03-10 15:45:00,A,Clissett,F,2,Native American/Alaska Native,A,True,,21,False,A,March,Friday,Child
779-67-4873,2023-11-24 00:14:00,B,Godin,F,60,Native American/Alaska Native,B,True,,36,False,B,November,Friday,Adult
707-43-3573,2024-06-21 13:58:00,C,Possell,F,63,Native American/Alaska Native,C,True,,12,False,C,June,Friday,Senior
261-67-8550,2023-08-06 15:31:00,C,Grouse,F,54,Native American/Alaska Native,C,True,,39,False,C,August,Sunday,Adult
652-52-1081,2024-05-08 15:39:00,C,Higgoe,F,13,Native American/Alaska Native,C,True,,55,False,C,May,Wednesday,Teen
140-42-5675,2023-05-19 23:41:00,C,Gilbane,F,75,Native American/Alaska Native,C,True,,56,True,C,May,Friday,Senior
365-20-5803,2023-07-26 19:09:00,D,Cowley,F,6,Native American/Alaska Native,D,True,,41,False,D,July,Wednesday,Child
106-91-2707,2024-03-18 13:46:00,D,Hark,F,47,Native American/Alaska Native,D,True,,45,False,D,March,Monday,Adult
134-19-0064,2023-02-12 08:44:00,D,Boston,F,66,Native American/Alaska Native,D,True,,54,False,D,February,Sunday,Senior
743-65-7031,2023-12-17 20:01:00,E,Pontefract,F,48,Native American/Alaska Native,E,True,,19,False,E,December,Sunday,Adult
114-19-2731,2023-08-27 15:20:00,E,Hinstridge,F,8,Native American/Alaska Native,E,True,,52,False,E,August,Sunday,Child
789-98-0501,2024-02-26 10:01:00,F,Dring,F,73,Native American/Alaska Native,F,True,,51,False,F,February,Monday,Senior
410-83-6667,2023-02-05 16:36:00,G,Paireman,F,22,Native American/Alaska Native,G,True,,39,True,G,February,Sunday,Adult
644-25-4233,2024-10-23 13:06:00,G,Perritt,F,75,Native American/Alaska Native,G,True,,47,False,G,October,Wednesday,Senior
876-95-4867,2024-06-27 12:00:00,I,Macrow,F,8,Native American/Alaska Native,I,True,,21,False,I,June,Thursday,Child
842-46-5824,2024-01-23 11:26:00,J,Roots,F,15,Native American/Alaska Native,J,True,,52,False,J,January,Tuesday,Teen
105-01-3380,2023-12-16 17:31:00,K,Donwell,F,19,Native American/Alaska Native,K,True,,36,False,K,December,Saturday,Adult
647-14-8894,2023-06-04 04:09:00,M,Jukes,F,28,Native American/Alaska Native,M,True,,21,False,M,June,Sunday,Adult
388-61-6417,2024-04-28 21:38:00,N,Coggill,F,11,Native American/Alaska Native,N,True,,32,False,N,April,Sunday,Child
351-50-7892,2023-09-21 19:46:00,N,Eastam,F,2,Native American/Alaska Native,N,True,,47,False,N,September,Thursday,Child
798-24-0921,2023-05-23 02:18:00,O,Aveson,F,37,Native American/Alaska Native,O,True,,21,True,O,May,Tuesday,Adult
643-52-5908,2024-10-05 15:22:00,O,Thorne,F,69,Native American/Alaska Native,O,True,,29,False,O,October,Saturday,Senior
432-47-7792,2024-09-30 07:58:00,O,Morando,F,35,Native American/Alaska Native,O,True,,57,False,O,September,Monday,Adult
678-20-5521,2023-04-10 17:08:00,P,Bracegirdle,F,2,Native American/Alaska Native,P,True,,35,False,P,April,Monday,Child
674-35-6836,2024-09-03 06:51:00,P,Friary,F,31,Native American/Alaska Native,P,True,,44,False,P,September,Tuesday,Adult
535-57-0086,2023-12-27 12:20:00,P,Rogeron,F,72,Native American/Alaska Native,P,True,,52,False,P,December,Wednesday,Senior
829-43-6222,2023-11-26 08:20:00,Q,McElree,F,41,Native American/Alaska Native,Q,True,,51,False,Q,November,Sunday,Adult
600-85-2869,2024-07-30 23:28:00,R,Harbar,F,10,Native American/Alaska Native,R,True,,20,False,R,July,Tuesday,Child
717-27-3125,2024-03-29 12:55:00,R,Gertz,F,65,Native American/Alaska Native,R,True,,25,False,R,March,Friday,Senior
355-62-4781,2024-02-15 14:34:00,R,Bwy,F,71,Native American/Alaska Native,R,True,,42,False,R,February,Thursday,Senior
315-72-4283,2024-04-04 04:19:00,R,Shovlar,F,15,Native American/Alaska Native,R,True,,44,False,R,April,Thursday,Teen
366-24-6440,2024-02-03 15:47:00,S,Dubois,F,44,Native American/Alaska Native,S,True,,14,False,S,February,Saturday,Adult
412-07-8001,2024-12-02 00:29:00,S,Sivewright,F,40,Native American/Alaska Native,S,True,,16,False,S,December,Monday,Adult
596-94-3459,2024-09-07 11:54:00,S,Dabney,F,50,Native American/Alaska Native,S,True,,27,False,S,September,Saturday,Adult
682-16-7744,2023-07-29 07:05:00,S,Huntar,F,23,Native American/Alaska Native,S,True,,38,False,S,July,Saturday,Adult
257-54-0881,2023-05-05 19:12:00,T,Kinane,F,40,Native American/Alaska Native,T,True,,32,True,T,May,Friday,Adult
805-76-9726,2023-09-28 04:20:00,W,Agett,F,13,Native American/Alaska Native,W,True,,29,False,W,September,Thursday,Teen
575-53-0156,2024-05-24 04:16:00,W,Stores,F,33,Native American/Alaska Native,W,True,,60,False,W,May,Friday,Adult
739-67-4991,2024-08-13 17:29:00,X,Varnes,F,50,Native American/Alaska Native,X,True,,42,False,X,August,Tuesday,Adult
645-48-6279,2024-01-10 02:20:00,X,Tour,F,24,Native American/Alaska Native,X,True,,53,False,X,January,Wednesday,Adult
267-83-1118,2024-09-18 02:44:00,Y,Paviour,F,60,Native American/Alaska Native,Y,True,,20,False,Y,September,Wednesday,Adult
896-96-6112,2024-03-24 08:12:00,Z,Spread,F,53,Native American/Alaska Native,Z,True,,14,False,Z,March,Sunday,Adult
828-16-0841,2023-10-13 06:35:00,Z,Eake,F,36,Native American/Alaska Native,Z,True,,33,False,Z,October,Friday,Adult
317-63-5565,2024-10-08 18:59:00,Z,Berthelmot,F,67,Native American/Alaska Native,Z,True,,44,False,Z,October,Tuesday,Senior
851-43-5041,2024-02-10 18:09:00,Z,Bearman,F,62,Native American/Alaska Native,Z,True,,47,False,Z,February,Saturday,Senior
696-30-0533,2023-04-25 23:33:00,T,Ervine,F,22,Native American/Alaska Native,T,True,0.0,51,False,T,April,Tuesday,Adult
684-50-5707,2024-11-06 20:06:00,H,Delort,F,60,Native American/Alaska Native,H,True,1.0,46,False,H,November,Wednesday,Adult
710-15-9516,2024-06-24 15:48:00,N,Cardow,F,79,Native American/Alaska Native,N,True,1.0,23,False,N,June,Monday,Senior
503-41-1563,2024-01-14 04:06:00,H,Sims,F,34,Native American/Alaska Native,H,True,2.0,20,False,H,January,Sunday,Adult
779-47-3338,2024-08-04 02:52:00,J,Hinge,F,39,Native American/Alaska Native,J,True,2.0,54,False,J,August,Sunday,Adult
718-85-1686,2023-09-10 23:47:00,K,Aleixo,F,61,Native American/Alaska Native,K,True,3.0,31,False,K,September,Sunday,Senior
234-89-6647,2024-02-21 15:42:00,P,Sapey,F,47,Native American/Alaska Native,P,True,3.0,29,False,P,February,Wednesday,Adult
541-24-1870,2024-05-19 08:27:00,Q,Hedney,F,32,Native American/Alaska Native,Q,True,3.0,60,False,Q,May,Sunday,Adult
173-94-4958,2023-03-11 06:18:00,A,Bevan,F,51,Native American/Alaska Native,A,True,4.0,27,False,A,March,Saturday,Adult
628-49-9090,2024-11-05 19:28:00,N,Quantrill,F,29,Native American/Alaska Native,N,True,5.0,30,False,N,November,Tuesday,Adult
172-05-6912,2023-07-06 13:38:00,N,Birtwell,F,65,Native American/Alaska Native,N,True,6.0,43,False,N,July,Thursday,Senior
842-24-1245,2024-09-07 01:18:00,S,Toothill,F,33,Native American/Alaska Native,S,True,6.0,59,False,S,September,Saturday,Adult
644-58-3446,2023-09-15 07:18:00,G,Felton,F,3,Native American/Alaska Native,G,True,7.0,36,False,G,September,Friday,Child
171-05-8116,2023-05-16 13:14:00,L,Pietzker,F,12,Native American/Alaska Native,L,True,7.0,39,True,L,May,Tuesday,Child
346-70-4846,2023-08-24 13:39:00,M,Paris,F,68,Native American/Alaska Native,M,True,7.0,33,False,M,August,Thursday,Senior
563-07-4845,2024-06-21 05:18:00,S,MacFaul,F,17,Native American/Alaska Native,S,True,7.0,11,False,S,June,Friday,Teen
551-01-4099,2023-11-09 06:23:00,G,Meconi,F,5,Native American/Alaska Native,G,True,9.0,51,False,G,November,Thursday,Child
791-19-6812,2023-05-08 13:54:00,F,Passfield,F,77,Native American/Alaska Native,F,True,,39,False,F,May,Monday,Senior
585-31-9711,2024-05-20 23:42:00,H,Dagger,F,3,Native American/Alaska Native,H,True,,37,False,H,May,Monday,Child
236-90-6692,2023-09-13 20:52:00,I,Stentiford,F,62,Native American/Alaska Native,I,True,,29,False,I,September,Wednesday,Senior
778-77-6945,2023-10-07 13:52:00,M,Bradnick,F,30,Native American/Alaska Native,M,True,,56,False,M,October,Saturday,Adult
718-51-6818,2024-02-19 03:55:00,R,Cadalleder,F,54,Native American/Alaska Native,R,True,,15,False,R,February,Monday,Adult
685-14-2682,2024-01-04 16:44:00,V,Mityakov,F,37,Native American/Alaska Native,V,True,,20,False,V,January,Thursday,Adult
331-79-8648,2024-10-30 00:29:00,W,Ayerst,F,36,Native American/Alaska Native,W,True,,47,False,W,October,Wednesday,Adult
176-79-9558,2024-01-22 09:16:00,X,Woolmington,F,43,Native American/Alaska Native,X,True,,24,False,X,January,Monday,Adult
236-71-7697,2024-01-15 09:16:00,Y,Battabee,F,36,Native American/Alaska Native,Y,True,,34,False,Y,January,Monday,Adult
557-52-3003,2024-06-23 15:36:00,K,Dupree,F,9,Native American/Alaska Native,K,True,3.0,38,False,K,June,Sunday,Child
240-88-0226,2024-04-22 17:34:00,P,Christofides,F,34,Native American/Alaska Native,P,True,10.0,12,False,P,April,Monday,Adult
765-08-2861,2023-11-30 01:48:00,S,Origan,F,34,Native American/Alaska Native,S,True,,15,False,S,November,Thursday,Adult
575-96-8201,2023-06-20 23:37:00,S,Windows,F,10,Native American/Alaska Native,S,True,,43,False,S,June,Tuesday,Child
438-37-8380,2024-10-13 18:07:00,K,Grotty,F,15,Native American/Alaska Native,K,True,2.0,31,False,K,October,Sunday,Teen
772-41-7899,2023-08-22 06:50:00,L,McKiernan,F,74,Native American/Alaska Native,L,True,,30,False,L,August,Tuesday,Senior
175-49-8550,2024-01-01 21:00:00,B,Nisot,F,63,Pacific Islander,B,True,,36,False,B,January,Monday,Senior
796-12-8821,2023-11-21 12:08:00,I,Laval,F,4,Pacific Islander,I,True,,25,False,I,November,Tuesday,Child
382-86-3011,2024-06-18 21:25:00,I,Shrigley,F,56,Pacific Islander,I,True,,55,False,I,June,Tuesday,Adult
543-41-5786,2024-11-04 07:05:00,I,Delooze,F,36,Pacific Islander,I,True,4.0,50,False,I,November,Monday,Adult
566-28-9444,2023-07-18 21:58:00,H,Steed,F,31,Pacific Islander,H,True,,40,False,H,July,Tuesday,Adult
636-98-7660,2023-08-05 14:50:00,L,Huddlestone,F,8,Pacific Islander,L,True,,19,True,L,August,Saturday,Child
412-01-5770,2023-05-06 00:51:00,Z,Dummett,F,48,Pacific Islander,Z,True,,41,False,Z,May,Saturday,Adult
453-74-7317,2023-04-15 21:33:00,P,Bielfelt,F,35,Pacific Islander,P,True,1.0,52,False,P,April,Saturday,Adult
347-80-9765,2023-12-16 02:40:00,G,Such,F,77,Pacific Islander,G,True,9.0,33,False,G,December,Saturday,Senior
660-37-9784,2023-12-12 19:13:00,A,Childe,F,64,Pacific Islander,A,True,,12,False,A,December,Tuesday,Senior
206-36-2849,2024-08-29 14:31:00,B,Downgate,F,37,Pacific Islander,B,True,,25,False,B,August,Thursday,Adult
771-83-1882,2024-04-15 03:55:00,B,Salazar,F,79,Pacific Islander,B,True,,49,False,B,April,Monday,Senior
876-08-4748,2024-06-27 16:47:00,C,Stonier,F,72,Pacific Islander,C,True,,39,False,C,June,Thursday,Senior
119-60-4337,2024-05-03 21:27:00,D,Tenaunt,F,30,Pacific Islander,D,True,,57,False,D,May,Friday,Adult
320-34-9500,2023-01-10 16:23:00,E,Spavon,F,57,Pacific Islander,E,True,,30,False,E,January,Tuesday,Adult
386-71-7116,2023-05-08 11:32:00,F,Meere,F,15,Pacific Islander,F,True,,57,False,F,May,Monday,Teen
484-88-1995,2024-10-19 13:14:00,G,Eyree,F,28,Pacific Islander,G,True,,53,False,G,October,Saturday,Adult
169-95-8829,2023-09-13 03:51:00,I,Viggars,F,49,Pacific Islander,I,True,,25,False,I,September,Wednesday,Adult
831-70-8489,2023-06-15 04:11:00,O,Wilmot,F,43,Pacific Islander,O,True,,26,False,O,June,Thursday,Adult
512-55-4105,2023-12-22 21:36:00,O,Boadby,F,20,Pacific Islander,O,True,,53,False,O,December,Friday,Adult
125-09-6516,2023-10-27 09:26:00,P,Suddock,F,39,Pacific Islander,P,True,,52,False,P,October,Friday,Adult
624-42-2108,2023-05-24 15:57:00,R,Cops,F,44,Pacific Islander,R,True,,55,True,R,May,Wednesday,Adult
886-49-6550,2024-08-24 06:41:00,U,Gravatt,F,76,Pacific Islander,U,True,,51,False,U,August,Saturday,Senior
885-79-8466,2024-03-28 05:49:00,U,Bannon,F,9,Pacific Islander,U,True,,56,False,U,March,Thursday,Child
503-84-6900,2023-07-20 10:31:00,W,Dionisetto,F,79,Pacific Islander,W,True,,51,False,W,July,Thursday,Senior
202-78-6117,2024-02-09 22:01:00,Y,Le Quesne,F,40,Pacific Islander,Y,True,,23,False,Y,February,Friday,Adult
887-55-2985,2024-04-28 03:14:00,Z,Warkup,F,56,Pacific Islander,Z,True,,36,False,Z,April,Sunday,Adult
376-90-4227,2024-04-04 21:18:00,Q,Boulding,F,71,Pacific Islander,Q,True,0.0,12,False,Q,April,Thursday,Senior
217-16-4283,2023-06-16 15:57:00,G,Tewnion,F,39,Pacific Islander,G,True,2.0,46,False,G,June,Friday,Adult
853-31-7161,2023-06-11 19:02:00,M,Fairholme,F,43,Pacific Islander,M,True,4.0,12,False,M,June,Sunday,Adult
475-84-2128,2024-06-02 07:13:00,E,Ivatts,F,58,Pacific Islander,E,True,7.0,24,False,E,June,Sunday,Adult
652-09-6792,2024-04-10 21:29:00,E,Pochin,F,48,Pacific Islander,E,True,8.0,59,False,E,April,Wednesday,Adult
196-92-5233,2024-10-18 05:51:00,L,Kellert,F,71,Pacific Islander,L,True,,42,False,L,October,Friday,Senior
100-79-0109,2024-02-27 04:51:00,P,Ulyatt,F,19,Pacific Islander,P,True,,36,False,P,February,Tuesday,Adult
725-40-8184,2023-02-04 21:32:00,X,Hebborn,F,71,Pacific Islander,X,True,,31,False,X,February,Saturday,Senior
123-30-8939,2024-07-30 15:43:00,V,Nuzzti,F,61,Pacific Islander,V,True,7.0,25,False,V,July,Tuesday,Senior
496-35-0982,2024-01-04 11:39:00,A,Hamblett,F,42,Pacific Islander,A,True,,44,False,A,January,Thursday,Adult
575-80-2143,2023-03-05 12:50:00,B,Swayte,F,11,Pacific Islander,B,True,,10,True,B,March,Sunday,Child
113-39-4847,2023-12-19 20:24:00,B,Brixey,F,74,Pacific Islander,B,True,,21,False,B,December,Tuesday,Senior
348-95-6447,2024-07-07 01:49:00,B,Mylchreest,F,71,Pacific Islander,B,True,,28,False,B,July,Sunday,Senior
409-53-7660,2024-10-24 07:57:00,C,Edgars,F,21,Pacific Islander,C,True,,17,False,C,October,Thursday,Adult
492-30-2957,2024-10-21 15:42:00,C,Curds,F,74,Pacific Islander,C,True,,24,False,C,October,Monday,Senior
201-80-9036,2023-10-31 20:27:00,D,Inchan,F,43,Pacific Islander,D,True,,44,False,D,October,Tuesday,Adult
349-94-3914,2024-07-21 03:31:00,E,Rosenblatt,F,53,Pacific Islander,E,True,,24,False,E,July,Sunday,Adult
234-79-5254,2023-08-25 18:00:00,E,Coners,F,40,Pacific Islander,E,True,,37,False,E,August,Friday,Adult
540-45-8628,2023-09-26 07:30:00,E,Arnison,F,50,Pacific Islander,E,True,,47,False,E,September,Tuesday,Adult
286-41-1662,2024-06-29 23:58:00,F,Yeeles,F,78,Pacific Islander,F,True,,24,False,F,June,Saturday,Senior
494-59-8595,2024-07-13 08:34:00,F,Yakuntsov,F,29,Pacific Islander,F,True,,52,False,F,July,Saturday,Adult
200-32-6622,2023-07-27 01:09:00,G,Marran,F,17,Pacific Islander,G,True,,12,False,G,July,Thursday,Teen
606-92-9021,2023-04-19 20:37:00,G,Kippin,F,26,Pacific Islander,G,True,,30,False,G,April,Wednesday,Adult
526-34-7706,2024-11-07 11:09:00,G,Moulin,F,54,Pacific Islander,G,True,,30,False,G,November,Thursday,Adult
822-19-3298,2023-07-18 10:35:00,H,Lorens,F,25,Pacific Islander,H,True,,15,False,H,July,Tuesday,Adult
595-28-1466,2023-06-28 06:58:00,H,Shimman,F,43,Pacific Islander,H,True,,19,False,H,June,Wednesday,Adult
146-92-9842,2023-01-08 14:09:00,H,Luce,F,21,Pacific Islander,H,True,,28,False,H,January,Sunday,Adult
116-88-1470,2023-06-28 15:55:00,H,Treece,F,26,Pacific Islander,H,True,,45,False,H,June,Wednesday,Adult
735-26-5245,2024-06-13 18:31:00,I,Kach,F,6,Pacific Islander,I,True,,28,False,I,June,Thursday,Child
286-72-6973,2024-03-10 23:14:00,I,Hollebon,F,26,Pacific Islander,I,True,,30,False,I,March,Sunday,Adult
371-27-7072,2023-10-04 03:28:00,I,Pycock,F,24,Pacific Islander,I,True,,48,False,I,October,Wednesday,Adult
841-52-4923,2024-06-20 23:33:00,I,Temblett,F,31,Pacific Islander,I,True,,48,False,I,June,Thursday,Adult
356-46-2421,2024-05-04 13:41:00,J,Choake,F,25,Pacific Islander,J,True,,30,False,J,May,Saturday,Adult
665-17-4438,2023-09-10 23:48:00,J,Betonia,F,68,Pacific Islander,J,True,,51,False,J,September,Sunday,Senior
794-71-6876,2024-08-25 08:45:00,J,McCaghan,F,68,Pacific Islander,J,True,,56,False,J,August,Sunday,Senior
508-97-0026,2023-06-08 01:38:00,K,Burree,F,12,Pacific Islander,K,True,,13,False,K,June,Thursday,Child
634-26-5317,2023-03-08 10:51:00,M,Bruyntjes,F,2,Pacific Islander,M,True,,42,False,M,March,Wednesday,Child
103-82-8447,2024-10-23 01:08:00,M,Baldwin,F,8,Pacific Islander,M,True,,52,False,M,October,Wednesday,Child
291-85-3197,2023-12-07 04:39:00,O,Guerin,F,62,Pacific Islander,O,True,,10,False,O,December,Thursday,Senior
793-79-7063,2023-10-09 04:04:00,O,Cunnell,F,66,Pacific Islander,O,True,,21,False,O,October,Monday,Senior
756-97-8919,2024-02-04 20:22:00,O,Cornuau,F,6,Pacific Islander,O,True,,23,False,O,February,Sunday,Child
425-09-9414,2024-02-27 23:17:00,P,Jelphs,F,13,Pacific Islander,P,True,,16,False,P,February,Tuesday,Teen
287-25-4664,2024-01-18 20:15:00,P,Fleckness,F,37,Pacific Islander,P,True,,39,False,P,January,Thursday,Adult
881-82-8123,2024-10-18 16:30:00,Q,Netherwood,F,21,Pacific Islander,Q,True,,12,False,Q,October,Friday,Adult
568-19-3778,2023-09-06 11:02:00,Q,Ullock,F,59,Pacific Islander,Q,True,,27,False,Q,September,Wednesday,Adult
123-69-0013,2023-11-25 13:19:00,Q,Dobbie,F,17,Pacific Islander,Q,True,,32,False,Q,November,Saturday,Teen
329-62-8828,2024-05-29 11:06:00,Q,Moulsdall,F,20,Pacific Islander,Q,True,,37,False,Q,May,Wednesday,Adult
408-05-7112,2023-08-04 12:34:00,R,Nevinson,F,73,Pacific Islander,R,True,,40,False,R,August,Friday,Senior
842-23-8616,2023-08-30 19:52:00,R,Skerman,F,47,Pacific Islander,R,True,,56,False,R,August,Wednesday,Adult
476-51-4466,2024-01-17 16:52:00,S,Bullan,F,69,Pacific Islander,S,True,,31,False,S,January,Wednesday,Senior
762-64-4163,2023-11-04 00:51:00,T,Cookson,F,73,Pacific Islander,T,True,,16,False,T,November,Saturday,Senior
308-06-0949,2023-12-28 11:20:00,T,Fetter,F,21,Pacific Islander,T,True,,49,False,T,December,Thursday,Adult
330-63-9568,2024-02-02 23:58:00,U,Mungane,F,24,Pacific Islander,U,True,,37,False,U,February,Friday,Adult
846-43-9311,2024-09-15 12:42:00,V,McIlwrath,F,16,Pacific Islander,V,True,,16,False,V,September,Sunday,Teen
349-54-7421,2024-05-19 16:36:00,V,Leeves,F,54,Pacific Islander,V,True,,34,False,V,May,Sunday,Adult
804-61-6179,2024-02-26 19:37:00,V,Stable,F,50,Pacific Islander,V,True,,60,False,V,February,Monday,Adult
787-25-2151,2024-05-20 02:46:00,W,Chaldecott,F,41,Pacific Islander,W,True,,19,False,W,May,Monday,Adult
316-12-4150,2024-06-28 12:23:00,X,Haskell,F,9,Pacific Islander,X,True,,10,False,X,June,Friday,Child
777-62-1853,2023-06-26 16:52:00,X,Calken,F,28,Pacific Islander,X,True,,12,False,X,June,Monday,Adult
160-37-1828,2023-12-17 17:01:00,X,Roney,F,58,Pacific Islander,X,True,,18,False,X,December,Sunday,Adult
871-25-8116,2024-07-09 04:06:00,Y,Izzat,F,54,Pacific Islander,Y,True,,60,False,Y,July,Tuesday,Adult
638-34-1905,2023-09-30 19:29:00,S,Reichelt,F,36,Pacific Islander,S,True,0.0,24,False,S,September,Saturday,Adult
536-06-9507,2024-04-17 14:22:00,K,Kezar,F,4,Pacific Islander,K,True,1.0,48,False,K,April,Wednesday,Child
718-96-7799,2024-03-27 05:14:00,V,Hise,F,63,Pacific Islander,V,True,2.0,28,False,V,March,Wednesday,Senior
873-15-6021,2023-11-05 22:47:00,X,Yerson,F,51,Pacific Islander,X,True,2.0,20,True,X,November,Sunday,Adult
836-68-7524,2023-05-22 06:07:00,Y,Eisak,F,4,Pacific Islander,Y,True,3.0,60,True,Y,May,Monday,Child
790-85-7398,2024-08-21 09:25:00,H,Jerdon,F,41,Pacific Islander,H,True,4.0,32,False,H,August,Wednesday,Adult
250-29-5036,2023-06-10 05:56:00,Z,Lesurf,F,61,Pacific Islander,Z,True,4.0,56,False,Z,June,Saturday,Senior
703-85-9077,2024-06-22 19:36:00,O,Chezier,F,25,Pacific Islander,O,True,5.0,21,False,O,June,Saturday,Adult
454-65-2158,2023-12-14 23:27:00,B,Roberts,F,9,Pacific Islander,B,True,6.0,55,False,B,December,Thursday,Child
547-78-9010,2023-06-13 19:45:00,J,Trippett,F,34,Pacific Islander,J,True,6.0,24,False,J,June,Tuesday,Adult
693-73-0619,2024-09-01 23:52:00,U,Danforth,F,65,Pacific Islander,U,True,6.0,13,False,U,September,Sunday,Senior
250-68-0102,2024-09-08 09:28:00,F,Burgane,F,25,Pacific Islander,F,True,7.0,34,False,F,September,Sunday,Adult
202-47-7663,2024-06-05 04:47:00,G,Scarrott,F,30,Pacific Islander,G,True,7.0,33,False,G,June,Wednesday,Adult
134-14-0013,2023-11-28 23:46:00,D,Slayton,F,31,Pacific Islander,D,True,8.0,14,False,D,November,Tuesday,Adult
628-74-0109,2023-07-20 20:28:00,H,Seiller,F,26,Pacific Islander,H,True,8.0,39,False,H,July,Thursday,Adult
388-99-0499,2024-05-22 13:55:00,S,Millins,F,40,Pacific Islander,S,True,8.0,36,False,S,May,Wednesday,Adult
100-21-9648,2024-01-17 18:53:00,W,Marran,F,39,Pacific Islander,W,True,8.0,22,False,W,January,Wednesday,Adult
188-79-4026,2023-10-16 05:23:00,T,Sange,F,78,Pacific Islander,T,True,9.0,39,False,T,October,Monday,Senior
738-93-2682,2024-06-08 17:04:00,F,Poulney,F,49,Pacific Islander,F,True,10.0,28,False,F,June,Saturday,Adult
636-95-9318,2023-04-27 22:05:00,U,Redsull,F,65,Pacific Islander,U,True,10.0,25,False,U,April,Thursday,Senior
894-86-2329,2023-01-08 22:50:00,W,Newe,F,53,Pacific Islander,W,True,10.0,32,False,W,January,Sunday,Adult
540-19-1275,2024-01-20 22:53:00,B,Elford,F,3,Pacific Islander,B,True,,54,False,B,January,Saturday,Child
675-74-3483,2023-12-17 23:44:00,C,Berge,F,23,Pacific Islander,C,True,,19,False,C,December,Sunday,Adult
852-57-5614,2024-02-24 15:35:00,D,Bury,F,78,Pacific Islander,D,True,,37,False,D,February,Saturday,Senior
524-47-8147,2023-06-13 20:57:00,E,Tonn,F,33,Pacific Islander,E,True,,23,False,E,June,Tuesday,Adult
793-29-8977,2024-07-28 07:27:00,E,Gentric,F,49,Pacific Islander,E,True,,39,False,E,July,Sunday,Adult
164-06-4233,2023-10-15 21:26:00,E,Bome,F,59,Pacific Islander,E,True,,43,False,E,October,Sunday,Adult
609-45-7579,2023-06-24 14:23:00,J,Hassett,F,53,Pacific Islander,J,True,,40,False,J,June,Saturday,Adult
602-33-5974,2023-10-27 19:32:00,J,Cottey,F,59,Pacific Islander,J,True,,60,False,J,October,Friday,Adult
447-48-2336,2023-05-10 04:36:00,P,Girk,F,56,Pacific Islander,P,True,,20,False,P,May,Wednesday,Adult
701-53-5762,2023-07-04 21:38:00,R,Fennelly,F,22,Pacific Islander,R,True,,19,False,R,July,Tuesday,Adult
607-74-7649,2023-11-30 21:14:00,U,Copperwaite,F,49,Pacific Islander,U,True,,24,False,U,November,Thursday,Adult
426-96-0135,2023-05-05 22:52:00,V,Merrilees,F,14,Pacific Islander,V,True,,60,True,V,May,Friday,Teen
408-56-0055,2024-09-17 16:19:00,W,MacMenamin,F,55,Pacific Islander,W,True,,14,False,W,September,Tuesday,Adult
316-10-9824,2023-12-09 08:35:00,Z,Pinnegar,F,55,Pacific Islander,Z,True,,13,False,Z,December,Saturday,Adult
439-72-3934,2024-01-03 02:31:00,C,Morby,F,20,Pacific Islander,C,True,8.0,22,False,C,January,Wednesday,Adult
394-51-8661,2023-12-19 02:11:00,F,Lepick,F,20,Pacific Islander,F,True,9.0,38,False,F,December,Tuesday,Adult
696-86-5614,2024-10-07 12:32:00,L,Winfrey,F,44,Pacific Islander,L,True,9.0,15,False,L,October,Monday,Adult
807-90-1810,2024-01-26 13:02:00,B,Whitemarsh,F,69,Pacific Islander,B,True,,33,False,B,January,Friday,Senior
624-25-1217,2024-09-21 19:30:00,Q,Maypother,F,68,Pacific Islander,Q,True,,58,False,Q,September,Saturday,Senior
574-71-0301,2024-04-21 04:12:00,W,Gherardelli,F,23,Pacific Islander,W,True,,23,False,W,April,Sunday,Adult
155-41-5849,2023-12-30 12:01:00,X,Cajkler,F,42,Pacific Islander,X,True,,43,False,X,December,Saturday,Adult
871-08-2820,2024-01-19 02:50:00,H,Whisson,F,16,Pacific Islander,H,True,3.0,44,False,H,January,Friday,Teen
595-96-0100,2023-09-14 14:12:00,P,Dacey,F,39,Pacific Islander,P,True,5.0,41,False,P,September,Thursday,Adult
858-83-5629,2023-11-24 08:02:00,B,Zanardii,F,42,Two or More Races,B,True,,26,False,B,November,Friday,Adult
726-05-1906,2023-08-27 06:07:00,B,Weatherburn,F,47,Two or More Races,B,True,,46,False,B,August,Sunday,Adult
435-96-0077,2023-11-27 03:45:00,C,Grinsdale,F,71,Two or More Races,C,True,,60,False,C,November,Monday,Senior
570-81-5633,2023-07-23 16:41:00,D,Balm,F,74,Two or More Races,D,True,,48,False,D,July,Sunday,Senior
407-58-6440,2024-06-24 12:48:00,G,Meneyer,F,1,Two or More Races,G,True,,55,False,G,June,Monday,Child
576-57-4936,2023-01-06 09:24:00,Q,Headingham,F,23,Two or More Races,Q,True,,23,False,Q,January,Friday,Adult
845-94-0950,2023-03-05 19:49:00,U,Bloy,F,63,Two or More Races,U,True,,25,True,U,March,Sunday,Senior
391-91-5708,2024-06-27 22:55:00,X,Rumble,F,79,Two or More Races,X,True,,43,False,X,June,Thursday,Senior
849-31-8796,2023-12-30 13:09:00,M,Venn,F,24,Two or More Races,M,True,4.0,36,False,M,December,Saturday,Adult
267-84-6280,2023-11-04 08:19:00,L,Rising,F,57,Two or More Races,L,True,10.0,47,False,L,November,Saturday,Adult
564-82-4273,2023-05-10 06:59:00,H,Neller,F,26,Two or More Races,H,True,,29,False,H,May,Wednesday,Adult
848-76-6406,2024-07-10 09:12:00,J,Rollinson,F,54,Two or More Races,J,True,,37,False,J,July,Wednesday,Adult
209-04-5455,2023-01-05 17:09:00,L,Booley,F,18,Two or More Races,L,True,,35,True,L,January,Thursday,Teen
597-65-0647,2024-08-28 13:51:00,L,Pacht,F,47,Two or More Races,L,True,,59,False,L,August,Wednesday,Adult
804-99-0470,2024-04-04 02:20:00,Y,Breddy,F,46,Two or More Races,Y,True,,22,False,Y,April,Thursday,Adult
496-71-2879,2023-11-04 21:06:00,J,Braham,F,1,Two or More Races,J,True,6.0,21,False,J,November,Saturday,Child
854-85-3729,2023-04-09 18:42:00,A,Drinnan,F,78,Two or More Races,A,True,,17,False,A,April,Sunday,Senior
893-64-0686,2024-03-03 20:25:00,A,Rudolfer,F,71,Two or More Races,A,True,,46,False,A,March,Sunday,Senior
372-13-6382,2023-06-27 21:43:00,A,Lethieulier,F,69,Two or More Races,A,True,,48,False,A,June,Tuesday,Senior
301-70-6477,2023-05-31 07:03:00,A,Spitaro,F,9,Two or More Races,A,True,,59,True,A,May,Wednesday,Child
435-18-2227,2023-09-16 11:21:00,B,Kreber,F,28,Two or More Races,B,True,,16,False,B,September,Saturday,Adult
782-38-8963,2024-01-22 04:48:00,B,Bricksey,F,76,Two or More Races,B,True,,40,False,B,January,Monday,Senior
135-38-8450,2023-06-24 20:53:00,B,Carlet,F,71,Two or More Races,B,True,,54,False,B,June,Saturday,Senior
809-24-5383,2024-02-13 05:03:00,B,Beney,F,26,Two or More Races,B,True,,55,False,B,February,Tuesday,Adult
378-53-6554,2024-09-07 22:44:00,C,Londors,F,60,Two or More Races,C,True,,14,False,C,September,Saturday,Adult
154-08-0049,2023-02-08 06:34:00,C,Fergie,F,17,Two or More Races,C,True,,37,False,C,February,Wednesday,Teen
621-38-3484,2023-11-05 07:36:00,D,Abbatt,F,70,Two or More Races,D,True,,12,True,D,November,Sunday,Senior
744-49-8061,2023-07-20 11:54:00,D,Stanbro,F,41,Two or More Races,D,True,,47,False,D,July,Thursday,Adult
176-29-2963,2023-09-05 02:49:00,D,Ernke,F,8,Two or More Races,D,True,,57,True,D,September,Tuesday,Child
778-42-7837,2023-07-26 22:19:00,D,Sheivels,F,78,Two or More Races,D,True,,57,False,D,July,Wednesday,Senior
636-97-9988,2023-04-19 02:02:00,E,Salack,F,46,Two or More Races,E,True,,32,False,E,April,Wednesday,Adult
373-44-2396,2023-12-23 19:35:00,F,Milhench,F,70,Two or More Races,F,True,,14,False,F,December,Saturday,Senior
332-89-8975,2023-04-14 02:00:00,F,Dregan,F,56,Two or More Races,F,True,,15,False,F,April,Friday,Adult
542-95-0022,2023-03-08 22:52:00,F,Rosson,F,1,Two or More Races,F,True,,18,False,F,March,Wednesday,Child
407-62-2609,2023-12-23 00:33:00,F,Crut,F,55,Two or More Races,F,True,,35,False,F,December,Saturday,Adult
485-30-3941,2023-09-30 05:24:00,F,Alldred,F,78,Two or More Races,F,True,,44,False,F,September,Saturday,Senior
177-26-6957,2023-05-30 20:56:00,G,Hanfrey,F,45,Two or More Races,G,True,,34,True,G,May,Tuesday,Adult
489-59-2907,2024-10-06 21:09:00,G,Folkerd,F,51,Two or More Races,G,True,,38,False,G,October,Sunday,Adult
365-99-7907,2024-06-05 03:56:00,G,Molloy,F,40,Two or More Races,G,True,,58,False,G,June,Wednesday,Adult
633-13-0506,2023-11-16 14:05:00,H,Harbidge,F,12,Two or More Races,H,True,,31,False,H,November,Thursday,Child
106-45-9457,2023-01-04 22:49:00,I,Nicol,F,71,Two or More Races,I,True,,14,False,I,January,Wednesday,Senior
297-71-6951,2024-05-26 13:24:00,J,Fussell,F,37,Two or More Races,J,True,,22,False,J,May,Sunday,Adult
853-14-1523,2024-02-03 23:35:00,K,Cristoforo,F,54,Two or More Races,K,True,,11,False,K,February,Saturday,Adult
898-58-4727,2023-08-04 14:04:00,K,Ivons,F,43,Two or More Races,K,True,,24,False,K,August,Friday,Adult
659-31-7909,2024-05-17 09:34:00,K,Gaskarth,F,75,Two or More Races,K,True,,31,False,K,May,Friday,Senior
131-67-6983,2024-09-26 04:02:00,K,Hutcheon,F,73,Two or More Races,K,True,,46,False,K,September,Thursday,Senior
300-01-5940,2023-12-15 13:13:00,L,Calvert,F,65,Two or More Races,L,True,,11,False,L,December,Friday,Senior
771-04-6699,2024-07-02 11:28:00,L,Betke,F,44,Two or More Races,L,True,,48,False,L,July,Tuesday,Adult
396-15-3301,2023-04-26 15:39:00,M,Norcliff,F,67,Two or More Races,M,True,,21,False,M,April,Wednesday,Senior
432-67-1519,2024-03-06 02:05:00,M,Jost,F,55,Two or More Races,M,True,,36,False,M,March,Wednesday,Adult
164-75-9897,2023-05-30 19:35:00,M,McEwan,F,21,Two or More Races,M,True,,53,True,M,May,Tuesday,Adult
775-84-1134,2024-06-03 04:58:00,N,Orrin,F,9,Two or More Races,N,True,,18,False,N,June,Monday,Child
461-43-6018,2024-04-25 08:36:00,N,Potte,F,76,Two or More Races,N,True,,49,False,N,April,Thursday,Senior
872-25-5467,2024-01-25 00:38:00,O,Fortey,F,5,Two or More Races,O,True,,24,False,O,January,Thursday,Child
424-36-0709,2024-08-28 18:06:00,O,Habbeshaw,F,4,Two or More Races,O,True,,36,False,O,August,Wednesday,Child
361-20-0157,2023-07-29 03:22:00,O,Hrinishin,F,2,Two or More Races,O,True,,38,False,O,July,Saturday,Child
707-26-6477,2023-11-18 01:28:00,O,Masey,F,14,Two or More Races,O,True,,47,False,O,November,Saturday,Teen
428-11-4631,2024-06-20 08:48:00,P,Giacomazzo,F,43,Two or More Races,P,True,,14,False,P,June,Thursday,Adult
773-38-3470,2024-08-15 00:15:00,P,Littlefair,F,75,Two or More Races,P,True,,26,False,P,August,Thursday,Senior
536-13-9230,2024-10-23 18:08:00,P,Corr,F,73,Two or More Races,P,True,,51,False,P,October,Wednesday,Senior
852-03-6666,2024-06-25 14:44:00,Q,Ellinor,F,63,Two or More Races,Q,True,,10,False,Q,June,Tuesday,Senior
614-10-6705,2024-01-29 05:55:00,Q,Liggins,F,61,Two or More Races,Q,True,,33,False,Q,January,Monday,Senior
866-68-8167,2023-09-25 03:06:00,R,Tewkesbury.,F,8,Two or More Races,R,True,,31,False,R,September,Monday,Child
101-66-4553,2024-03-30 14:12:00,R,Odd,F,14,Two or More Races,R,True,,57,False,R,March,Saturday,Teen
696-26-2070,2024-07-18 03:37:00,T,Wedon,F,5,Two or More Races,T,True,,45,False,T,July,Thursday,Child
347-60-6369,2023-08-31 00:40:00,T,Benediktovich,F,71,Two or More Races,T,True,,52,False,T,August,Thursday,Senior
331-49-1782,2024-08-19 17:13:00,U,Siegertsz,F,13,Two or More Races,U,True,,14,False,U,August,Monday,Teen
763-09-4106,2023-12-27 00:26:00,U,Bice,F,77,Two or More Races,U,True,,21,False,U,December,Wednesday,Senior
848-86-1919,2023-03-04 21:57:00,U,Lebourn,F,61,Two or More Races,U,True,,42,False,U,March,Saturday,Senior
194-07-9452,2023-07-15 21:54:00,U,Kasman,F,23,Two or More Races,U,True,,56,False,U,July,Saturday,Adult
144-66-1948,2023-07-26 11:04:00,V,Bewfield,F,44,Two or More Races,V,True,,17,False,V,July,Wednesday,Adult
106-63-9645,2023-10-22 10:35:00,V,Laverock,F,67,Two or More Races,V,True,,28,False,V,October,Sunday,Senior
809-57-0960,2024-11-04 15:37:00,V,Gurton,F,49,Two or More Races,V,True,,39,False,V,November,Monday,Adult
714-30-8768,2023-05-12 15:38:00,V,Jansa,F,4,Two or More Races,V,True,,51,False,V,May,Friday,Child
161-21-7511,2024-07-04 02:48:00,W,Beadles,F,33,Two or More Races,W,True,,19,False,W,July,Thursday,Adult
247-22-9153,2024-08-08 17:53:00,W,Freeborne,F,79,Two or More Races,W,True,,35,False,W,August,Thursday,Senior
222-92-7536,2023-07-06 14:26:00,X,Jeakins,F,15,Two or More Races,X,True,,16,False,X,July,Thursday,Teen
733-11-5395,2024-10-03 00:21:00,X,Speeks,F,9,Two or More Races,X,True,,33,False,X,October,Thursday,Child
718-37-9286,2023-09-16 09:01:00,Y,Tidswell,F,46,Two or More Races,Y,True,,50,False,Y,September,Saturday,Adult
398-42-8539,2023-10-29 02:46:00,Z,Blacktin,F,59,Two or More Races,Z,True,,38,False,Z,October,Sunday,Adult
680-88-1118,2024-04-18 08:44:00,Z,Rens,F,30,Two or More Races,Z,True,,50,False,Z,April,Thursday,Adult
249-15-8609,2024-09-10 07:28:00,Q,Crammy,F,1,Two or More Races,Q,True,0.0,20,False,Q,September,Tuesday,Child
782-93-8426,2024-01-31 08:16:00,Q,Mechic,F,53,Two or More Races,Q,True,0.0,41,False,Q,January,Wednesday,Adult
421-31-7038,2023-09-27 18:30:00,H,Jurczak,F,31,Two or More Races,H,True,1.0,40,False,H,September,Wednesday,Adult
776-52-1013,2023-07-13 00:17:00,Y,Sindell,F,44,Two or More Races,Y,True,1.0,13,False,Y,July,Thursday,Adult
743-85-2344,2024-07-03 00:01:00,B,MacAllaster,F,8,Two or More Races,B,True,2.0,16,False,B,July,Wednesday,Child
639-06-6643,2023-08-25 18:31:00,Q,Mostin,F,68,Two or More Races,Q,True,3.0,12,False,Q,August,Friday,Senior
620-57-1837,2023-06-14 02:36:00,F,Habbert,F,60,Two or More Races,F,True,4.0,56,False,F,June,Wednesday,Adult
115-27-3838,2024-09-23 23:21:00,T,Bapty,F,75,Two or More Races,T,True,5.0,41,False,T,September,Monday,Senior
368-88-6976,2023-12-07 00:22:00,M,Chezier,F,66,Two or More Races,M,True,7.0,59,False,M,December,Thursday,Senior
106-19-1978,2024-06-06 11:59:00,V,Course,F,34,Two or More Races,V,True,7.0,21,False,V,June,Thursday,Adult
110-62-5261,2023-07-05 08:49:00,D,Blezard,F,37,Two or More Races,D,True,8.0,38,True,D,July,Wednesday,Adult
350-64-3851,2023-05-16 04:52:00,G,Earl,F,56,Two or More Races,G,True,8.0,60,True,G,May,Tuesday,Adult
776-23-1137,2023-12-13 17:24:00,P,Delahunty,F,37,Two or More Races,P,True,8.0,14,False,P,December,Wednesday,Adult
333-86-8631,2024-10-17 23:47:00,U,Alessandretti,F,6,Two or More Races,U,True,9.0,16,False,U,October,Thursday,Child
808-40-7844,2024-05-07 19:54:00,S,Champniss,F,2,Two or More Races,S,True,10.0,26,False,S,May,Tuesday,Child
655-60-3958,2024-10-15 16:49:00,I,Frear,F,64,Two or More Races,I,True,1.0,14,False,I,October,Tuesday,Senior
678-06-2315,2024-05-24 21:28:00,X,Udey,F,58,Two or More Races,X,True,9.0,22,False,X,May,Friday,Adult
137-31-2631,2024-05-16 11:02:00,J,McCluin,F,16,Two or More Races,J,True,10.0,12,False,J,May,Thursday,Teen
340-90-0395,2024-08-07 15:27:00,A,Booy,F,61,Two or More Races,A,True,,11,False,A,August,Wednesday,Senior
154-20-6000,2023-10-29 18:32:00,A,Muston,F,19,Two or More Races,A,True,,40,False,A,October,Sunday,Adult
140-54-0216,2024-03-15 13:35:00,A,Zettoi,F,59,Two or More Races,A,True,,58,False,A,March,Friday,Adult
109-37-2285,2023-06-18 01:10:00,B,Syer,F,59,Two or More Races,B,True,,23,False,B,June,Sunday,Adult
567-38-2530,2024-08-09 15:27:00,B,McVeigh,F,29,Two or More Races,B,True,,27,False,B,August,Friday,Adult
321-32-7223,2024-09-14 11:34:00,B,Gibling,F,11,Two or More Races,B,True,,33,False,B,September,Saturday,Child
792-87-9816,2024-07-15 04:44:00,B,Ianni,F,74,Two or More Races,B,True,,59,False,B,July,Monday,Senior
267-31-5874,2024-03-23 03:48:00,C,Pearl,F,12,Two or More Races,C,True,,11,False,C,March,Saturday,Child
395-82-4902,2024-09-29 19:39:00,C,Restall,F,57,Two or More Races,C,True,,15,False,C,September,Sunday,Adult
825-04-1608,2023-09-28 14:12:00,C,Felce,F,38,Two or More Races,C,True,,18,False,C,September,Thursday,Adult
257-26-2912,2023-05-29 12:13:00,C,Pettwood,F,47,Two or More Races,C,True,,19,True,C,May,Monday,Adult
350-61-5615,2024-09-03 20:50:00,C,Plet,F,23,Two or More Races,C,True,,28,False,C,September,Tuesday,Adult
730-86-9301,2024-07-13 21:14:00,C,Heaysman,F,77,Two or More Races,C,True,,33,False,C,July,Saturday,Senior
374-25-2767,2024-09-05 19:11:00,D,Spadeck,F,49,Two or More Races,D,True,,16,False,D,September,Thursday,Adult
802-43-5672,2024-10-17 16:24:00,D,Mattys,F,21,Two or More Races,D,True,,18,False,D,October,Thursday,Adult
333-77-2455,2024-05-22 07:40:00,D,Eaglesham,F,58,Two or More Races,D,True,,28,False,D,May,Wednesday,Adult
562-21-7626,2023-11-07 06:42:00,D,Cumming,F,21,Two or More Races,D,True,,45,False,D,November,Tuesday,Adult
294-40-5812,2023-12-21 17:05:00,D,McQuilliam,F,79,Two or More Races,D,True,,55,False,D,December,Thursday,Senior
442-03-8987,2024-05-29 21:45:00,E,Berriman,F,66,Two or More Races,E,True,,14,False,E,May,Wednesday,Senior
381-34-5796,2023-04-19 16:12:00,E,Guillford,F,66,Two or More Races,E,True,,18,False,E,April,Wednesday,Senior
552-64-1478,2024-09-22 13:40:00,E,Cressy,F,66,Two or More Races,E,True,,26,False,E,September,Sunday,Senior
834-47-2893,2024-02-03 06:55:00,E,Kearle,F,77,Two or More Races,E,True,,56,False,E,February,Saturday,Senior
586-80-5588,2024-03-09 23:59:00,F,Tredwell,F,45,Two or More Races,F,True,,11,False,F,March,Saturday,Adult
717-43-6092,2023-04-20 09:51:00,F,Probate,F,70,Two or More Races,F,True,,15,False,F,April,Thursday,Senior
710-35-3311,2024-08-19 10:33:00,F,Somerscales,F,29,Two or More Races,F,True,,18,False,F,August,Monday,Adult
873-70-9664,2023-08-13 01:31:00,F,Cleynman,F,45,Two or More Races,F,True,,30,False,F,August,Sunday,Adult
115-98-4542,2024-09-20 23:49:00,F,Cadell,F,7,Two or More Races,F,True,,31,False,F,September,Friday,Child
663-78-1073,2023-07-31 19:11:00,F,Biagi,F,72,Two or More Races,F,True,,33,False,F,July,Monday,Senior
172-36-2378,2024-01-09 03:12:00,F,Darycott,F,58,Two or More Races,F,True,,38,False,F,January,Tuesday,Adult
548-34-7659,2023-08-20 10:49:00,F,Jentzsch,F,34,Two or More Races,F,True,,42,False,F,August,Sunday,Adult
186-91-5001,2024-01-25 03:57:00,F,Orpwood,F,18,Two or More Races,F,True,,44,False,F,January,Thursday,Teen
406-82-7977,2023-02-12 01:52:00,F,Brassill,F,55,Two or More Races,F,True,,48,False,F,February,Sunday,Adult
394-17-4256,2023-01-07 05:58:00,F,Giannassi,F,17,Two or More Races,F,True,,52,False,F,January,Saturday,Teen
653-90-8789,2024-03-24 14:51:00,F,Leas,F,28,Two or More Races,F,True,,59,False,F,March,Sunday,Adult
478-97-4429,2024-08-15 23:15:00,F,Dooland,F,61,Two or More Races,F,True,,59,False,F,August,Thursday,Senior
507-61-2190,2023-11-25 12:12:00,G,Behne,F,67,Two or More Races,G,True,,16,False,G,November,Saturday,Senior
796-63-0118,2024-07-23 22:40:00,G,Elflain,F,78,Two or More Races,G,True,,23,False,G,July,Tuesday,Senior
538-85-4594,2024-11-09 00:28:00,G,Loude,F,48,Two or More Races,G,True,,28,False,G,November,Saturday,Adult
740-13-0146,2023-12-24 07:14:00,G,Dunnet,F,62,Two or More Races,G,True,,53,False,G,December,Sunday,Senior
238-48-0520,2024-07-23 05:26:00,G,Warrender,F,48,Two or More Races,G,True,,55,False,G,July,Tuesday,Adult
769-35-5567,2024-08-05 02:32:00,H,Decourt,F,10,Two or More Races,H,True,,28,False,H,August,Monday,Child
698-93-1765,2024-10-15 01:38:00,H,Doumer,F,31,Two or More Races,H,True,,34,False,H,October,Tuesday,Adult
543-37-4558,2024-10-29 18:47:00,H,Realy,F,17,Two or More Races,H,True,,36,False,H,October,Tuesday,Teen
335-51-8706,2023-02-07 08:40:00,H,Aitkenhead,F,28,Two or More Races,H,True,,44,False,H,February,Tuesday,Adult
759-67-8916,2023-03-05 09:05:00,H,Harrower,F,69,Two or More Races,H,True,,44,True,H,March,Sunday,Senior
793-05-8164,2024-02-05 17:03:00,H,Linkleter,F,27,Two or More Races,H,True,,57,False,H,February,Monday,Adult
780-85-4078,2024-12-10 21:14:00,I,Lachaize,F,18,Two or More Races,I,True,,10,False,I,December,Tuesday,Teen
897-32-9183,2024-03-02 17:02:00,I,Hunstone,F,26,Two or More Races,I,True,,16,False,I,March,Saturday,Adult
733-47-2290,2024-03-17 12:41:00,I,Blackhurst,F,21,Two or More Races,I,True,,18,False,I,March,Sunday,Adult
289-58-7260,2023-05-31 01:26:00,I,Windas,F,31,Two or More Races,I,True,,23,True,I,May,Wednesday,Adult
447-09-9471,2023-05-15 15:26:00,I,Tucker,F,70,Two or More Races,I,True,,26,True,I,May,Monday,Senior
861-34-7638,2023-07-22 14:30:00,I,Provis,F,1,Two or More Races,I,True,,27,False,I,July,Saturday,Child
203-87-2918,2023-03-04 06:51:00,I,Betonia,F,2,Two or More Races,I,True,,52,False,I,March,Saturday,Child
381-28-4275,2024-03-13 13:05:00,I,Portlock,F,52,Two or More Races,I,True,,60,False,I,March,Wednesday,Adult
545-79-9266,2024-10-22 11:39:00,J,Willingham,F,39,Two or More Races,J,True,,19,False,J,October,Tuesday,Adult
801-02-6881,2024-03-24 13:40:00,J,Vigne,F,61,Two or More Races,J,True,,27,False,J,March,Sunday,Senior
418-23-0440,2023-04-16 15:35:00,J,Clue,F,52,Two or More Races,J,True,,29,False,J,April,Sunday,Adult
683-91-0420,2023-10-08 01:56:00,J,Wedgwood,F,1,Two or More Races,J,True,,36,False,J,October,Sunday,Child
801-74-4085,2023-01-10 10:40:00,J,Kerton,F,79,Two or More Races,J,True,,40,False,J,January,Tuesday,Senior
287-54-9000,2023-02-06 01:53:00,J,Stonman,F,61,Two or More Races,J,True,,48,False,J,February,Monday,Senior
772-46-8040,2024-08-03 05:00:00,J,Coey,F,74,Two or More Races,J,True,,52,False,J,August,Saturday,Senior
628-85-1987,2023-04-28 10:42:00,K,Phelps,F,18,Two or More Races,K,True,,18,False,K,April,Friday,Teen
495-27-5086,2024-06-28 12:49:00,K,Rodders,F,36,Two or More Races,K,True,,34,False,K,June,Friday,Adult
745-25-9361,2023-10-29 07:43:00,K,Perin,F,70,Two or More Races,K,True,,36,False,K,October,Sunday,Senior
868-34-1436,2024-10-04 15:05:00,K,Attenburrow,F,56,Two or More Races,K,True,,40,False,K,October,Friday,Adult
807-67-1911,2023-10-18 05:07:00,K,Luggar,F,36,Two or More Races,K,True,,51,False,K,October,Wednesday,Adult
662-15-5096,2024-05-07 19:26:00,K,Alvaro,F,12,Two or More Races,K,True,,55,False,K,May,Tuesday,Child
651-17-9916,2023-07-23 19:29:00,K,Beaglehole,F,72,Two or More Races,K,True,,58,False,K,July,Sunday,Senior
816-20-1771,2023-07-28 00:58:00,L,Filppetti,F,78,Two or More Races,L,True,,11,False,L,July,Friday,Senior
753-83-3567,2023-11-10 22:12:00,L,Ellett,F,37,Two or More Races,L,True,,19,False,L,November,Friday,Adult
101-08-8798,2024-07-31 14:18:00,L,Willeson,F,72,Two or More Races,L,True,,48,False,L,July,Wednesday,Senior
785-28-8022,2023-10-26 06:26:00,L,Domerq,F,7,Two or More Races,L,True,,50,False,L,October,Thursday,Child
319-53-7655,2023-09-17 13:31:00,L,Burnsell,F,9,Two or More Races,L,True,,52,False,L,September,Sunday,Child
250-68-9303,2024-09-25 19:10:00,M,Turban,F,59,Two or More Races,M,True,,21,False,M,September,Wednesday,Adult
387-69-7529,2024-04-01 03:37:00,M,Traill,F,27,Two or More Races,M,True,,24,False,M,April,Monday,Adult
121-69-0476,2023-09-27 10:49:00,N,Thompkins,F,59,Two or More Races,N,True,,32,False,N,September,Wednesday,Adult
685-55-6240,2023-09-27 01:25:00,N,Mackney,F,30,Two or More Races,N,True,,34,False,N,September,Wednesday,Adult
883-69-9750,2023-12-15 19:51:00,N,Perren,F,44,Two or More Races,N,True,,42,False,N,December,Friday,Adult
504-48-7349,2023-03-07 03:07:00,N,Clyma,F,43,Two or More Races,N,True,,47,False,N,March,Tuesday,Adult
395-27-0613,2023-03-10 03:55:00,O,Shower,F,29,Two or More Races,O,True,,12,False,O,March,Friday,Adult
727-20-6876,2024-05-07 19:56:00,O,Glaum,F,75,Two or More Races,O,True,,12,False,O,May,Tuesday,Senior
389-64-9474,2024-06-09 16:55:00,O,Lengthorn,F,53,Two or More Races,O,True,,18,False,O,June,Sunday,Adult
869-71-2604,2023-01-12 21:50:00,O,Basini-Gazzi,F,49,Two or More Races,O,True,,19,False,O,January,Thursday,Adult
346-54-6833,2024-09-07 04:03:00,O,Linnard,F,29,Two or More Races,O,True,,22,False,O,September,Saturday,Adult
734-77-3973,2024-10-16 10:15:00,O,Lawfull,F,38,Two or More Races,O,True,,24,False,O,October,Wednesday,Adult
303-71-6742,2023-04-26 11:08:00,O,Frankcomb,F,21,Two or More Races,O,True,,34,False,O,April,Wednesday,Adult
600-20-8677,2024-10-05 11:25:00,O,Concannon,F,21,Two or More Races,O,True,,57,False,O,October,Saturday,Adult
816-66-4213,2024-05-25 06:28:00,P,Jagiello,F,14,Two or More Races,P,True,,23,False,P,May,Saturday,Teen
442-88-1387,2024-07-13 02:41:00,P,Harnott,F,75,Two or More Races,P,True,,35,False,P,July,Saturday,Senior
803-60-2987,2024-02-29 05:03:00,P,Chanders,F,18,Two or More Races,P,True,,41,False,P,February,Thursday,Teen
638-34-1566,2024-09-18 20:33:00,P,Frick,F,70,Two or More Races,P,True,,53,False,P,September,Wednesday,Senior
716-99-2825,2024-09-25 00:35:00,P,Rosenberger,F,22,Two or More Races,P,True,,60,False,P,September,Wednesday,Adult
690-16-9413,2023-11-08 01:32:00,Q,Allan,F,27,Two or More Races,Q,True,,10,False,Q,November,Wednesday,Adult
469-64-8137,2024-04-16 07:40:00,Q,Eouzan,F,55,Two or More Races,Q,True,,17,False,Q,April,Tuesday,Adult
740-89-0160,2024-02-16 20:07:00,Q,Pickaver,F,28,Two or More Races,Q,True,,19,False,Q,February,Friday,Adult
799-98-8144,2024-02-13 09:37:00,Q,Aronov,F,43,Two or More Races,Q,True,,19,False,Q,February,Tuesday,Adult
464-28-0970,2024-07-06 15:22:00,Q,Palfery,F,59,Two or More Races,Q,True,,19,False,Q,July,Saturday,Adult
859-69-2931,2024-06-24 17:30:00,Q,Broose,F,44,Two or More Races,Q,True,,21,False,Q,June,Monday,Adult
318-41-0573,2023-05-23 04:50:00,Q,Wadham,F,56,Two or More Races,Q,True,,23,True,Q,May,Tuesday,Adult
866-70-7461,2024-09-06 18:03:00,Q,Danzig,F,14,Two or More Races,Q,True,,30,False,Q,September,Friday,Teen
425-11-0683,2023-04-12 10:25:00,Q,Sprouls,F,15,Two or More Races,Q,True,,30,False,Q,April,Wednesday,Teen
121-28-9581,2023-02-07 01:09:00,Q,Parrot,F,36,Two or More Races,Q,True,,49,False,Q,February,Tuesday,Adult
193-33-1101,2023-11-20 22:38:00,R,Hazeldean,F,70,Two or More Races,R,True,,12,False,R,November,Monday,Senior
103-16-8002,2024-10-14 21:51:00,R,Avon,F,27,Two or More Races,R,True,,14,False,R,October,Monday,Adult
546-75-6534,2024-02-28 20:51:00,R,Tosspell,F,37,Two or More Races,R,True,,39,False,R,February,Wednesday,Adult
364-20-0981,2024-01-13 09:28:00,R,Exton,F,40,Two or More Races,R,True,,40,False,R,January,Saturday,Adult
451-23-7222,2023-05-20 05:14:00,S,Sare,F,12,Two or More Races,S,True,,26,True,S,May,Saturday,Child
715-98-3805,2024-01-10 16:37:00,S,Aland,F,41,Two or More Races,S,True,,47,False,S,January,Wednesday,Adult
385-78-1939,2023-05-21 22:17:00,S,Mulran,F,33,Two or More Races,S,True,,60,True,S,May,Sunday,Adult
821-50-7505,2023-04-13 22:21:00,T,Rawlin,F,38,Two or More Races,T,True,,23,False,T,April,Thursday,Adult
135-94-6945,2024-09-17 19:13:00,T,Blazeby,F,77,Two or More Races,T,True,,25,False,T,September,Tuesday,Senior
571-83-1829,2024-09-24 02:35:00,T,Havenhand,F,7,Two or More Races,T,True,,31,False,T,September,Tuesday,Child
716-22-9303,2024-10-25 11:21:00,T,McSwan,F,67,Two or More Races,T,True,,31,False,T,October,Friday,Senior
218-59-5559,2024-03-03 05:17:00,T,Geistmann,F,52,Two or More Races,T,True,,34,False,T,March,Sunday,Adult
252-19-4344,2023-06-18 17:13:00,T,Sallowaye,F,63,Two or More Races,T,True,,36,False,T,June,Sunday,Senior
187-53-7163,2024-01-14 05:54:00,T,Menis,F,52,Two or More Races,T,True,,39,False,T,January,Sunday,Adult
203-52-4607,2024-04-09 16:56:00,T,Dunckley,F,17,Two or More Races,T,True,,43,False,T,April,Tuesday,Teen
325-48-1576,2024-04-24 16:54:00,T,Pietesch,F,78,Two or More Races,T,True,,44,False,T,April,Wednesday,Senior
313-42-4447,2023-05-16 13:29:00,U,Kilduff,F,60,Two or More Races,U,True,,20,True,U,May,Tuesday,Adult
792-91-8484,2023-04-18 02:55:00,U,Lambdon,F,16,Two or More Races,U,True,,55,False,U,April,Tuesday,Teen
309-83-7417,2024-05-20 08:38:00,U,Holby,F,73,Two or More Races,U,True,,58,False,U,May,Monday,Senior
440-71-9187,2023-06-10 03:34:00,V,Hatherleigh,F,68,Two or More Races,V,True,,14,False,V,June,Saturday,Senior
451-65-8048,2023-12-06 12:54:00,V,Semrad,F,15,Two or More Races,V,True,,22,False,V,December,Wednesday,Teen
286-53-3539,2023-11-04 11:09:00,V,Membry,F,30,Two or More Races,V,True,,46,False,V,November,Saturday,Adult
391-08-8014,2024-05-04 11:56:00,W,Brownsall,F,17,Two or More Races,W,True,,15,False,W,May,Saturday,Teen
825-89-1350,2024-04-26 22:19:00,W,Darrow,F,22,Two or More Races,W,True,,30,False,W,April,Friday,Adult
642-16-2520,2024-06-02 13:35:00,W,Seamark,F,70,Two or More Races,W,True,,32,False,W,June,Sunday,Senior
132-57-0457,2024-04-10 10:29:00,W,Gerg,F,10,Two or More Races,W,True,,43,False,W,April,Wednesday,Child
173-78-8246,2024-10-30 13:17:00,W,Arenson,F,26,Two or More Races,W,True,,44,False,W,October,Wednesday,Adult
882-24-2205,2023-07-08 03:43:00,W,Bootman,F,13,Two or More Races,W,True,,60,False,W,July,Saturday,Teen
388-24-8571,2024-09-04 22:35:00,X,Britney,F,52,Two or More Races,X,True,,15,False,X,September,Wednesday,Adult
577-19-0993,2024-06-26 11:07:00,X,Brien,F,59,Two or More Races,X,True,,17,False,X,June,Wednesday,Adult
452-90-0527,2024-07-29 01:57:00,X,Stronack,F,2,Two or More Races,X,True,,19,False,X,July,Monday,Child
702-91-9472,2023-06-12 15:13:00,X,Zum Felde,F,38,Two or More Races,X,True,,19,False,X,June,Monday,Adult
647-70-1937,2023-11-04 03:29:00,X,Benzing,F,36,Two or More Races,X,True,,26,False,X,November,Saturday,Adult
724-91-6775,2023-12-31 07:02:00,X,Button,F,72,Two or More Races,X,True,,27,False,X,December,Sunday,Senior
831-50-5877,2023-07-27 23:35:00,X,O'Hogertie,F,71,Two or More Races,X,True,,32,False,X,July,Thursday,Senior
362-16-2935,2023-09-22 08:31:00,X,Hansill,F,66,Two or More Races,X,True,,59,False,X,September,Friday,Senior
530-29-2305,2023-07-04 19:56:00,Y,Lorait,F,60,Two or More Races,Y,True,,29,False,Y,July,Tuesday,Adult
443-22-9454,2023-10-30 10:41:00,Y,Zoellner,F,60,Two or More Races,Y,True,,37,False,Y,October,Monday,Adult
306-81-0653,2024-04-26 11:24:00,Y,Cureton,F,24,Two or More Races,Y,True,,54,False,Y,April,Friday,Adult
419-73-6058,2023-04-11 17:55:00,Z,Beade,F,2,Two or More Races,Z,True,,16,False,Z,April,Tuesday,Child
500-68-3605,2023-03-07 09:28:00,Z,Carsberg,F,66,Two or More Races,Z,True,,30,False,Z,March,Tuesday,Senior
229-85-9032,2023-07-31 10:23:00,Z,Wilkison,F,9,Two or More Races,Z,True,,39,False,Z,July,Monday,Child
541-39-5821,2024-09-15 10:59:00,Z,Motten,F,75,Two or More Races,Z,True,,45,False,Z,September,Sunday,Senior
658-28-8234,2024-08-07 13:39:00,G,Caldecot,F,28,Two or More Races,G,True,0.0,32,False,G,August,Wednesday,Adult
134-32-5074,2024-10-21 20:37:00,K,Gwyneth,F,69,Two or More Races,K,True,0.0,29,False,K,October,Monday,Senior
695-89-5188,2024-04-03 00:42:00,Q,Wythill,F,54,Two or More Races,Q,True,0.0,17,False,Q,April,Wednesday,Adult
717-76-9415,2023-08-24 15:43:00,R,Shimman,F,22,Two or More Races,R,True,0.0,48,False,R,August,Thursday,Adult
524-70-3535,2023-05-29 00:21:00,U,Keast,F,77,Two or More Races,U,True,0.0,52,True,U,May,Monday,Senior
496-54-0698,2023-02-12 04:58:00,C,Knee,F,75,Two or More Races,C,True,1.0,26,False,C,February,Sunday,Senior
775-47-1974,2023-10-08 17:00:00,F,Luttger,F,38,Two or More Races,F,True,1.0,59,False,F,October,Sunday,Adult
406-40-1145,2024-03-19 14:23:00,H,Lampet,F,69,Two or More Races,H,True,1.0,10,False,H,March,Tuesday,Senior
617-03-1693,2024-01-16 11:48:00,I,Sampson,F,6,Two or More Races,I,True,1.0,58,False,I,January,Tuesday,Child
691-30-7465,2024-06-10 19:50:00,M,Pindar,F,2,Two or More Races,M,True,1.0,40,False,M,June,Monday,Child
782-72-6848,2024-07-05 07:19:00,O,Younger,F,57,Two or More Races,O,True,1.0,40,False,O,July,Friday,Adult
534-24-2222,2024-02-14 11:55:00,R,Everall,F,61,Two or More Races,R,True,1.0,53,False,R,February,Wednesday,Senior
733-34-8942,2024-01-17 01:50:00,T,Ikins,F,23,Two or More Races,T,True,1.0,34,False,T,January,Wednesday,Adult
370-55-2291,2024-11-06 11:22:00,X,Mc Trusty,F,40,Two or More Races,X,True,1.0,51,False,X,November,Wednesday,Adult
475-24-2587,2023-08-15 08:44:00,Z,Easterbrook,F,8,Two or More Races,Z,True,1.0,27,False,Z,August,Tuesday,Child
238-26-0586,2023-02-06 11:54:00,B,Caris,F,55,Two or More Races,B,True,2.0,30,False,B,February,Monday,Adult
546-34-5816,2023-04-29 03:42:00,C,Youthead,F,48,Two or More Races,C,True,2.0,45,False,C,April,Saturday,Adult
883-97-1220,2024-05-29 10:35:00,D,D'Oyley,F,16,Two or More Races,D,True,2.0,24,False,D,May,Wednesday,Teen
118-84-0022,2024-05-22 01:33:00,F,Sarjant,F,10,Two or More Races,F,True,2.0,29,False,F,May,Wednesday,Child
653-94-5107,2024-02-14 23:16:00,G,Oury,F,48,Two or More Races,G,True,2.0,21,False,G,February,Wednesday,Adult
715-52-4357,2023-03-05 22:42:00,J,Davey,F,35,Two or More Races,J,True,2.0,59,True,J,March,Sunday,Adult
293-44-4536,2023-06-25 07:12:00,U,Curtois,F,35,Two or More Races,U,True,2.0,14,False,U,June,Sunday,Adult
801-24-6193,2023-10-26 01:39:00,Z,Caldeyroux,F,76,Two or More Races,Z,True,2.0,19,False,Z,October,Thursday,Senior
171-65-7050,2024-06-29 13:48:00,C,Ubank,F,3,Two or More Races,C,True,3.0,22,False,C,June,Saturday,Child
708-68-6708,2023-09-26 08:08:00,K,Brace,F,54,Two or More Races,K,True,3.0,45,False,K,September,Tuesday,Adult
571-29-8781,2024-04-24 16:22:00,S,Plant,F,46,Two or More Races,S,True,3.0,53,False,S,April,Wednesday,Adult
526-19-8373,2023-08-28 23:25:00,D,Eblein,F,39,Two or More Races,D,True,4.0,41,False,D,August,Monday,Adult
685-44-8957,2024-09-15 14:28:00,F,Walesa,F,26,Two or More Races,F,True,4.0,17,False,F,September,Sunday,Adult
143-35-2643,2023-12-21 13:45:00,V,Link,F,46,Two or More Races,V,True,4.0,39,False,V,December,Thursday,Adult
304-59-5501,2023-05-23 15:26:00,X,Idiens,F,25,Two or More Races,X,True,4.0,15,True,X,May,Tuesday,Adult
256-70-6672,2024-06-27 07:17:00,F,Imore,F,21,Two or More Races,F,True,5.0,50,False,F,June,Thursday,Adult
436-57-3978,2024-06-14 15:35:00,H,Caesar,F,69,Two or More Races,H,True,5.0,39,False,H,June,Friday,Senior
756-49-1111,2024-09-21 04:35:00,J,Pieper,F,3,Two or More Races,J,True,5.0,22,False,J,September,Saturday,Child
586-75-2106,2023-10-25 23:31:00,N,Lumsdaine,F,62,Two or More Races,N,True,5.0,20,False,N,October,Wednesday,Senior
777-61-6593,2024-06-17 16:02:00,W,Flemyng,F,75,Two or More Races,W,True,5.0,54,False,W,June,Monday,Senior
687-59-9155,2023-08-31 22:57:00,Y,Gammon,F,74,Two or More Races,Y,True,5.0,55,False,Y,August,Thursday,Senior
704-78-5146,2024-05-18 04:44:00,D,Glynne,F,55,Two or More Races,D,True,6.0,38,False,D,May,Saturday,Adult
743-09-6069,2024-01-17 20:04:00,H,Slee,F,49,Two or More Races,H,True,6.0,24,False,H,January,Wednesday,Adult
137-38-5385,2023-09-24 00:28:00,H,Vedstra,F,58,Two or More Races,H,True,6.0,36,False,H,September,Sunday,Adult
870-50-4955,2023-04-24 05:44:00,Q,Eastlake,F,1,Two or More Races,Q,True,6.0,23,False,Q,April,Monday,Child
223-54-0736,2024-09-09 12:34:00,B,Carman,F,51,Two or More Races,B,True,7.0,35,False,B,September,Monday,Adult
519-99-8494,2024-11-03 16:39:00,H,Malster,F,56,Two or More Races,H,True,7.0,60,False,H,November,Sunday,Adult
623-36-9441,2023-06-07 00:48:00,K,Pagin,F,60,Two or More Races,K,True,7.0,56,False,K,June,Wednesday,Adult
693-91-2400,2023-06-12 10:07:00,O,MacElroy,F,7,Two or More Races,O,True,7.0,29,False,O,June,Monday,Child
846-91-5022,2023-01-09 14:50:00,Q,Bootton,F,62,Two or More Races,Q,True,7.0,47,False,Q,January,Monday,Senior
454-91-6429,2024-10-30 13:25:00,B,Hodinton,F,28,Two or More Races,B,True,8.0,26,False,B,October,Wednesday,Adult
693-17-8496,2023-04-24 06:00:00,F,Plunkett,F,34,Two or More Races,F,True,8.0,52,False,F,April,Monday,Adult
264-44-0744,2024-07-13 08:51:00,J,Whyteman,F,55,Two or More Races,J,True,8.0,19,False,J,July,Saturday,Adult
544-07-1814,2024-06-04 08:05:00,J,Pitcaithley,F,24,Two or More Races,J,True,8.0,26,False,J,June,Tuesday,Adult
425-90-5230,2023-04-18 09:22:00,L,Willavoys,F,51,Two or More Races,L,True,8.0,34,False,L,April,Tuesday,Adult
592-35-6777,2024-08-01 17:11:00,O,McMichell,F,2,Two or More Races,O,True,8.0,54,False,O,August,Thursday,Child
584-23-6375,2023-08-09 02:23:00,X,Fitkin,F,25,Two or More Races,X,True,8.0,24,False,X,August,Wednesday,Adult
493-68-6784,2024-12-07 01:17:00,D,Stronge,F,3,Two or More Races,D,True,9.0,34,False,D,December,Saturday,Child
894-90-9359,2024-09-16 19:33:00,A,Kay,F,66,Two or More Races,A,True,10.0,34,False,A,September,Monday,Senior
828-86-5241,2024-05-08 13:50:00,C,Bashford,F,72,Two or More Races,C,True,10.0,52,False,C,May,Wednesday,Senior
837-41-0932,2024-05-22 01:45:00,H,Christophersen,F,10,Two or More Races,H,True,10.0,31,False,H,May,Wednesday,Child
254-12-3223,2023-09-21 15:41:00,J,Noyce,F,10,Two or More Races,J,True,10.0,16,False,J,September,Thursday,Child
693-79-1702,2023-11-17 18:51:00,L,Peddersen,F,9,Two or More Races,L,True,10.0,12,False,L,November,Friday,Child
681-56-5046,2024-08-13 23:13:00,Z,Gliddon,F,65,Two or More Races,Z,True,10.0,45,False,Z,August,Tuesday,Senior
809-51-1881,2024-04-05 21:30:00,C,Hollindale,F,37,Two or More Races,C,True,,37,False,C,April,Friday,Adult
373-25-1214,2024-04-25 10:22:00,C,Boggis,F,3,Two or More Races,C,True,,43,False,C,April,Thursday,Child
148-91-1392,2024-09-25 21:19:00,E,Tumioto,F,67,Two or More Races,E,True,,33,False,E,September,Wednesday,Senior
521-26-2024,2023-07-13 16:24:00,G,Coats,F,30,Two or More Races,G,True,,34,False,G,July,Thursday,Adult
375-83-4532,2024-04-26 07:46:00,I,Baudoux,F,42,Two or More Races,I,True,,56,False,I,April,Friday,Adult
436-49-3831,2023-06-05 18:24:00,J,Doughtery,F,45,Two or More Races,J,True,,41,True,J,June,Monday,Adult
245-93-0711,2024-02-03 09:50:00,L,Oldknowe,F,67,Two or More Races,L,True,,47,False,L,February,Saturday,Senior
676-76-2593,2024-01-31 05:49:00,O,Adamo,F,77,Two or More Races,O,True,,14,False,O,January,Wednesday,Senior
702-54-0548,2023-11-22 23:01:00,R,Eskriet,F,53,Two or More Races,R,True,,41,False,R,November,Wednesday,Adult
558-62-7213,2024-01-14 18:09:00,U,McAneny,F,41,Two or More Races,U,True,,23,False,U,January,Sunday,Adult
669-45-6595,2023-07-23 06:59:00,V,Fenelow,F,6,Two or More Races,V,True,,29,False,V,July,Sunday,Child
625-51-6051,2024-04-03 23:35:00,V,Sampey,F,56,Two or More Races,V,True,,34,False,V,April,Wednesday,Adult
247-90-4774,2023-02-12 03:11:00,W,Dioniso,F,14,Two or More Races,W,True,,26,False,W,February,Sunday,Teen
319-60-7646,2023-01-05 05:20:00,W,Tatnell,F,76,Two or More Races,W,True,,26,True,W,January,Thursday,Senior
630-75-8261,2023-12-04 18:07:00,Y,Recher,F,64,Two or More Races,Y,True,,53,False,Y,December,Monday,Senior
602-80-4744,2024-03-20 14:08:00,G,Huntall,F,55,Two or More Races,G,True,0.0,11,False,G,March,Wednesday,Adult
818-67-0399,2024-03-03 20:32:00,Q,Erlam,F,45,Two or More Races,Q,True,0.0,60,False,Q,March,Sunday,Adult
880-03-7024,2023-08-20 04:00:00,H,Keston,F,3,Two or More Races,H,True,1.0,44,False,H,August,Sunday,Child
697-97-4762,2024-03-25 09:00:00,J,Fiddiman,F,46,Two or More Races,J,True,1.0,19,False,J,March,Monday,Adult
313-26-4123,2023-11-25 15:33:00,R,Mitchard,F,51,Two or More Races,R,True,1.0,13,False,R,November,Saturday,Adult
208-88-1942,2023-09-26 15:11:00,C,Mandal,F,16,Two or More Races,C,True,3.0,11,False,C,September,Tuesday,Teen
693-10-4073,2024-08-02 12:05:00,F,McRobb,F,33,Two or More Races,F,True,4.0,48,False,F,August,Friday,Adult
728-28-6087,2023-08-25 00:31:00,I,MacCafferky,F,51,Two or More Races,I,True,4.0,18,False,I,August,Friday,Adult
628-46-3223,2024-10-30 02:12:00,W,Wardle,F,13,Two or More Races,W,True,5.0,45,False,W,October,Wednesday,Teen
499-25-8965,2023-08-07 07:48:00,M,McColl,F,43,Two or More Races,M,True,7.0,46,False,M,August,Monday,Adult
873-50-3555,2023-10-24 03:22:00,Y,Morales,F,53,Two or More Races,Y,True,7.0,46,False,Y,October,Tuesday,Adult
404-10-3469,2023-07-30 12:15:00,E,Eliot,F,16,Two or More Races,E,True,8.0,34,False,E,July,Sunday,Teen
301-12-6179,2023-07-19 00:35:00,A,Giovani,F,33,Two or More Races,A,True,9.0,51,False,A,July,Wednesday,Adult
451-83-7227,2023-11-06 17:54:00,D,Levy,F,19,Two or More Races,D,True,10.0,42,False,D,November,Monday,Adult
758-30-1888,2024-09-03 13:23:00,W,Hallowell,F,4,Two or More Races,W,True,10.0,29,False,W,September,Tuesday,Child
425-25-7574,2024-09-13 06:29:00,J,Lishmund,F,68,Two or More Races,J,True,,53,False,J,September,Friday,Senior
388-03-3882,2024-02-21 02:53:00,K,Jacobsson,F,60,Two or More Races,K,True,,21,False,K,February,Wednesday,Adult
771-05-1094,2023-08-20 05:32:00,L,Wixey,F,31,Two or More Races,L,True,,44,False,L,August,Sunday,Adult
457-56-1772,2023-09-19 02:49:00,N,Sheraton,F,36,Two or More Races,N,True,,22,False,N,September,Tuesday,Adult
547-30-8126,2023-11-21 04:24:00,U,Vause,F,34,Two or More Races,U,True,,20,False,U,November,Tuesday,Adult
643-90-9335,2023-08-05 08:27:00,W,Sarton,F,61,Two or More Races,W,True,,58,True,W,August,Saturday,Senior
365-88-0539,2023-04-25 09:25:00,I,Duxfield,F,76,Two or More Races,I,True,2.0,49,False,I,April,Tuesday,Senior
792-03-5512,2024-08-27 06:41:00,L,North,F,39,Two or More Races,L,True,,57,False,L,August,Tuesday,Adult
118-32-9062,2023-12-06 20:23:00,A,Mattosoff,F,33,White,A,True,,16,False,A,December,Wednesday,Adult
644-58-7967,2023-11-05 12:58:00,B,Ducroe,F,27,White,B,True,,11,True,B,November,Sunday,Adult
713-08-2627,2024-07-30 13:15:00,B,Hannabuss,F,65,White,B,True,,47,False,B,July,Tuesday,Senior
750-24-0580,2023-08-30 22:06:00,M,Macey,F,61,White,M,True,,16,False,M,August,Wednesday,Senior
300-66-0409,2024-03-27 21:20:00,O,Hanney,F,29,White,O,True,,31,False,O,March,Wednesday,Adult
258-76-2632,2024-08-08 21:55:00,P,MacCaig,F,52,White,P,True,,35,False,P,August,Thursday,Adult
348-60-4130,2024-01-15 17:18:00,Y,Curtin,F,3,White,Y,True,9.0,11,False,Y,January,Monday,Child
863-66-8507,2023-09-30 13:29:00,F,Cinelli,F,14,White,F,True,10.0,12,False,F,September,Saturday,Teen
640-50-6642,2024-07-18 21:35:00,A,Ivan,F,46,White,A,True,,11,False,A,July,Thursday,Adult
233-20-7150,2023-12-04 12:53:00,E,Yole,F,53,White,E,True,,13,False,E,December,Monday,Adult
126-02-5429,2023-12-05 22:55:00,H,Tibbetts,F,6,White,H,True,,51,True,H,December,Tuesday,Child
199-55-7481,2023-10-25 14:15:00,I,De la Feld,F,52,White,I,True,,44,False,I,October,Wednesday,Adult
744-63-8705,2023-05-21 22:54:00,O,Whettleton,F,13,White,O,True,,14,True,O,May,Sunday,Teen
427-73-9830,2024-07-19 04:31:00,S,Hof,F,15,White,S,True,,12,False,S,July,Friday,Teen
376-80-7068,2024-04-23 07:50:00,N,Simpole,F,24,White,N,True,5.0,48,False,N,April,Tuesday,Adult
388-07-6238,2023-09-04 03:11:00,B,Beaver,F,7,White,B,True,7.0,18,False,B,September,Monday,Child
173-24-2624,2024-08-31 09:57:00,P,Mordin,F,76,White,P,True,7.0,30,False,P,August,Saturday,Senior
251-26-5273,2024-02-08 16:34:00,K,Hefferon,F,61,White,K,True,10.0,18,False,K,February,Thursday,Senior
149-70-8508,2024-07-19 14:24:00,A,Hammand,F,8,White,A,True,,19,False,A,July,Friday,Child
153-84-0990,2024-09-15 08:39:00,A,Iwanczyk,F,39,White,A,True,,25,False,A,September,Sunday,Adult
133-08-8944,2023-11-20 15:34:00,A,Fairlamb,F,4,White,A,True,,27,False,A,November,Monday,Child
745-12-9434,2023-04-22 09:18:00,A,Stanier,F,59,White,A,True,,51,False,A,April,Saturday,Adult
786-22-4260,2023-06-06 10:05:00,A,Pardon,F,74,White,A,True,,52,False,A,June,Tuesday,Senior
615-62-0241,2024-04-15 15:23:00,B,Evill,F,44,White,B,True,,17,False,B,April,Monday,Adult
186-16-0532,2024-04-24 05:41:00,B,Pinckstone,F,79,White,B,True,,19,False,B,April,Wednesday,Senior
887-52-6263,2023-07-27 09:36:00,B,Birtley,F,56,White,B,True,,33,False,B,July,Thursday,Adult
274-70-0428,2023-07-07 06:36:00,B,Maginn,F,79,White,B,True,,38,False,B,July,Friday,Senior
483-54-7622,2024-05-21 00:39:00,B,Hutchence,F,43,White,B,True,,47,False,B,May,Tuesday,Adult
372-10-3387,2024-09-28 00:24:00,C,Haskur,F,22,White,C,True,,14,False,C,September,Saturday,Adult
509-21-3427,2023-04-13 16:09:00,C,Croy,F,23,White,C,True,,24,False,C,April,Thursday,Adult
838-42-4633,2024-05-24 16:27:00,C,Dassindale,F,63,White,C,True,,24,False,C,May,Friday,Senior
654-46-6643,2023-06-21 21:35:00,C,Menier,F,27,White,C,True,,26,False,C,June,Wednesday,Adult
136-69-9007,2024-10-20 21:27:00,C,Murby,F,55,White,C,True,,29,False,C,October,Sunday,Adult
244-58-4316,2023-09-24 23:24:00,C,Hagston,F,51,White,C,True,,38,False,C,September,Sunday,Adult
495-06-8156,2023-05-26 19:02:00,C,Findlay,F,55,White,C,True,,38,True,C,May,Friday,Adult
122-98-5232,2024-05-06 23:07:00,C,Lambis,F,11,White,C,True,,39,False,C,May,Monday,Child
134-73-6304,2024-10-27 07:11:00,C,Alvaro,F,48,White,C,True,,44,False,C,October,Sunday,Adult
668-76-3611,2023-12-23 08:12:00,D,Croke,F,29,White,D,True,,29,False,D,December,Saturday,Adult
627-61-1866,2024-01-23 02:19:00,D,Borsi,F,46,White,D,True,,39,False,D,January,Tuesday,Adult
437-21-6645,2024-08-06 14:49:00,D,Izakovitz,F,64,White,D,True,,59,False,D,August,Tuesday,Senior
132-94-9742,2024-02-27 04:59:00,E,Nappin,F,48,White,E,True,,10,False,E,February,Tuesday,Adult
638-55-9588,2023-04-16 20:51:00,E,Skures,F,24,White,E,True,,29,False,E,April,Sunday,Adult
819-13-0061,2023-08-26 04:34:00,E,De Ferrari,F,32,White,E,True,,36,False,E,August,Saturday,Adult
578-88-8378,2024-03-13 00:41:00,F,McFall,F,14,White,F,True,,12,False,F,March,Wednesday,Teen
212-94-9148,2024-04-14 20:01:00,F,Buey,F,79,White,F,True,,51,False,F,April,Sunday,Senior
679-67-8043,2023-02-05 02:20:00,G,De la Eglise,F,40,White,G,True,,23,True,G,February,Sunday,Adult
823-01-8165,2023-06-10 13:49:00,G,Stollard,F,79,White,G,True,,39,False,G,June,Saturday,Senior
561-82-6237,2024-12-10 13:52:00,H,Bausmann,F,49,White,H,True,,20,False,H,December,Tuesday,Adult
868-41-4249,2024-10-07 02:30:00,H,Tuminini,F,65,White,H,True,,25,False,H,October,Monday,Senior
134-06-7868,2023-06-17 09:19:00,H,Ranson,F,78,White,H,True,,33,False,H,June,Saturday,Senior
201-17-2250,2024-05-27 08:18:00,H,Llewelyn,F,23,White,H,True,,54,False,H,May,Monday,Adult
505-48-5916,2023-11-25 18:02:00,I,Gudge,F,58,White,I,True,,19,False,I,November,Saturday,Adult
103-66-1502,2023-03-06 13:14:00,I,MacBean,F,20,White,I,True,,20,False,I,March,Monday,Adult
748-21-4373,2023-09-23 13:12:00,I,Spencley,F,12,White,I,True,,54,False,I,September,Saturday,Child
358-36-5740,2023-09-23 02:13:00,I,Balazin,F,42,White,I,True,,54,False,I,September,Saturday,Adult
828-96-6456,2024-01-16 02:06:00,J,Rosenstein,F,61,White,J,True,,25,False,J,January,Tuesday,Senior
373-24-7267,2024-08-13 19:24:00,J,Oswal,F,37,White,J,True,,37,False,J,August,Tuesday,Adult
546-27-1400,2024-03-15 13:02:00,K,Setford,F,39,White,K,True,,11,False,K,March,Friday,Adult
167-44-8625,2024-08-26 14:53:00,K,Isakovic,F,7,White,K,True,,20,False,K,August,Monday,Child
304-54-7969,2024-10-21 21:16:00,K,Mandifield,F,44,White,K,True,,24,False,K,October,Monday,Adult
198-25-7167,2023-07-27 15:44:00,K,Allmark,F,40,White,K,True,,50,False,K,July,Thursday,Adult
768-88-6122,2024-09-29 19:36:00,L,Burgum,F,71,White,L,True,,26,False,L,September,Sunday,Senior
323-89-5089,2024-02-07 05:00:00,L,Worner,F,34,White,L,True,,30,False,L,February,Wednesday,Adult
190-65-0512,2024-06-18 00:35:00,M,MacIver,F,6,White,M,True,,38,False,M,June,Tuesday,Child
761-43-2767,2023-07-17 05:36:00,M,Davydoch,F,56,White,M,True,,45,False,M,July,Monday,Adult
775-34-9359,2024-06-20 00:36:00,M,Kenelin,F,59,White,M,True,,52,False,M,June,Thursday,Adult
478-48-2968,2023-08-05 03:17:00,M,Lycett,F,74,White,M,True,,52,True,M,August,Saturday,Senior
441-98-1360,2023-06-22 06:33:00,M,Agget,F,19,White,M,True,,59,False,M,June,Thursday,Adult
699-47-0420,2023-11-27 12:44:00,N,Holtum,F,14,White,N,True,,26,False,N,November,Monday,Teen
276-99-1686,2024-09-02 12:21:00,N,Windsor,F,64,White,N,True,,55,False,N,September,Monday,Senior
738-51-6121,2023-09-22 09:15:00,O,Dodgshun,F,75,White,O,True,,30,False,O,September,Friday,Senior
896-83-7729,2023-09-16 00:32:00,O,Jee,F,30,White,O,True,,43,False,O,September,Saturday,Adult
381-07-9458,2023-09-30 09:31:00,P,Lepope,F,58,White,P,True,,50,False,P,September,Saturday,Adult
691-45-0118,2024-02-22 18:32:00,P,Ofield,F,3,White,P,True,,51,False,P,February,Thursday,Child
474-83-6505,2024-01-25 17:31:00,P,Gheorghie,F,8,White,P,True,,53,False,P,January,Thursday,Child
473-48-7700,2023-06-06 20:13:00,Q,Lochran,F,38,White,Q,True,,34,False,Q,June,Tuesday,Adult
657-88-1602,2024-04-21 07:08:00,Q,Laverack,F,22,White,Q,True,,45,False,Q,April,Sunday,Adult
762-01-0784,2024-11-03 13:07:00,Q,Brocks,F,25,White,Q,True,,60,False,Q,November,Sunday,Adult
736-03-3064,2024-10-02 19:32:00,R,O'Crevan,F,73,White,R,True,,14,False,R,October,Wednesday,Senior
288-11-6250,2023-07-24 21:31:00,R,Anwell,F,47,White,R,True,,35,False,R,July,Monday,Adult
365-31-3656,2024-03-04 02:39:00,R,Cornner,F,15,White,R,True,,53,False,R,March,Monday,Teen
476-22-8060,2024-03-01 15:39:00,S,Allsebrook,F,60,White,S,True,,44,False,S,March,Friday,Adult
282-37-3283,2024-05-09 17:19:00,S,Ruberry,F,28,White,S,True,,55,False,S,May,Thursday,Adult
801-29-3426,2023-08-25 03:25:00,T,Casey,F,64,White,T,True,,13,False,T,August,Friday,Senior
242-33-1856,2024-06-04 02:17:00,T,Wyman,F,40,White,T,True,,50,False,T,June,Tuesday,Adult
534-99-2783,2023-12-26 14:30:00,U,Murrthum,F,64,White,U,True,,11,False,U,December,Tuesday,Senior
830-63-3368,2023-04-29 06:04:00,U,Doel,F,35,White,U,True,,14,False,U,April,Saturday,Adult
539-11-9013,2024-03-25 07:48:00,U,Agutter,F,12,White,U,True,,51,False,U,March,Monday,Child
787-67-0173,2024-08-03 19:36:00,U,Langdale,F,5,White,U,True,,53,False,U,August,Saturday,Child
395-81-1270,2024-08-24 16:12:00,V,Kupke,F,69,White,V,True,,13,False,V,August,Saturday,Senior
121-21-9177,2023-01-12 06:10:00,V,Glabach,F,42,White,V,True,,36,False,V,January,Thursday,Adult
340-23-0743,2023-06-21 23:32:00,V,Vynoll,F,73,White,V,True,,38,False,V,June,Wednesday,Senior
426-68-4159,2023-12-19 10:13:00,W,Tebald,F,30,White,W,True,,23,False,W,December,Tuesday,Adult
162-14-8161,2023-07-24 09:45:00,W,Andriuzzi,F,77,White,W,True,,29,False,W,July,Monday,Senior
502-76-1405,2024-08-25 23:55:00,W,Fedoronko,F,18,White,W,True,,32,False,W,August,Sunday,Teen
646-97-7229,2023-09-23 11:41:00,W,Samper,F,39,White,W,True,,37,False,W,September,Saturday,Adult
860-76-5490,2023-10-07 23:24:00,W,Keyworth,F,60,White,W,True,,59,False,W,October,Saturday,Adult
635-66-3678,2023-12-14 12:43:00,X,Tussaine,F,49,White,X,True,,12,False,X,December,Thursday,Adult
656-64-8037,2023-08-29 19:58:00,X,Gloves,F,30,White,X,True,,50,False,X,August,Tuesday,Adult
352-81-8511,2023-05-15 09:41:00,Y,Heibl,F,73,White,Y,True,,10,True,Y,May,Monday,Senior
763-14-3682,2023-09-20 00:08:00,Y,Claridge,F,60,White,Y,True,,38,False,Y,September,Wednesday,Adult
636-85-3446,2024-02-15 15:05:00,Y,McAne,F,33,White,Y,True,,55,False,Y,February,Thursday,Adult
499-28-7082,2024-07-07 16:39:00,Y,Steabler,F,67,White,Y,True,,56,False,Y,July,Sunday,Senior
734-10-2558,2023-05-18 13:11:00,Y,Schubbert,F,15,White,Y,True,,58,True,Y,May,Thursday,Teen
826-30-2880,2024-05-25 02:29:00,Z,Snipe,F,59,White,Z,True,,49,False,Z,May,Saturday,Adult
505-56-2928,2024-05-26 20:03:00,Z,Salterne,F,47,White,Z,True,,50,False,Z,May,Sunday,Adult
274-84-9636,2023-04-25 05:35:00,D,Kennicott,F,15,White,D,True,0.0,38,False,D,April,Tuesday,Teen
652-35-9074,2024-02-14 08:30:00,K,Mahaffey,F,18,White,K,True,0.0,10,False,K,February,Wednesday,Teen
453-73-0932,2023-03-04 01:26:00,T,Antognoni,F,42,White,T,True,0.0,13,False,T,March,Saturday,Adult
451-55-6363,2023-05-12 19:15:00,U,McEachern,F,50,White,U,True,0.0,53,False,U,May,Friday,Adult
787-79-0546,2023-11-07 02:35:00,Y,Rasch,F,63,White,Y,True,0.0,36,False,Y,November,Tuesday,Senior
758-58-7402,2023-12-28 00:45:00,E,Shalcros,F,38,White,E,True,1.0,55,False,E,December,Thursday,Adult
476-34-0359,2024-04-13 23:10:00,L,Wilshaw,F,6,White,L,True,2.0,44,False,L,April,Saturday,Child
455-38-9962,2023-08-05 19:43:00,Q,Semkins,F,1,White,Q,True,2.0,30,True,Q,August,Saturday,Child
777-39-8417,2024-04-06 04:24:00,N,Twinborough,F,68,White,N,True,3.0,24,False,N,April,Saturday,Senior
617-79-1591,2024-02-02 11:56:00,E,Cromer,F,22,White,E,True,4.0,45,False,E,February,Friday,Adult
333-72-9284,2024-05-31 03:12:00,R,Edis,F,65,White,R,True,4.0,44,False,R,May,Friday,Senior
826-42-2244,2024-01-10 02:13:00,T,Mawd,F,77,White,T,True,4.0,32,False,T,January,Wednesday,Senior
537-41-2556,2024-05-10 11:12:00,U,MacLeod,F,40,White,U,True,4.0,40,False,U,May,Friday,Adult
592-21-1803,2023-10-21 01:01:00,Y,Saladine,F,46,White,Y,True,5.0,24,False,Y,October,Saturday,Adult
659-12-8843,2023-10-05 16:39:00,F,Redhouse,F,48,White,F,True,6.0,12,True,F,October,Thursday,Adult
618-26-5226,2024-10-18 06:11:00,L,Heugle,F,67,White,L,True,6.0,19,False,L,October,Friday,Senior
624-13-6007,2023-06-30 08:58:00,Q,Izchaki,F,20,White,Q,True,6.0,25,False,Q,June,Friday,Adult
741-75-9648,2024-09-29 04:34:00,V,Espadas,F,41,White,V,True,6.0,13,False,V,September,Sunday,Adult
543-16-9545,2024-04-09 12:51:00,G,Gurdon,F,62,White,G,True,7.0,39,False,G,April,Tuesday,Senior
595-85-8863,2023-09-10 23:38:00,N,Rickersey,F,9,White,N,True,7.0,38,False,N,September,Sunday,Child
805-86-6081,2024-02-07 06:59:00,Q,Dulanty,F,73,White,Q,True,7.0,25,False,Q,February,Wednesday,Senior
387-55-4585,2023-07-22 02:13:00,T,Lancashire,F,7,White,T,True,7.0,40,False,T,July,Saturday,Child
157-11-4628,2024-02-19 18:48:00,T,Colaco,F,16,White,T,True,7.0,54,False,T,February,Monday,Teen
155-62-3819,2024-10-08 06:31:00,W,Kirkwood,F,39,White,W,True,7.0,53,False,W,October,Tuesday,Adult
342-84-9323,2023-04-13 18:04:00,B,Thorold,F,29,White,B,True,8.0,17,False,B,April,Thursday,Adult
856-36-0014,2023-12-22 21:14:00,N,Goadbie,F,78,White,N,True,8.0,56,False,N,December,Friday,Senior
571-43-2792,2024-10-14 08:21:00,V,Brogini,F,46,White,V,True,8.0,11,False,V,October,Monday,Adult
832-41-6464,2023-04-29 21:16:00,X,Elgey,F,17,White,X,True,9.0,55,False,X,April,Saturday,Teen
302-53-5575,2023-08-13 23:54:00,J,Eves,F,22,White,J,True,10.0,58,False,J,August,Sunday,Adult
691-67-6590,2024-10-26 13:46:00,C,Douch,F,45,White,C,True,,34,False,C,October,Saturday,Adult
615-67-6851,2023-07-22 05:25:00,J,MacPaden,F,8,White,J,True,,50,False,J,July,Saturday,Child
325-46-8339,2023-03-09 20:50:00,M,Gierke,F,73,White,M,True,,16,False,M,March,Thursday,Senior
429-31-3229,2024-03-06 18:24:00,P,Zavattari,F,72,White,P,True,,16,False,P,March,Wednesday,Senior
444-32-3737,2024-03-05 00:57:00,Q,Robak,F,22,White,Q,True,,14,False,Q,March,Tuesday,Adult
541-86-9484,2023-12-20 05:28:00,Q,Neligan,F,62,White,Q,True,,16,False,Q,December,Wednesday,Senior
237-49-2123,2024-05-23 16:41:00,R,Chaytor,F,2,White,R,True,,42,False,R,May,Thursday,Child
355-52-8969,2024-04-23 16:30:00,S,Jaquest,F,4,White,S,True,,21,False,S,April,Tuesday,Child
824-30-1382,2024-03-09 10:31:00,H,Gifford,F,14,White,H,True,2.0,49,False,H,March,Saturday,Teen
845-06-7247,2023-07-22 02:59:00,Z,Sandys,F,49,White,Z,True,10.0,11,False,Z,July,Saturday,Adult
729-61-6333,2023-10-14 00:21:00,A,Posse,F,4,White,A,True,,12,False,A,October,Saturday,Child
857-60-5297,2023-10-26 00:22:00,A,Glancey,F,45,White,A,True,,36,False,A,October,Thursday,Adult
496-94-0143,2024-10-24 22:50:00,A,Lansberry,F,25,White,A,True,,40,False,A,October,Thursday,Adult
325-33-0840,2023-11-27 20:39:00,A,Vice,F,47,White,A,True,,40,False,A,November,Monday,Adult
779-92-6749,2024-07-09 08:05:00,A,Gillbanks,F,49,White,A,True,,53,False,A,July,Tuesday,Adult
620-56-8307,2024-01-15 06:55:00,B,Groomebridge,F,33,White,B,True,,15,False,B,January,Monday,Adult
783-69-0929,2024-03-20 20:57:00,B,Spinley,F,3,White,B,True,,17,False,B,March,Wednesday,Child
352-98-4411,2024-07-26 00:10:00,B,Breckenridge,F,75,White,B,True,,17,False,B,July,Friday,Senior
264-08-7077,2023-03-07 14:47:00,B,Manntschke,F,40,White,B,True,,27,False,B,March,Tuesday,Adult
349-12-0424,2023-12-31 02:35:00,B,Weall,F,67,White,B,True,,28,False,B,December,Sunday,Senior
142-06-4332,2023-10-06 09:07:00,B,Eccles,F,69,White,B,True,,31,False,B,October,Friday,Senior
865-30-9524,2023-09-30 13:50:00,B,Kupker,F,4,White,B,True,,33,False,B,September,Saturday,Child
514-02-3855,2023-03-09 16:09:00,B,Winterbourne,F,27,White,B,True,,38,False,B,March,Thursday,Adult
793-17-1271,2023-04-07 03:01:00,B,McGlade,F,51,White,B,True,,47,False,B,April,Friday,Adult
313-53-5376,2023-12-12 11:05:00,B,Attard,F,49,White,B,True,,50,False,B,December,Tuesday,Adult
456-57-3018,2023-01-06 02:37:00,B,Tousy,F,26,White,B,True,,56,False,B,January,Friday,Adult
659-80-5601,2024-01-09 17:20:00,C,Angliss,F,64,White,C,True,,14,False,C,January,Tuesday,Senior
831-91-9322,2023-07-16 09:34:00,C,Askaw,F,37,White,C,True,,23,False,C,July,Sunday,Adult
854-64-4863,2024-05-20 04:47:00,C,Arnaudet,F,38,White,C,True,,28,False,C,May,Monday,Adult
142-36-2760,2024-12-09 04:39:00,C,Patty,F,24,White,C,True,,44,False,C,December,Monday,Adult
280-97-7971,2024-05-18 03:59:00,C,Licciardiello,F,78,White,C,True,,55,False,C,May,Saturday,Senior
576-87-1951,2023-11-27 15:16:00,D,Willmer,F,12,White,D,True,,13,False,D,November,Monday,Child
587-88-2144,2023-09-19 16:07:00,D,Armfirld,F,48,White,D,True,,14,False,D,September,Tuesday,Adult
276-46-5417,2024-07-18 00:24:00,D,Skoughman,F,42,White,D,True,,18,False,D,July,Thursday,Adult
431-25-0870,2023-04-10 12:31:00,D,Glyn,F,40,White,D,True,,29,False,D,April,Monday,Adult
275-83-5679,2023-12-23 04:04:00,D,Rasp,F,34,White,D,True,,31,False,D,December,Saturday,Adult
744-84-5269,2024-01-17 20:33:00,D,Rainard,F,49,White,D,True,,38,False,D,January,Wednesday,Adult
135-54-5797,2024-08-07 06:44:00,D,Kleinerman,F,56,White,D,True,,42,False,D,August,Wednesday,Adult
556-89-9725,2023-08-28 20:07:00,D,Soane,F,9,White,D,True,,54,False,D,August,Monday,Child
785-76-6854,2024-02-07 14:19:00,D,Frean,F,36,White,D,True,,55,False,D,February,Wednesday,Adult
101-50-7359,2023-10-13 13:44:00,D,Sabey,F,50,White,D,True,,56,False,D,October,Friday,Adult
736-08-1957,2024-04-25 01:05:00,D,Larmour,F,29,White,D,True,,58,False,D,April,Thursday,Adult
445-10-8118,2024-11-01 02:13:00,E,Dax,F,8,White,E,True,,10,False,E,November,Friday,Child
193-27-1560,2024-09-09 02:19:00,E,Norcliff,F,12,White,E,True,,17,False,E,September,Monday,Child
437-61-1608,2024-09-21 07:46:00,E,Quickfall,F,13,White,E,True,,24,False,E,September,Saturday,Teen
554-19-7837,2024-03-21 22:47:00,E,Szantho,F,62,White,E,True,,25,False,E,March,Thursday,Senior
380-79-5717,2024-09-30 16:39:00,E,McConigal,F,36,White,E,True,,34,False,E,September,Monday,Adult
462-88-6903,2023-07-30 16:43:00,E,Negal,F,5,White,E,True,,37,False,E,July,Sunday,Child
472-58-9172,2024-02-07 22:17:00,E,Cordoba,F,67,White,E,True,,42,False,E,February,Wednesday,Senior
787-42-2733,2023-11-20 12:31:00,E,Jobe,F,54,White,E,True,,43,False,E,November,Monday,Adult
535-70-1320,2024-08-02 16:45:00,E,Meus,F,16,White,E,True,,46,False,E,August,Friday,Teen
759-48-3807,2024-01-19 08:26:00,E,Labat,F,11,White,E,True,,56,False,E,January,Friday,Child
278-44-6183,2024-07-15 23:35:00,F,Boscott,F,7,White,F,True,,18,False,F,July,Monday,Child
138-56-7359,2023-07-29 19:38:00,F,Dumbrill,F,41,White,F,True,,18,False,F,July,Saturday,Adult
430-28-7980,2023-08-23 21:09:00,F,Willingam,F,56,White,F,True,,25,False,F,August,Wednesday,Adult
243-86-0385,2024-04-17 23:56:00,F,Dowling,F,25,White,F,True,,29,False,F,April,Wednesday,Adult
206-77-0609,2024-08-19 21:52:00,F,Ziemen,F,26,White,F,True,,29,False,F,August,Monday,Adult
376-17-6252,2024-02-25 15:51:00,F,Tonbridge,F,51,White,F,True,,33,False,F,February,Sunday,Adult
206-34-0053,2024-05-27 01:44:00,F,Booty,F,72,White,F,True,,34,False,F,May,Monday,Senior
748-65-6970,2023-06-11 11:51:00,F,Rispin,F,79,White,F,True,,43,False,F,June,Sunday,Senior
502-99-1222,2023-07-16 00:49:00,F,Wenham,F,42,White,F,True,,48,False,F,July,Sunday,Adult
888-76-6126,2024-02-03 00:17:00,G,Pilgrim,F,22,White,G,True,,19,False,G,February,Saturday,Adult
258-49-2581,2024-10-13 20:40:00,G,Muslim,F,53,White,G,True,,19,False,G,October,Sunday,Adult
526-56-4625,2023-10-04 13:30:00,G,Dreinan,F,12,White,G,True,,20,False,G,October,Wednesday,Child
533-95-7610,2024-03-23 01:01:00,G,Jendrach,F,49,White,G,True,,35,False,G,March,Saturday,Adult
278-43-2966,2023-07-20 04:22:00,G,Shucksmith,F,60,White,G,True,,35,False,G,July,Thursday,Adult
744-11-8969,2024-06-24 19:24:00,G,Carp,F,60,White,G,True,,37,False,G,June,Monday,Adult
508-15-8156,2024-04-20 01:47:00,G,Grunbaum,F,48,White,G,True,,42,False,G,April,Saturday,Adult
561-13-1085,2024-06-03 19:07:00,G,Marrett,F,26,White,G,True,,47,False,G,June,Monday,Adult
887-48-1552,2024-05-30 12:53:00,G,Lewisham,F,9,White,G,True,,48,False,G,May,Thursday,Child
107-33-5987,2023-06-29 06:50:00,H,Colebourn,F,10,White,H,True,,11,False,H,June,Thursday,Child
670-53-6190,2024-07-07 01:08:00,H,Urling,F,64,White,H,True,,14,False,H,July,Sunday,Senior
732-99-8011,2024-01-03 01:29:00,H,Gurrado,F,43,White,H,True,,16,False,H,January,Wednesday,Adult
192-16-2936,2023-11-14 00:46:00,H,Childerley,F,61,White,H,True,,16,False,H,November,Tuesday,Senior
870-19-2489,2024-10-14 20:42:00,H,Vinecombe,F,58,White,H,True,,17,False,H,October,Monday,Adult
377-59-2511,2023-05-04 06:33:00,H,Topling,F,4,White,H,True,,22,False,H,May,Thursday,Child
691-23-3765,2024-08-01 16:48:00,H,Goricke,F,64,White,H,True,,41,False,H,August,Thursday,Senior
255-37-1255,2023-10-20 19:32:00,I,Mayberry,F,6,White,I,True,,14,False,I,October,Friday,Child
459-06-7854,2024-03-07 23:56:00,I,Miguet,F,65,White,I,True,,23,False,I,March,Thursday,Senior
800-04-2533,2024-04-06 01:33:00,I,Garralts,F,59,White,I,True,,50,False,I,April,Saturday,Adult
532-22-8608,2023-09-05 03:09:00,I,Girdlestone,F,65,White,I,True,,57,True,I,September,Tuesday,Senior
402-43-6398,2024-09-01 21:54:00,I,Potteridge,F,60,White,I,True,,60,False,I,September,Sunday,Adult
870-79-0022,2024-10-26 01:25:00,J,Polsin,F,4,White,J,True,,15,False,J,October,Saturday,Child
306-67-0343,2024-03-14 09:48:00,J,Senechell,F,7,White,J,True,,16,False,J,March,Thursday,Child
431-80-8333,2023-07-15 03:46:00,J,Izzard,F,16,White,J,True,,26,False,J,July,Saturday,Teen
753-18-7865,2024-04-27 17:24:00,J,Langlands,F,69,White,J,True,,28,False,J,April,Saturday,Senior
684-07-0904,2024-10-10 22:53:00,J,Drissell,F,10,White,J,True,,32,False,J,October,Thursday,Child
630-12-4865,2023-05-06 02:00:00,J,Biggin,F,27,White,J,True,,37,False,J,May,Saturday,Adult
189-95-1488,2024-09-24 09:39:00,J,Rollinson,F,61,White,J,True,,58,False,J,September,Tuesday,Senior
106-25-8604,2024-06-13 06:21:00,J,Ebbins,F,35,White,J,True,,59,False,J,June,Thursday,Adult
855-75-9962,2023-06-28 04:10:00,J,Sparsholt,F,70,White,J,True,,60,False,J,June,Wednesday,Senior
314-46-6334,2024-06-24 05:30:00,K,Paulusch,F,15,White,K,True,,10,False,K,June,Monday,Teen
743-43-7438,2023-10-21 22:28:00,K,Sexty,F,4,White,K,True,,19,False,K,October,Saturday,Child
418-04-4772,2024-08-09 01:00:00,K,Lewendon,F,20,White,K,True,,23,False,K,August,Friday,Adult
240-29-9184,2024-08-17 00:15:00,K,Tweed,F,78,White,K,True,,42,False,K,August,Saturday,Senior
360-64-1390,2023-07-06 22:36:00,K,Terrey,F,73,White,K,True,,54,False,K,July,Thursday,Senior
328-59-1425,2024-10-29 06:06:00,K,Ferne,F,6,White,K,True,,55,False,K,October,Tuesday,Child
443-02-9460,2023-08-27 00:55:00,K,Showte,F,30,White,K,True,,55,False,K,August,Sunday,Adult
729-50-8226,2023-08-29 06:47:00,K,Clohisey,F,53,White,K,True,,57,False,K,August,Tuesday,Adult
147-55-5405,2024-02-03 04:20:00,L,Crolly,F,79,White,L,True,,11,False,L,February,Saturday,Senior
201-24-2940,2023-04-05 03:48:00,L,Willison,F,41,White,L,True,,16,True,L,April,Wednesday,Adult
563-01-9014,2023-06-26 13:01:00,L,Leneham,F,42,White,L,True,,27,False,L,June,Monday,Adult
107-84-2136,2024-01-25 09:12:00,L,Selly,F,69,White,L,True,,34,False,L,January,Thursday,Senior
479-60-6415,2023-05-20 20:18:00,L,Mcettrick,F,65,White,L,True,,39,True,L,May,Saturday,Senior
339-11-4345,2023-12-05 07:40:00,L,Crunkhurn,F,50,White,L,True,,51,True,L,December,Tuesday,Adult
628-45-6492,2023-01-04 06:07:00,L,McCarrison,F,6,White,L,True,,52,False,L,January,Wednesday,Child
478-52-8782,2024-10-25 20:52:00,L,Kidstoun,F,28,White,L,True,,52,False,L,October,Friday,Adult
538-43-0758,2024-01-31 05:48:00,L,Goodricke,F,27,White,L,True,,58,False,L,January,Wednesday,Adult
422-32-8778,2024-12-01 08:40:00,M,Strevens,F,58,White,M,True,,10,False,M,December,Sunday,Adult
529-08-9822,2023-10-05 05:26:00,M,Meller,F,67,White,M,True,,10,True,M,October,Thursday,Senior
436-82-9156,2024-01-27 00:29:00,M,Drawmer,F,14,White,M,True,,14,False,M,January,Saturday,Teen
524-92-3725,2023-07-31 04:49:00,M,Salaman,F,40,White,M,True,,28,False,M,July,Monday,Adult
671-69-1368,2023-07-26 06:02:00,M,Schwandner,F,25,White,M,True,,29,False,M,July,Wednesday,Adult
532-65-0085,2024-08-17 08:58:00,M,Beadnell,F,27,White,M,True,,35,False,M,August,Saturday,Adult
834-26-3667,2023-07-10 21:45:00,M,Renhard,F,24,White,M,True,,37,False,M,July,Monday,Adult
545-60-6889,2024-07-02 08:27:00,M,Brabin,F,65,White,M,True,,39,False,M,July,Tuesday,Senior
831-28-9145,2024-06-15 14:58:00,M,Strange,F,54,White,M,True,,45,False,M,June,Saturday,Adult
554-19-9010,2023-12-31 13:38:00,M,Tankus,F,21,White,M,True,,57,False,M,December,Sunday,Adult
271-34-8414,2024-01-21 13:35:00,N,Tolputt,F,12,White,N,True,,12,False,N,January,Sunday,Child
712-41-7615,2024-09-08 21:07:00,N,Gummery,F,52,White,N,True,,20,False,N,September,Sunday,Adult
381-26-3402,2024-12-09 08:49:00,N,Ockendon,F,73,White,N,True,,32,False,N,December,Monday,Senior
390-46-6283,2024-07-04 05:34:00,N,Bartleet,F,9,White,N,True,,35,False,N,July,Thursday,Child
463-65-5530,2024-08-06 21:05:00,N,Landsborough,F,3,White,N,True,,37,False,N,August,Tuesday,Child
131-23-8601,2024-12-02 13:07:00,N,Ragborne,F,18,White,N,True,,38,False,N,December,Monday,Teen
843-25-8078,2024-03-23 21:28:00,N,Ockwell,F,33,White,N,True,,42,False,N,March,Saturday,Adult
144-25-3409,2023-08-04 20:29:00,N,Chetter,F,76,White,N,True,,45,False,N,August,Friday,Senior
775-20-3436,2023-09-06 07:39:00,N,Moores,F,17,White,N,True,,46,False,N,September,Wednesday,Teen
313-83-5518,2024-03-09 16:23:00,N,Older,F,66,White,N,True,,52,False,N,March,Saturday,Senior
197-33-1015,2024-06-26 05:32:00,N,Mengue,F,61,White,N,True,,56,False,N,June,Wednesday,Senior
285-87-9578,2024-05-13 11:08:00,N,Croney,F,24,White,N,True,,58,False,N,May,Monday,Adult
241-68-0418,2023-10-31 11:49:00,N,MacDowal,F,59,White,N,True,,59,False,N,October,Tuesday,Adult
851-10-2629,2024-07-28 06:17:00,O,Baudi,F,75,White,O,True,,10,False,O,July,Sunday,Senior
623-88-0026,2024-10-05 06:55:00,O,Bough,F,54,White,O,True,,17,False,O,October,Saturday,Adult
838-72-7699,2023-04-08 22:18:00,O,Burleigh,F,49,White,O,True,,21,False,O,April,Saturday,Adult
788-24-5958,2023-10-21 19:50:00,O,Willford,F,78,White,O,True,,22,False,O,October,Saturday,Senior
887-98-0055,2023-04-12 12:46:00,O,Strathe,F,21,White,O,True,,27,False,O,April,Wednesday,Adult
374-87-4141,2023-05-14 15:44:00,O,Womack,F,56,White,O,True,,34,True,O,May,Sunday,Adult
623-40-0190,2023-10-26 12:40:00,O,Imesen,F,72,White,O,True,,35,False,O,October,Thursday,Senior
144-03-3903,2024-03-31 02:03:00,O,Scantlebury,F,15,White,O,True,,37,False,O,March,Sunday,Teen
291-11-3500,2024-05-07 01:54:00,O,Caskey,F,18,White,O,True,,41,False,O,May,Tuesday,Teen
209-17-1202,2023-04-19 14:01:00,O,Hearst,F,25,White,O,True,,53,False,O,April,Wednesday,Adult
773-97-1480,2024-03-06 10:34:00,O,Elliman,F,46,White,O,True,,56,False,O,March,Wednesday,Adult
321-43-2333,2024-06-13 11:03:00,P,Cayford,F,31,White,P,True,,11,False,P,June,Thursday,Adult
452-69-2471,2024-08-10 21:28:00,P,Lidell,F,7,White,P,True,,13,False,P,August,Saturday,Child
886-98-2666,2024-06-20 07:44:00,P,Fossett,F,50,White,P,True,,13,False,P,June,Thursday,Adult
243-26-2463,2024-02-22 16:38:00,P,Mongan,F,72,White,P,True,,14,False,P,February,Thursday,Senior
229-63-8890,2023-05-22 13:54:00,P,Caddick,F,30,White,P,True,,20,True,P,May,Monday,Adult
444-57-9644,2024-12-07 12:31:00,P,Bangs,F,74,White,P,True,,30,False,P,December,Saturday,Senior
123-40-8299,2023-11-16 19:35:00,P,Hamal,F,61,White,P,True,,35,False,P,November,Thursday,Senior
890-65-9881,2024-02-22 08:27:00,P,Lawrance,F,65,White,P,True,,36,False,P,February,Thursday,Senior
365-07-5242,2024-08-13 06:33:00,P,Dooley,F,58,White,P,True,,51,False,P,August,Tuesday,Adult
114-90-7587,2024-01-22 16:33:00,P,Beaconsall,F,69,White,P,True,,52,False,P,January,Monday,Senior
515-14-1230,2023-12-10 11:31:00,P,Lownes,F,75,White,P,True,,58,False,P,December,Sunday,Senior
742-47-1941,2023-11-05 21:44:00,Q,Lundbech,F,3,White,Q,True,,30,True,Q,November,Sunday,Child
773-49-0669,2023-10-07 02:23:00,Q,Dunklee,F,1,White,Q,True,,32,False,Q,October,Saturday,Child
146-42-3123,2023-10-29 19:39:00,Q,Bidgood,F,67,White,Q,True,,35,False,Q,October,Sunday,Senior
614-41-8501,2023-11-13 00:35:00,Q,Hamilton,F,57,White,Q,True,,38,False,Q,November,Monday,Adult
342-18-9585,2023-11-04 22:53:00,Q,Faichney,F,52,White,Q,True,,43,False,Q,November,Saturday,Adult
166-48-3805,2024-07-04 10:06:00,Q,Drust,F,53,White,Q,True,,48,False,Q,July,Thursday,Adult
313-04-2804,2023-05-06 12:03:00,Q,Count,F,67,White,Q,True,,51,False,Q,May,Saturday,Senior
358-50-2747,2023-05-08 20:41:00,Q,Linham,F,11,White,Q,True,,52,False,Q,May,Monday,Child
598-29-3507,2023-12-07 00:10:00,Q,Warr,F,10,White,Q,True,,54,False,Q,December,Thursday,Child
135-46-0133,2024-12-07 23:51:00,Q,Murtimer,F,59,White,Q,True,,58,False,Q,December,Saturday,Adult
568-02-8859,2023-02-11 12:32:00,R,Oehme,F,18,White,R,True,,19,False,R,February,Saturday,Teen
849-72-8939,2024-02-03 15:31:00,R,Comber,F,65,White,R,True,,24,False,R,February,Saturday,Senior
778-19-3191,2024-04-03 11:01:00,R,Ahern,F,24,White,R,True,,25,False,R,April,Wednesday,Adult
810-32-8712,2024-01-09 22:04:00,R,Langmaid,F,63,White,R,True,,35,False,R,January,Tuesday,Senior
709-54-8843,2024-03-20 11:30:00,R,Shawdforth,F,34,White,R,True,,37,False,R,March,Wednesday,Adult
212-14-9787,2024-11-03 18:02:00,R,Holhouse,F,1,White,R,True,,41,False,R,November,Sunday,Child
791-17-1830,2023-05-31 17:02:00,R,Klewer,F,79,White,R,True,,42,True,R,May,Wednesday,Senior
106-39-9634,2023-04-18 10:49:00,R,Orta,F,10,White,R,True,,48,False,R,April,Tuesday,Child
701-74-8201,2024-01-03 11:37:00,R,Jeaycock,F,33,White,R,True,,50,False,R,January,Wednesday,Adult
889-02-1595,2024-11-01 18:01:00,R,Cawcutt,F,12,White,R,True,,53,False,R,November,Friday,Child
730-77-8624,2023-11-15 08:18:00,R,Bridgstock,F,30,White,R,True,,53,False,R,November,Wednesday,Adult
611-45-6001,2024-10-16 17:35:00,R,Hawthorn,F,58,White,R,True,,54,False,R,October,Wednesday,Adult
101-85-4810,2023-07-08 05:55:00,R,McBoyle,F,74,White,R,True,,55,False,R,July,Saturday,Senior
428-22-3036,2024-02-09 22:42:00,R,Bickerdyke,F,30,White,R,True,,57,False,R,February,Friday,Adult
895-36-1172,2023-05-05 05:25:00,S,Lernihan,F,26,White,S,True,,11,True,S,May,Friday,Adult
499-12-2949,2023-06-28 19:21:00,S,Haller,F,26,White,S,True,,17,False,S,June,Wednesday,Adult
501-21-0272,2024-11-06 00:05:00,S,Hearl,F,43,White,S,True,,18,False,S,November,Wednesday,Adult
773-46-9525,2024-10-04 09:14:00,S,Pardon,F,5,White,S,True,,30,False,S,October,Friday,Child
496-61-3989,2024-12-04 02:39:00,S,Roderick,F,23,White,S,True,,33,False,S,December,Wednesday,Adult
487-77-7085,2024-03-27 15:47:00,S,Gimbart,F,35,White,S,True,,36,False,S,March,Wednesday,Adult
787-63-7727,2024-08-29 12:22:00,S,Brogi,F,64,White,S,True,,40,False,S,August,Thursday,Senior
403-03-4234,2023-11-28 07:18:00,S,Chesterman,F,73,White,S,True,,42,False,S,November,Tuesday,Senior
241-49-0565,2023-04-20 07:52:00,S,Geertje,F,11,White,S,True,,53,False,S,April,Thursday,Child
753-02-8581,2024-10-18 02:00:00,S,Daunter,F,74,White,S,True,,53,False,S,October,Friday,Senior
638-04-8066,2023-12-30 08:16:00,T,Swanne,F,63,White,T,True,,11,False,T,December,Saturday,Senior
650-24-3956,2024-02-21 17:55:00,T,Pollastrino,F,58,White,T,True,,24,False,T,February,Wednesday,Adult
295-70-8330,2023-06-16 21:10:00,T,Batt,F,58,White,T,True,,25,False,T,June,Friday,Adult
121-61-4569,2023-11-11 14:18:00,T,Duffet,F,67,White,T,True,,28,False,T,November,Saturday,Senior
386-58-0850,2024-10-04 01:54:00,T,Syplus,F,47,White,T,True,,29,False,T,October,Friday,Adult
705-46-8327,2023-04-24 14:40:00,T,Wilson,F,36,White,T,True,,30,False,T,April,Monday,Adult
209-37-3439,2023-12-22 00:39:00,T,Giacomi,F,10,White,T,True,,33,False,T,December,Friday,Child
835-98-7545,2024-11-09 20:25:00,T,Suffe,F,71,White,T,True,,45,False,T,November,Saturday,Senior
421-24-6442,2024-08-02 23:59:00,T,Teague,F,36,White,T,True,,49,False,T,August,Friday,Adult
780-08-1040,2023-09-17 21:04:00,T,Matevosian,F,62,White,T,True,,49,False,T,September,Sunday,Senior
638-14-6670,2024-05-17 18:12:00,T,Deegan,F,50,White,T,True,,54,False,T,May,Friday,Adult
478-35-5888,2023-08-12 19:38:00,T,Yerson,F,23,White,T,True,,56,False,T,August,Saturday,Adult
308-18-0978,2024-05-18 12:20:00,U,Ziems,F,54,White,U,True,,13,False,U,May,Saturday,Adult
817-05-6112,2023-12-19 20:24:00,U,O'Duggan,F,48,White,U,True,,19,False,U,December,Tuesday,Adult
240-60-6769,2024-03-01 11:50:00,U,Maric,F,65,White,U,True,,19,False,U,March,Friday,Senior
443-01-9231,2023-05-28 05:26:00,U,Suggey,F,17,White,U,True,,20,True,U,May,Sunday,Teen
357-66-8043,2023-11-28 07:43:00,U,O'Connel,F,3,White,U,True,,24,False,U,November,Tuesday,Child
613-08-2623,2023-10-25 12:20:00,U,Portis,F,49,White,U,True,,30,False,U,October,Wednesday,Adult
817-42-5463,2024-08-04 20:39:00,U,Ramage,F,71,White,U,True,,36,False,U,August,Sunday,Senior
203-82-4463,2024-03-03 07:49:00,U,Burgwin,F,54,White,U,True,,37,False,U,March,Sunday,Adult
188-51-7186,2023-12-27 03:14:00,U,Shalcros,F,40,White,U,True,,38,False,U,December,Wednesday,Adult
713-02-0756,2023-03-09 04:50:00,U,Filde,F,65,White,U,True,,46,False,U,March,Thursday,Senior
473-20-6494,2024-10-10 23:39:00,U,Pankhurst.,F,10,White,U,True,,56,False,U,October,Thursday,Child
798-37-9426,2023-09-15 04:33:00,U,Wisdish,F,78,White,U,True,,59,False,U,September,Friday,Senior
161-72-0475,2024-04-29 20:25:00,V,Schuster,F,40,White,V,True,,20,False,V,April,Monday,Adult
112-71-8998,2024-12-05 23:35:00,V,Cromack,F,70,White,V,True,,22,False,V,December,Thursday,Senior
630-15-2305,2024-11-04 15:33:00,V,Komorowski,F,54,White,V,True,,27,False,V,November,Monday,Adult
756-70-9085,2024-06-05 20:46:00,V,Booler,F,49,White,V,True,,36,False,V,June,Wednesday,Adult
133-01-1137,2024-04-24 05:03:00,V,Stanney,F,51,White,V,True,,36,False,V,April,Wednesday,Adult
218-83-3717,2023-03-06 16:49:00,V,Goodred,F,23,White,V,True,,39,False,V,March,Monday,Adult
200-67-7295,2023-03-05 08:24:00,V,Bartrum,F,76,White,V,True,,41,True,V,March,Sunday,Senior
110-18-6737,2023-07-28 04:22:00,V,Pimerick,F,28,White,V,True,,44,False,V,July,Friday,Adult
789-12-9925,2024-03-06 23:18:00,V,Mundy,F,4,White,V,True,,46,False,V,March,Wednesday,Child
784-71-5298,2024-05-02 11:03:00,V,Clapston,F,79,White,V,True,,46,False,V,May,Thursday,Senior
753-27-7246,2023-11-14 04:08:00,V,Duce,F,37,White,V,True,,47,False,V,November,Tuesday,Adult
740-90-4506,2023-05-29 06:28:00,V,Geldert,F,2,White,V,True,,48,True,V,May,Monday,Child
563-50-3688,2023-02-04 03:22:00,W,Reburn,F,26,White,W,True,,12,False,W,February,Saturday,Adult
893-72-7983,2024-04-25 20:19:00,W,Avard,F,13,White,W,True,,18,False,W,April,Thursday,Teen
392-07-7335,2024-07-30 00:29:00,W,Elsdon,F,76,White,W,True,,23,False,W,July,Tuesday,Senior
101-35-3930,2024-01-24 07:29:00,W,Andreotti,F,30,White,W,True,,25,False,W,January,Wednesday,Adult
634-28-2073,2023-07-30 19:14:00,W,Botten,F,39,White,W,True,,25,False,W,July,Sunday,Adult
376-97-1223,2023-10-19 23:52:00,W,Greenier,F,64,White,W,True,,26,False,W,October,Thursday,Senior
560-24-6602,2023-05-25 18:53:00,W,Rozycki,F,76,White,W,True,,28,True,W,May,Thursday,Senior
618-90-5436,2023-07-24 04:10:00,W,Goldes,F,72,White,W,True,,31,False,W,July,Monday,Senior
804-69-5163,2023-01-08 20:50:00,W,Chue,F,43,White,W,True,,43,False,W,January,Sunday,Adult
166-87-3279,2023-09-10 23:08:00,W,Zaple,F,78,White,W,True,,44,False,W,September,Sunday,Senior
234-78-0305,2023-09-05 22:06:00,W,Sanja,F,63,White,W,True,,54,True,W,September,Tuesday,Senior
222-26-0023,2024-09-22 00:01:00,X,Swaite,F,79,White,X,True,,10,False,X,September,Sunday,Senior
739-57-2163,2023-07-09 23:48:00,X,Gear,F,3,White,X,True,,16,False,X,July,Sunday,Child
774-22-0705,2024-08-04 19:42:00,X,Cassel,F,70,White,X,True,,23,False,X,August,Sunday,Senior
240-68-0827,2023-10-08 17:33:00,X,Daniel,F,17,White,X,True,,25,False,X,October,Sunday,Teen
729-56-7978,2023-06-28 23:24:00,X,Sloam,F,27,White,X,True,,25,False,X,June,Wednesday,Adult
275-25-6839,2023-11-14 08:40:00,X,Bennough,F,29,White,X,True,,27,False,X,November,Tuesday,Adult
480-63-9268,2023-08-19 07:39:00,X,Muzzullo,F,61,White,X,True,,33,False,X,August,Saturday,Senior
767-26-2712,2024-01-10 05:02:00,X,Rheam,F,3,White,X,True,,37,False,X,January,Wednesday,Child
140-46-8836,2024-04-24 15:49:00,X,Lohmeyer,F,8,White,X,True,,37,False,X,April,Wednesday,Child
253-96-6379,2024-10-08 17:40:00,X,Aggus,F,70,White,X,True,,38,False,X,October,Tuesday,Senior
811-57-3786,2024-07-14 11:07:00,X,Symington,F,9,White,X,True,,44,False,X,July,Sunday,Child
387-46-0963,2024-09-29 14:05:00,Y,Helwig,F,51,White,Y,True,,16,False,Y,September,Sunday,Adult
614-73-8257,2023-10-22 04:13:00,Y,Pretorius,F,1,White,Y,True,,17,False,Y,October,Sunday,Child
176-56-4968,2024-05-10 11:20:00,Y,Mulvagh,F,26,White,Y,True,,21,False,Y,May,Friday,Adult
546-38-9941,2024-10-27 11:16:00,Y,McMeeking,F,50,White,Y,True,,26,False,Y,October,Sunday,Adult
727-41-1550,2024-02-08 08:45:00,Y,Raffon,F,2,White,Y,True,,35,False,Y,February,Thursday,Child
669-62-5609,2024-02-24 07:02:00,Y,Dowglass,F,72,White,Y,True,,36,False,Y,February,Saturday,Senior
473-43-2191,2024-07-20 23:21:00,Y,Faley,F,26,White,Y,True,,46,False,Y,July,Saturday,Adult
657-80-6910,2024-02-23 17:24:00,Y,Dooley,F,46,White,Y,True,,46,False,Y,February,Friday,Adult
113-13-3301,2024-09-28 23:57:00,Y,Antecki,F,37,White,Y,True,,54,False,Y,September,Saturday,Adult
308-16-1476,2024-10-24 19:38:00,Y,Mounsie,F,64,White,Y,True,,59,False,Y,October,Thursday,Senior
899-17-3356,2024-06-26 14:22:00,Z,D'Hooghe,F,22,White,Z,True,,13,False,Z,June,Wednesday,Adult
517-04-2663,2023-12-08 09:13:00,Z,Clingoe,F,16,White,Z,True,,19,False,Z,December,Friday,Teen
522-04-4518,2024-04-23 16:09:00,Z,Row,F,69,White,Z,True,,38,False,Z,April,Tuesday,Senior
685-09-0114,2024-09-21 13:59:00,Z,Skerman,F,13,White,Z,True,,40,False,Z,September,Saturday,Teen
890-87-2756,2024-07-18 15:38:00,Z,Bernhardi,F,11,White,Z,True,,42,False,Z,July,Thursday,Child
534-53-9446,2024-04-14 22:02:00,Z,de Quincey,F,51,White,Z,True,,47,False,Z,April,Sunday,Adult
789-30-1002,2023-02-08 05:31:00,Z,Drummond,F,47,White,Z,True,,60,False,Z,February,Wednesday,Adult
157-88-8844,2023-11-28 12:54:00,A,Cuttler,F,60,White,A,True,0.0,25,False,A,November,Tuesday,Adult
563-03-8388,2024-08-28 20:39:00,D,Weyman,F,63,White,D,True,0.0,24,False,D,August,Wednesday,Senior
705-87-4667,2024-01-15 11:20:00,H,Woolnough,F,50,White,H,True,0.0,31,False,H,January,Monday,Adult
852-69-6258,2023-04-28 08:35:00,L,Fagence,F,21,White,L,True,0.0,39,False,L,April,Friday,Adult
602-84-3086,2024-07-09 22:14:00,L,Gordon,F,18,White,L,True,0.0,47,False,L,July,Tuesday,Teen
819-70-1506,2024-04-19 03:01:00,O,De Vere,F,38,White,O,True,0.0,16,False,O,April,Friday,Adult
416-08-7655,2023-12-26 04:29:00,S,Dunkirk,F,57,White,S,True,0.0,13,False,S,December,Tuesday,Adult
164-29-5021,2023-05-23 15:55:00,S,Lilley,F,73,White,S,True,0.0,37,True,S,May,Tuesday,Senior
713-21-1635,2023-04-12 18:00:00,V,Thickin,F,49,White,V,True,0.0,59,False,V,April,Wednesday,Adult
764-74-1398,2024-02-17 14:47:00,Z,Heyfield,F,26,White,Z,True,0.0,31,False,Z,February,Saturday,Adult
687-07-1230,2024-12-07 07:30:00,Z,Ashwin,F,12,White,Z,True,0.0,58,False,Z,December,Saturday,Child
516-34-6394,2023-12-05 11:32:00,F,Hylands,F,28,White,F,True,1.0,20,True,F,December,Tuesday,Adult
122-46-5252,2024-06-15 22:21:00,G,Klosa,F,63,White,G,True,1.0,20,False,G,June,Saturday,Senior
234-88-9106,2023-02-12 01:25:00,K,Melhuish,F,3,White,K,True,1.0,39,False,K,February,Sunday,Child
385-83-1799,2023-12-15 12:48:00,T,Golding,F,73,White,T,True,1.0,17,False,T,December,Friday,Senior
608-51-4964,2024-11-07 02:22:00,V,Fyers,F,3,White,V,True,1.0,51,False,V,November,Thursday,Child
616-96-8379,2024-07-29 12:29:00,G,Blagburn,F,58,White,G,True,2.0,15,False,G,July,Monday,Adult
795-97-8042,2024-10-06 15:05:00,K,Gillow,F,47,White,K,True,2.0,39,False,K,October,Sunday,Adult
114-88-2644,2023-08-11 16:05:00,K,Wagge,F,27,White,K,True,2.0,42,False,K,August,Friday,Adult
277-27-7821,2023-08-18 16:33:00,L,Housam,F,18,White,L,True,2.0,41,False,L,August,Friday,Teen
837-73-8994,2024-07-15 21:38:00,X,McGhee,F,70,White,X,True,2.0,20,False,X,July,Monday,Senior
306-96-2248,2023-08-23 04:14:00,X,Ouslem,F,7,White,X,True,2.0,41,False,X,August,Wednesday,Child
760-43-3313,2024-06-21 13:48:00,D,Swindall,F,71,White,D,True,3.0,24,False,D,June,Friday,Senior
631-83-4544,2024-05-06 11:41:00,G,Beardsdale,F,49,White,G,True,3.0,41,False,G,May,Monday,Adult
619-42-8131,2024-10-07 21:59:00,L,MacCague,F,47,White,L,True,3.0,33,False,L,October,Monday,Adult
100-74-3943,2023-09-17 01:31:00,M,Hallard,F,3,White,M,True,3.0,14,False,M,September,Sunday,Child
501-13-7396,2023-09-05 11:24:00,O,Warre,F,75,White,O,True,3.0,17,True,O,September,Tuesday,Senior
766-71-2978,2024-04-24 03:11:00,U,Christauffour,F,32,White,U,True,3.0,57,False,U,April,Wednesday,Adult
701-30-7761,2024-06-09 09:11:00,V,Rawlingson,F,53,White,V,True,3.0,20,False,V,June,Sunday,Adult
220-40-6700,2023-06-28 02:00:00,V,Tamsett,F,12,White,V,True,3.0,47,False,V,June,Wednesday,Child
675-75-5119,2024-05-04 23:06:00,D,Dan,F,16,White,D,True,4.0,17,False,D,May,Saturday,Teen
364-08-4191,2024-09-28 08:21:00,L,Alwell,F,7,White,L,True,4.0,41,False,L,September,Saturday,Child
891-66-0692,2024-06-06 14:29:00,N,Coopey,F,39,White,N,True,4.0,48,False,N,June,Thursday,Adult
636-48-7628,2024-02-15 02:53:00,O,Stables,F,58,White,O,True,4.0,59,False,O,February,Thursday,Adult
318-13-3726,2023-11-10 15:31:00,S,Murray,F,71,White,S,True,4.0,21,False,S,November,Friday,Senior
188-78-3724,2023-08-27 21:19:00,T,Grason,F,13,White,T,True,4.0,19,False,T,August,Sunday,Teen
139-42-0535,2024-07-21 05:36:00,U,Honsch,F,72,White,U,True,4.0,29,False,U,July,Sunday,Senior
281-64-1818,2023-05-14 18:45:00,V,Studman,F,10,White,V,True,4.0,44,True,V,May,Sunday,Child
683-99-2198,2024-07-24 20:02:00,V,Iggulden,F,23,White,V,True,4.0,44,False,V,July,Wednesday,Adult
488-19-5188,2023-05-17 16:11:00,Z,Roland,F,1,White,Z,True,4.0,27,True,Z,May,Wednesday,Child
256-07-5165,2024-01-09 23:26:00,A,Powter,F,22,White,A,True,5.0,43,False,A,January,Tuesday,Adult
341-75-1961,2024-04-14 14:31:00,M,Birkenshaw,F,31,White,M,True,5.0,58,False,M,April,Sunday,Adult
667-93-9784,2024-02-17 19:45:00,P,Garlant,F,9,White,P,True,5.0,13,False,P,February,Saturday,Child
257-61-2650,2024-06-14 22:07:00,T,Strond,F,54,White,T,True,5.0,54,False,T,June,Friday,Adult
668-79-5006,2024-05-17 03:53:00,Y,McMullen,F,12,White,Y,True,5.0,37,False,Y,May,Friday,Child
345-35-5116,2024-11-05 23:05:00,Y,Jahnisch,F,42,White,Y,True,5.0,50,False,Y,November,Tuesday,Adult
827-65-1958,2024-02-01 07:07:00,E,D'Oyly,F,38,White,E,True,6.0,57,False,E,February,Thursday,Adult
604-86-5324,2023-10-13 08:22:00,N,Perche,F,35,White,N,True,6.0,50,False,N,October,Friday,Adult
168-07-4106,2024-02-02 03:13:00,P,Monnoyer,F,19,White,P,True,6.0,45,False,P,February,Friday,Adult
519-63-7221,2023-11-23 01:05:00,W,Broddle,F,53,White,W,True,6.0,41,False,W,November,Thursday,Adult
169-94-6100,2023-08-15 21:10:00,A,Cristofaro,F,37,White,A,True,7.0,12,False,A,August,Tuesday,Adult
204-82-4893,2023-08-17 04:43:00,C,Hurn,F,64,White,C,True,7.0,39,False,C,August,Thursday,Senior
484-72-9497,2024-02-20 00:09:00,F,Abelovitz,F,24,White,F,True,7.0,41,False,F,February,Tuesday,Adult
858-24-9963,2024-11-05 09:11:00,K,Golds,F,60,White,K,True,7.0,25,False,K,November,Tuesday,Adult
130-03-6486,2024-01-01 09:08:00,M,Carwithan,F,17,White,M,True,7.0,56,False,M,January,Monday,Teen
663-86-9324,2024-07-17 08:19:00,Q,Hawkshaw,F,56,White,Q,True,7.0,32,False,Q,July,Wednesday,Adult
400-25-3511,2024-04-28 08:23:00,B,Hammant,F,54,White,B,True,8.0,27,False,B,April,Sunday,Adult
178-58-4180,2024-04-14 14:28:00,I,Ingold,F,23,White,I,True,8.0,48,False,I,April,Sunday,Adult
665-83-7645,2024-05-25 12:45:00,P,Catterick,F,42,White,P,True,8.0,53,False,P,May,Saturday,Adult
600-60-0546,2024-11-03 08:38:00,W,Cusick,F,55,White,W,True,8.0,41,False,W,November,Sunday,Adult
815-37-9502,2023-12-21 04:38:00,X,Hammerstone,F,72,White,X,True,8.0,57,False,X,December,Thursday,Senior
497-21-5239,2023-08-20 09:02:00,A,Laviss,F,40,White,A,True,9.0,43,False,A,August,Sunday,Adult
250-51-3367,2024-02-03 11:36:00,E,Kunkel,F,52,White,E,True,9.0,28,False,E,February,Saturday,Adult
726-54-0891,2023-04-11 03:39:00,J,Curr,F,31,White,J,True,9.0,50,False,J,April,Tuesday,Adult
684-12-2313,2024-10-16 20:14:00,N,Abendroth,F,11,White,N,True,9.0,41,False,N,October,Wednesday,Child
157-49-9764,2024-01-15 14:55:00,R,Hundley,F,41,White,R,True,9.0,27,False,R,January,Monday,Adult
641-23-5829,2023-03-12 23:21:00,T,Dalgety,F,20,White,T,True,9.0,11,False,T,March,Sunday,Adult
447-43-8712,2023-12-05 00:13:00,U,Klejin,F,32,White,U,True,9.0,34,True,U,December,Tuesday,Adult
856-09-2253,2024-04-04 05:43:00,V,Works,F,34,White,V,True,9.0,52,False,V,April,Thursday,Adult
800-38-8561,2023-08-27 01:39:00,X,MacCombe,F,67,White,X,True,9.0,27,False,X,August,Sunday,Senior
145-46-1321,2023-05-13 08:12:00,Z,Fursland,F,38,White,Z,True,9.0,17,True,Z,May,Saturday,Adult
338-60-3097,2023-09-10 23:41:00,B,Bartod,F,53,White,B,True,10.0,60,False,B,September,Sunday,Adult
779-34-2105,2023-09-17 01:34:00,E,Tivnan,F,54,White,E,True,10.0,12,False,E,September,Sunday,Adult
442-29-2860,2024-07-21 21:45:00,F,Adran,F,23,White,F,True,10.0,53,False,F,July,Sunday,Adult
621-08-1059,2023-08-19 18:15:00,K,Baal,F,9,White,K,True,10.0,10,False,K,August,Saturday,Child
637-81-2602,2024-01-27 03:45:00,L,Curneen,F,29,White,L,True,10.0,58,False,L,January,Saturday,Adult
896-52-6863,2024-04-22 10:00:00,N,McGettrick,F,39,White,N,True,10.0,59,False,N,April,Monday,Adult
185-86-8176,2024-06-25 09:18:00,S,McCreery,F,67,White,S,True,10.0,34,False,S,June,Tuesday,Senior
358-91-5396,2024-04-06 16:09:00,V,Jerrold,F,24,White,V,True,10.0,43,False,V,April,Saturday,Adult
228-10-0070,2023-09-21 15:51:00,Y,Towle,F,73,White,Y,True,10.0,10,False,Y,September,Thursday,Senior
458-99-9074,2023-04-09 00:46:00,A,McGaughay,F,2,White,A,True,,17,False,A,April,Sunday,Child
559-31-6017,2024-02-14 23:47:00,A,Heggman,F,25,White,A,True,,20,False,A,February,Wednesday,Adult
224-71-2531,2023-07-24 23:39:00,A,Wickett,F,60,White,A,True,,44,False,A,July,Monday,Adult
376-27-6802,2023-07-26 04:09:00,B,Claypole,F,24,White,B,True,,40,False,B,July,Wednesday,Adult
875-35-4737,2023-06-10 20:59:00,C,Mompesson,F,18,White,C,True,,15,False,C,June,Saturday,Teen
263-80-6685,2024-10-02 11:23:00,C,Bartkowiak,F,58,White,C,True,,19,False,C,October,Wednesday,Adult
869-66-7554,2023-11-29 02:34:00,C,Cantillion,F,35,White,C,True,,56,False,C,November,Wednesday,Adult
250-82-5464,2023-08-27 00:46:00,D,Heath,F,35,White,D,True,,50,False,D,August,Sunday,Adult
844-21-7153,2023-03-06 21:06:00,E,Gaskamp,F,74,White,E,True,,17,False,E,March,Monday,Senior
149-68-0241,2024-08-02 22:08:00,E,Hemerijk,F,40,White,E,True,,19,False,E,August,Friday,Adult
414-06-4445,2023-05-06 02:57:00,E,Detoc,F,19,White,E,True,,41,False,E,May,Saturday,Adult
729-35-9748,2024-05-10 14:35:00,E,McCanny,F,45,White,E,True,,44,False,E,May,Friday,Adult
603-25-1575,2023-12-25 03:49:00,G,Drever,F,60,White,G,True,,31,False,G,December,Monday,Adult
313-36-3938,2024-01-17 12:41:00,G,Heigold,F,4,White,G,True,,53,False,G,January,Wednesday,Child
298-15-6094,2023-09-08 01:53:00,H,Ransome,F,79,White,H,True,,11,False,H,September,Friday,Senior
880-96-2037,2023-04-13 18:46:00,H,Jasper,F,15,White,H,True,,24,False,H,April,Thursday,Teen
438-91-9401,2023-12-10 15:39:00,H,Pilger,F,30,White,H,True,,29,False,H,December,Sunday,Adult
124-40-1013,2024-06-27 10:27:00,H,Rasher,F,34,White,H,True,,43,False,H,June,Thursday,Adult
697-02-7197,2024-02-04 01:30:00,H,Tregien,F,24,White,H,True,,54,False,H,February,Sunday,Adult
461-70-5641,2023-04-14 03:12:00,I,Glasscoo,F,72,White,I,True,,31,False,I,April,Friday,Senior
213-96-5568,2023-08-21 23:29:00,J,Eschalette,F,40,White,J,True,,45,False,J,August,Monday,Adult
229-78-0810,2023-06-19 23:26:00,K,Bend,F,19,White,K,True,,23,False,K,June,Monday,Adult
567-34-6800,2023-07-26 11:24:00,L,Carlo,F,17,White,L,True,,30,False,L,July,Wednesday,Teen
797-70-2349,2024-03-03 09:12:00,N,Wallwork,F,55,White,N,True,,25,False,N,March,Sunday,Adult
689-86-6145,2024-06-05 05:26:00,O,Cordie,F,16,White,O,True,,22,False,O,June,Wednesday,Teen
409-22-8805,2024-01-05 07:11:00,O,Ayton,F,59,White,O,True,,37,False,O,January,Friday,Adult
249-19-1543,2023-04-28 15:12:00,P,Dunnet,F,2,White,P,True,,16,False,P,April,Friday,Child
623-89-4272,2024-07-20 19:15:00,P,Pobjay,F,51,White,P,True,,26,False,P,July,Saturday,Adult
327-14-9748,2024-01-28 04:29:00,P,Dance,F,72,White,P,True,,31,False,P,January,Sunday,Senior
876-79-7112,2024-09-07 19:30:00,Q,Halfacre,F,49,White,Q,True,,11,False,Q,September,Saturday,Adult
545-22-1531,2024-04-10 17:06:00,R,Budnk,F,1,White,R,True,,22,False,R,April,Wednesday,Child
436-65-3999,2023-12-12 21:49:00,R,Cliffe,F,48,White,R,True,,30,False,R,December,Tuesday,Adult
537-09-7772,2024-10-26 05:28:00,R,Mallia,F,3,White,R,True,,33,False,R,October,Saturday,Child
608-47-0337,2024-01-01 17:25:00,R,Boyle,F,22,White,R,True,,45,False,R,January,Monday,Adult
811-97-1091,2024-03-22 08:34:00,S,Ryal,F,61,White,S,True,,53,False,S,March,Friday,Senior
596-98-6693,2023-12-23 20:45:00,T,Albrighton,F,40,White,T,True,,10,False,T,December,Saturday,Adult
563-72-1313,2023-11-22 12:36:00,U,O'Suaird,F,53,White,U,True,,26,False,U,November,Wednesday,Adult
171-75-9146,2024-05-21 03:02:00,U,Hearnah,F,30,White,U,True,,32,False,U,May,Tuesday,Adult
283-63-7892,2024-12-06 21:09:00,V,Hanigan,F,4,White,V,True,,14,False,V,December,Friday,Child
509-15-9216,2024-06-06 20:19:00,V,Takkos,F,12,White,V,True,,60,False,V,June,Thursday,Child
284-23-4071,2024-03-13 16:29:00,W,Keasley,F,33,White,W,True,,43,False,W,March,Wednesday,Adult
717-51-2915,2024-03-10 23:40:00,X,Shiels,F,7,White,X,True,,32,False,X,March,Sunday,Child
195-26-8178,2024-04-10 13:53:00,Y,Orrett,F,18,White,Y,True,,27,False,Y,April,Wednesday,Teen
512-60-2460,2023-11-22 08:04:00,Z,Koenen,F,26,White,Z,True,,49,False,Z,November,Wednesday,Adult
841-74-3492,2024-07-05 04:30:00,S,Follis,F,10,White,S,True,0.0,50,False,S,July,Friday,Child
625-47-1514,2023-11-17 07:08:00,T,Goodfellowe,F,55,White,T,True,0.0,51,False,T,November,Friday,Adult
360-05-3720,2024-07-20 00:00:00,A,Francesch,F,22,White,A,True,1.0,15,False,A,July,Saturday,Adult
265-41-2620,2023-10-17 18:02:00,O,Ruprechter,F,76,White,O,True,1.0,23,False,O,October,Tuesday,Senior
472-97-6207,2023-07-05 11:14:00,X,Bromehed,F,31,White,X,True,1.0,59,True,X,July,Wednesday,Adult
540-07-7543,2024-02-23 20:16:00,Z,Izakson,F,54,White,Z,True,1.0,60,False,Z,February,Friday,Adult
186-48-7416,2024-07-16 03:12:00,K,Abbotson,F,7,White,K,True,3.0,24,False,K,July,Tuesday,Child
811-13-4461,2023-06-05 18:02:00,U,Kloska,F,45,White,U,True,3.0,16,True,U,June,Monday,Adult
496-47-5279,2023-09-21 15:03:00,C,Malitrott,F,73,White,C,True,4.0,40,False,C,September,Thursday,Senior
228-41-0095,2024-10-06 20:16:00,O,Leete,F,74,White,O,True,4.0,32,False,O,October,Sunday,Senior
129-25-8655,2024-07-24 18:25:00,J,Pimer,F,73,White,J,True,5.0,19,False,J,July,Wednesday,Senior
415-28-3023,2023-08-31 19:24:00,Z,Hext,F,48,White,Z,True,5.0,47,False,Z,August,Thursday,Adult
891-36-7946,2023-01-11 18:30:00,K,Wollaston,F,6,White,K,True,6.0,21,False,K,January,Wednesday,Child
843-76-4020,2024-01-22 03:35:00,O,Bussy,F,79,White,O,True,7.0,14,False,O,January,Monday,Senior
168-19-7400,2023-08-21 09:47:00,W,Grebbin,F,49,White,W,True,8.0,43,False,W,August,Monday,Adult
566-41-9643,2024-01-20 13:38:00,B,Charlson,F,49,White,B,True,9.0,45,False,B,January,Saturday,Adult
426-82-0991,2024-10-27 00:20:00,M,Quartermain,F,7,White,M,True,10.0,31,False,M,October,Sunday,Child
115-72-7138,2024-04-22 18:33:00,T,Guinnane,F,21,White,T,True,10.0,18,False,T,April,Monday,Adult
724-36-0175,2024-08-22 08:11:00,B,Pluck,F,27,White,B,True,,36,False,B,August,Thursday,Adult
604-92-6296,2023-10-24 09:59:00,C,Hallin,F,71,White,C,True,,25,False,C,October,Tuesday,Senior
635-51-4215,2024-05-23 17:44:00,E,Seacombe,F,16,White,E,True,,39,False,E,May,Thursday,Teen
714-15-3274,2023-10-06 07:09:00,L,Oliff,F,78,White,L,True,,59,False,L,October,Friday,Senior
563-64-7249,2024-04-26 17:44:00,Q,Lindemann,F,78,White,Q,True,,42,False,Q,April,Friday,Senior
264-47-3879,2023-12-30 20:24:00,R,Bernardelli,F,31,White,R,True,,54,False,R,December,Saturday,Adult
566-23-2795,2023-09-24 10:28:00,T,Herkess,F,31,White,T,True,,49,False,T,September,Sunday,Adult
453-54-2453,2023-01-11 13:27:00,U,Dowall,F,20,White,U,True,,48,False,U,January,Wednesday,Adult
754-56-4342,2024-09-17 14:32:00,U,Leifer,F,34,White,U,True,,49,False,U,September,Tuesday,Adult
615-52-5411,2024-05-16 00:44:00,W,Casbolt,F,30,White,W,True,,26,False,W,May,Thursday,Adult
470-60-5209,2024-06-04 22:49:00,Z,Iacovides,F,25,White,Z,True,,29,False,Z,June,Tuesday,Adult
438-23-0462,2024-02-09 02:21:00,A,Harker,F,13,White,A,True,2.0,53,False,A,February,Friday,Teen
854-90-9500,2023-04-07 13:21:00,Q,Wynrehame,F,57,White,Q,True,2.0,10,False,Q,April,Friday,Adult
451-68-1953,2024-01-14 05:55:00,U,Ainley,F,36,White,U,True,3.0,33,False,U,January,Sunday,Adult
683-59-0318,2024-09-25 03:42:00,N,Fisk,F,35,White,N,True,4.0,32,False,N,September,Wednesday,Adult
734-39-1461,2023-06-12 01:21:00,B,Mattussevich,F,44,White,B,True,5.0,35,False,B,June,Monday,Adult
207-67-5562,2024-09-06 15:30:00,T,Fraanchyonok,F,64,White,T,True,5.0,25,False,T,September,Friday,Senior
221-08-4372,2024-02-07 15:29:00,A,Mahaddie,F,72,White,A,True,9.0,20,False,A,February,Wednesday,Senior
618-15-9676,2023-10-18 14:24:00,J,Oldall,F,63,White,J,True,,31,False,J,October,Wednesday,Senior
383-24-5206,2024-10-01 14:17:00,O,Blackford,F,51,White,O,True,,60,False,O,October,Tuesday,Adult
530-06-5008,2023-09-06 19:19:00,R,Berendsen,F,68,White,R,True,,44,False,R,September,Wednesday,Senior
210-99-0414,2024-08-25 15:48:00,S,Gutierrez,F,36,White,S,True,,31,False,S,August,Sunday,Adult
234-64-8434,2023-12-25 12:05:00,W,Faherty,F,49,White,W,True,,42,False,W,December,Monday,Adult
458-66-7478,2023-07-18 01:49:00,Z,Mawson,F,36,White,Z,True,,45,False,Z,July,Tuesday,Adult
144-47-5038,2024-06-09 05:39:00,K,Alexis,F,45,White,K,True,0.0,49,False,K,June,Sunday,Adult
628-86-1438,2024-01-16 16:46:00,Z,Witherup,F,37,White,Z,True,6.0,56,False,Z,January,Tuesday,Adult
433-92-8562,2023-08-19 20:00:00,Z,Kenworthey,F,34,White,Z,True,8.0,42,False,Z,August,Saturday,Adult
863-51-9551,2024-05-09 06:49:00,D,Corrin,M,46,African American,D,True,,51,False,D,May,Thursday,Adult
608-45-3024,2024-02-21 20:41:00,K,Querree,M,36,African American,K,True,,24,False,K,February,Wednesday,Adult
700-85-1404,2023-07-25 08:34:00,L,Klimontovich,M,11,African American,L,True,,58,False,L,July,Tuesday,Child
321-29-1165,2024-03-24 05:19:00,O,Wyld,M,61,African American,O,True,,14,False,O,March,Sunday,Senior
340-31-4912,2023-09-07 17:25:00,O,Renshaw,M,19,African American,O,True,,42,False,O,September,Thursday,Adult
684-15-6213,2023-11-15 20:17:00,O,Tilzey,M,75,African American,O,True,,50,False,O,November,Wednesday,Senior
229-42-0816,2023-10-29 16:28:00,R,Rowston,M,44,African American,R,True,,50,False,R,October,Sunday,Adult
782-82-3086,2024-02-26 18:21:00,T,Sabbins,M,43,African American,T,True,,27,False,T,February,Monday,Adult
246-51-3655,2023-12-28 07:05:00,Z,Lardez,M,19,African American,Z,True,,28,False,Z,December,Thursday,Adult
377-39-3538,2023-08-18 16:24:00,Y,Mechan,M,27,African American,Y,True,9.0,26,False,Y,August,Friday,Adult
825-77-9437,2024-05-31 17:33:00,B,Halsey,M,15,African American,B,True,,25,False,B,May,Friday,Teen
269-47-7139,2023-06-19 00:53:00,C,Treadway,M,44,African American,C,True,,17,False,C,June,Monday,Adult
207-76-8815,2024-09-03 04:06:00,G,Tingey,M,19,African American,G,True,,32,False,G,September,Tuesday,Adult
193-37-7138,2024-08-06 14:13:00,J,Simons,M,75,African American,J,True,,60,False,J,August,Tuesday,Senior
763-06-8777,2023-07-06 02:12:00,K,Bent,M,76,African American,K,True,,25,False,K,July,Thursday,Senior
628-60-2471,2023-12-15 11:39:00,S,Nardi,M,13,African American,S,True,,41,False,S,December,Friday,Teen
752-34-4471,2023-11-27 00:18:00,S,Baltzar,M,56,African American,S,True,,49,False,S,November,Monday,Adult
148-18-7869,2023-09-28 21:24:00,A,Juliff,M,17,African American,A,True,5.0,22,False,A,September,Thursday,Teen
899-68-1954,2024-01-24 10:44:00,H,Gerler,M,33,African American,H,True,5.0,36,False,H,January,Wednesday,Adult
585-23-3839,2024-02-22 16:34:00,S,Salway,M,59,African American,S,True,10.0,46,False,S,February,Thursday,Adult
317-63-8141,2024-09-07 06:23:00,A,Maudling,M,60,African American,A,True,,10,False,A,September,Saturday,Adult
730-92-9749,2024-02-25 01:07:00,A,Hearty,M,18,African American,A,True,,13,False,A,February,Sunday,Teen
153-86-7429,2024-04-29 02:44:00,A,Rozalski,M,38,African American,A,True,,32,False,A,April,Monday,Adult
209-13-8764,2024-01-20 13:10:00,A,Glaister,M,45,African American,A,True,,36,False,A,January,Saturday,Adult
246-42-6834,2024-05-08 01:59:00,B,Birtle,M,43,African American,B,True,,15,False,B,May,Wednesday,Adult
848-11-5125,2024-02-07 08:01:00,B,Ayliffe,M,32,African American,B,True,,25,False,B,February,Wednesday,Adult
314-97-4194,2024-07-20 20:11:00,C,Petett,M,47,African American,C,True,,23,False,C,July,Saturday,Adult
722-55-2589,2024-08-06 03:17:00,C,De Mico,M,67,African American,C,True,,58,False,C,August,Tuesday,Senior
845-06-3779,2024-04-20 12:50:00,D,Meddick,M,50,African American,D,True,,36,False,D,April,Saturday,Adult
205-08-0013,2023-10-08 20:07:00,D,Korn,M,30,African American,D,True,,45,False,D,October,Sunday,Adult
401-75-7006,2024-04-01 15:36:00,D,Kinahan,M,55,African American,D,True,,46,False,D,April,Monday,Adult
859-31-3788,2024-04-24 05:53:00,E,Prott,M,23,African American,E,True,,15,False,E,April,Wednesday,Adult
725-05-3696,2023-03-12 20:54:00,E,Bonsul,M,36,African American,E,True,,21,False,E,March,Sunday,Adult
814-08-7027,2024-10-04 17:45:00,F,Skelbeck,M,65,African American,F,True,,17,False,F,October,Friday,Senior
858-02-6228,2023-05-29 09:59:00,F,Tomik,M,22,African American,F,True,,22,True,F,May,Monday,Adult
546-86-5704,2023-05-19 17:34:00,F,Minshull,M,51,African American,F,True,,22,True,F,May,Friday,Adult
744-36-1390,2024-03-23 07:44:00,F,Lambarton,M,26,African American,F,True,,28,False,F,March,Saturday,Adult
278-41-5607,2024-08-07 02:21:00,F,Genery,M,72,African American,F,True,,47,False,F,August,Wednesday,Senior
474-79-8359,2023-11-27 07:01:00,G,Woodcroft,M,4,African American,G,True,,32,False,G,November,Monday,Child
368-60-2216,2024-03-24 15:23:00,G,Rogerot,M,47,African American,G,True,,36,False,G,March,Sunday,Adult
624-35-0744,2024-10-02 11:21:00,G,Routham,M,76,African American,G,True,,38,False,G,October,Wednesday,Senior
737-85-6782,2024-05-21 13:28:00,G,McNirlin,M,32,African American,G,True,,41,False,G,May,Tuesday,Adult
608-62-4792,2023-12-05 23:17:00,G,David,M,67,African American,G,True,,49,True,G,December,Tuesday,Senior
614-40-8020,2024-01-18 16:14:00,H,Woodcock,M,71,African American,H,True,,20,False,H,January,Thursday,Senior
514-65-3918,2024-07-18 13:57:00,H,Chestney,M,18,African American,H,True,,22,False,H,July,Thursday,Teen
853-11-6791,2024-02-24 08:42:00,H,Robshaw,M,74,African American,H,True,,41,False,H,February,Saturday,Senior
810-25-2434,2024-08-13 05:32:00,I,Lippatt,M,78,African American,I,True,,10,False,I,August,Tuesday,Senior
207-92-4947,2024-05-10 00:34:00,I,Dinnage,M,23,African American,I,True,,11,False,I,May,Friday,Adult
596-81-0629,2024-04-27 18:19:00,I,Wycliff,M,48,African American,I,True,,20,False,I,April,Saturday,Adult
709-75-8904,2023-07-27 03:54:00,I,Machans,M,11,African American,I,True,,23,False,I,July,Thursday,Child
270-86-7036,2024-02-16 22:54:00,I,Francesco,M,63,African American,I,True,,47,False,I,February,Friday,Senior
657-17-7377,2024-01-02 07:01:00,J,Howroyd,M,26,African American,J,True,,12,False,J,January,Tuesday,Adult
652-77-9755,2023-11-08 01:20:00,J,Chamberlin,M,44,African American,J,True,,16,False,J,November,Wednesday,Adult
343-46-6292,2023-08-19 14:37:00,K,Clarke,M,25,African American,K,True,,38,False,K,August,Saturday,Adult
404-43-9499,2024-09-09 20:33:00,K,Blaydes,M,79,African American,K,True,,38,False,K,September,Monday,Senior
196-16-6364,2024-04-15 12:16:00,K,Gartland,M,74,African American,K,True,,39,False,K,April,Monday,Senior
543-38-8768,2024-08-13 07:05:00,K,Dumbell,M,40,African American,K,True,,40,False,K,August,Tuesday,Adult
749-06-8527,2023-11-09 13:50:00,L,Semens,M,41,African American,L,True,,60,False,L,November,Thursday,Adult
806-98-9898,2024-09-18 21:27:00,M,Zellick,M,53,African American,M,True,,18,False,M,September,Wednesday,Adult
149-82-2432,2024-08-09 09:20:00,M,Blunderfield,M,45,African American,M,True,,43,False,M,August,Friday,Adult
133-23-1511,2023-11-05 11:28:00,M,Crux,M,25,African American,M,True,,49,True,M,November,Sunday,Adult
618-23-9015,2023-09-30 17:13:00,N,Killick,M,23,African American,N,True,,26,False,N,September,Saturday,Adult
793-16-8190,2024-09-15 01:29:00,N,Gamblin,M,7,African American,N,True,,28,False,N,September,Sunday,Child
838-39-0089,2023-01-08 11:59:00,O,Doche,M,39,African American,O,True,,27,False,O,January,Sunday,Adult
495-89-0285,2023-07-26 16:02:00,P,Millwater,M,30,African American,P,True,,43,False,P,July,Wednesday,Adult
160-06-0536,2023-09-26 12:20:00,P,Chrismas,M,11,African American,P,True,,47,False,P,September,Tuesday,Child
526-02-3053,2024-01-27 10:48:00,P,Peach,M,34,African American,P,True,,51,False,P,January,Saturday,Adult
748-34-2359,2024-06-27 02:50:00,P,Giacomasso,M,73,African American,P,True,,51,False,P,June,Thursday,Senior
360-87-9898,2023-01-06 13:24:00,Q,Rycraft,M,67,African American,Q,True,,17,False,Q,January,Friday,Senior
177-90-6739,2023-12-25 01:15:00,Q,Twiggins,M,34,African American,Q,True,,18,False,Q,December,Monday,Adult
544-04-8135,2023-07-21 13:01:00,Q,Segrave,M,40,African American,Q,True,,25,False,Q,July,Friday,Adult
159-69-6815,2023-12-17 08:17:00,Q,Klich,M,34,African American,Q,True,,32,False,Q,December,Sunday,Adult
655-02-7368,2023-12-21 22:55:00,Q,Church,M,79,African American,Q,True,,32,False,Q,December,Thursday,Senior
639-06-0100,2024-01-27 12:20:00,Q,Brachell,M,26,African American,Q,True,,47,False,Q,January,Saturday,Adult
603-11-3680,2024-07-09 21:47:00,Q,Wallen,M,30,African American,Q,True,,50,False,Q,July,Tuesday,Adult
673-14-9836,2024-02-15 21:03:00,R,Hause,M,11,African American,R,True,,22,False,R,February,Thursday,Child
760-50-9495,2024-03-22 10:20:00,R,Grubey,M,6,African American,R,True,,44,False,R,March,Friday,Child
453-75-8232,2024-12-08 04:22:00,R,Ransbury,M,72,African American,R,True,,54,False,R,December,Sunday,Senior
591-38-7538,2024-04-08 11:58:00,S,Alejo,M,51,African American,S,True,,59,False,S,April,Monday,Adult
215-85-8962,2024-08-17 03:09:00,T,Cromly,M,42,African American,T,True,,25,False,T,August,Saturday,Adult
358-26-5831,2024-10-26 23:20:00,U,Edens,M,78,African American,U,True,,56,False,U,October,Saturday,Senior
693-67-1165,2024-02-25 09:53:00,U,Bredes,M,71,African American,U,True,,58,False,U,February,Sunday,Senior
794-01-9516,2023-10-22 00:29:00,V,Duckhouse,M,71,African American,V,True,,22,False,V,October,Sunday,Senior
295-28-1056,2023-06-21 12:30:00,V,Denyakin,M,36,African American,V,True,,30,False,V,June,Wednesday,Adult
195-87-9475,2023-07-19 07:40:00,V,Lofty,M,19,African American,V,True,,33,False,V,July,Wednesday,Adult
222-73-0701,2023-06-14 07:18:00,V,Siss,M,29,African American,V,True,,59,False,V,June,Wednesday,Adult
179-52-4667,2024-12-07 08:09:00,W,O'Henecan,M,71,African American,W,True,,25,False,W,December,Saturday,Senior
498-46-0026,2024-06-25 03:41:00,X,Tallant,M,3,African American,X,True,,41,False,X,June,Tuesday,Child
859-55-1950,2023-06-06 18:27:00,Y,Allon,M,29,African American,Y,True,,34,False,Y,June,Tuesday,Adult
588-44-5318,2024-11-02 05:29:00,Y,Challenor,M,59,African American,Y,True,,40,False,Y,November,Saturday,Adult
111-27-8693,2024-07-10 18:29:00,Y,Muncey,M,22,African American,Y,True,,56,False,Y,July,Wednesday,Adult
457-95-6519,2024-05-19 01:09:00,Z,Betancourt,M,35,African American,Z,True,,20,False,Z,May,Sunday,Adult
258-91-3638,2024-06-25 12:47:00,Z,Reeves,M,38,African American,Z,True,,20,False,Z,June,Tuesday,Adult
857-31-2180,2023-07-11 13:13:00,Z,Attwool,M,34,African American,Z,True,,50,False,Z,July,Tuesday,Adult
591-05-6298,2023-06-24 04:00:00,Y,Fraschetti,M,15,African American,Y,True,0.0,49,False,Y,June,Saturday,Teen
899-68-9474,2023-09-27 14:27:00,D,Hucklesby,M,70,African American,D,True,1.0,14,False,D,September,Wednesday,Senior
787-26-4744,2024-11-04 01:53:00,S,Childe,M,56,African American,S,True,1.0,58,False,S,November,Monday,Adult
359-56-0973,2024-03-06 13:09:00,T,Hehnke,M,48,African American,T,True,1.0,32,False,T,March,Wednesday,Adult
542-32-4791,2023-11-27 17:04:00,V,Abramow,M,20,African American,V,True,1.0,25,False,V,November,Monday,Adult
307-42-0988,2024-01-08 04:10:00,V,Terrell,M,77,African American,V,True,1.0,59,False,V,January,Monday,Senior
189-85-8766,2024-02-05 20:01:00,Q,Jurgen,M,73,African American,Q,True,3.0,36,False,Q,February,Monday,Senior
162-33-3355,2023-05-19 22:26:00,R,Nixon,M,12,African American,R,True,3.0,36,True,R,May,Friday,Child
863-59-4383,2024-09-21 23:52:00,H,Noirel,M,2,African American,H,True,4.0,60,False,H,September,Saturday,Child
238-37-6207,2024-04-18 20:23:00,Q,Caselick,M,77,African American,Q,True,4.0,54,False,Q,April,Thursday,Senior
705-28-9468,2023-12-26 12:03:00,B,Dimic,M,64,African American,B,True,5.0,15,False,B,December,Tuesday,Senior
536-22-5483,2024-01-22 08:23:00,B,Ableson,M,54,African American,B,True,5.0,36,False,B,January,Monday,Adult
410-50-5126,2024-09-02 14:21:00,E,Rove,M,65,African American,E,True,5.0,25,False,E,September,Monday,Senior
200-16-4772,2024-04-17 06:29:00,I,Docket,M,78,African American,I,True,5.0,52,False,I,April,Wednesday,Senior
140-55-0292,2024-04-14 03:04:00,L,Reaper,M,30,African American,L,True,5.0,27,False,L,April,Sunday,Adult
210-86-6844,2024-07-28 20:15:00,L,Guidera,M,38,African American,L,True,5.0,58,False,L,July,Sunday,Adult
510-10-3956,2024-02-06 18:04:00,T,Thomann,M,35,African American,T,True,5.0,57,False,T,February,Tuesday,Adult
351-73-4682,2023-11-14 12:41:00,E,Ghilardi,M,10,African American,E,True,6.0,18,False,E,November,Tuesday,Child
304-49-6840,2024-04-06 21:07:00,J,O' Ronan,M,20,African American,J,True,6.0,21,False,J,April,Saturday,Adult
763-18-6760,2024-06-22 10:09:00,K,Leatt,M,43,African American,K,True,6.0,12,False,K,June,Saturday,Adult
426-51-7600,2024-07-30 10:05:00,X,Borwick,M,37,African American,X,True,6.0,22,False,X,July,Tuesday,Adult
140-96-0148,2023-09-16 09:22:00,B,Solomon,M,9,African American,B,True,8.0,42,False,B,September,Saturday,Child
508-68-9988,2024-03-19 10:20:00,A,Treffry,M,8,African American,A,True,9.0,36,False,A,March,Tuesday,Child
299-74-5940,2023-10-21 04:20:00,G,Bern,M,46,African American,G,True,9.0,17,False,G,October,Saturday,Adult
712-85-4431,2023-08-21 04:47:00,P,Trewman,M,35,African American,P,True,9.0,35,False,P,August,Monday,Adult
204-16-6516,2024-02-28 01:02:00,Q,Austing,M,37,African American,Q,True,10.0,15,False,Q,February,Wednesday,Adult
488-56-9052,2024-02-17 23:38:00,B,Lowensohn,M,41,African American,B,True,,23,False,B,February,Saturday,Adult
649-23-2850,2024-05-15 09:57:00,B,Alvarado,M,32,African American,B,True,,44,False,B,May,Wednesday,Adult
591-35-0584,2024-10-21 20:48:00,C,Valerio,M,22,African American,C,True,,42,False,C,October,Monday,Adult
783-04-7667,2024-07-16 10:44:00,D,Fretson,M,70,African American,D,True,,10,False,D,July,Tuesday,Senior
266-27-4585,2024-02-28 21:14:00,J,Voss,M,8,African American,J,True,,31,False,J,February,Wednesday,Child
612-19-4053,2023-12-27 23:15:00,O,Dudbridge,M,47,African American,O,True,,50,False,O,December,Wednesday,Adult
362-31-6050,2023-08-04 03:47:00,U,Goble,M,69,African American,U,True,,24,False,U,August,Friday,Senior
275-15-5173,2023-11-15 22:32:00,Q,Sharpus,M,45,African American,Q,True,0.0,17,False,Q,November,Wednesday,Adult
282-16-4480,2023-06-16 11:35:00,F,Vaughan-Hughes,M,22,African American,F,True,1.0,53,False,F,June,Friday,Adult
886-77-9729,2024-07-15 08:29:00,A,Halliday,M,54,African American,A,True,,17,False,A,July,Monday,Adult
413-63-3325,2024-08-23 03:19:00,A,Basili,M,32,African American,A,True,,37,False,A,August,Friday,Adult
286-68-0132,2024-04-10 22:25:00,A,Scherer,M,51,African American,A,True,,41,False,A,April,Wednesday,Adult
272-23-6884,2023-04-21 17:23:00,A,Mickan,M,36,African American,A,True,,43,False,A,April,Friday,Adult
856-58-6182,2024-08-07 23:27:00,A,Melpuss,M,63,African American,A,True,,44,False,A,August,Wednesday,Senior
255-46-9033,2024-03-25 04:42:00,A,Penrose,M,7,African American,A,True,,48,False,A,March,Monday,Child
824-34-1887,2023-09-09 23:21:00,A,Coushe,M,42,African American,A,True,,54,False,A,September,Saturday,Adult
815-91-7351,2023-10-24 01:43:00,A,Mahaddy,M,34,African American,A,True,,56,False,A,October,Tuesday,Adult
414-38-4030,2023-12-31 15:20:00,A,Connue,M,41,African American,A,True,,60,False,A,December,Sunday,Adult
163-37-9298,2024-10-05 04:34:00,B,Philippet,M,21,African American,B,True,,22,False,B,October,Saturday,Adult
537-10-1540,2024-09-16 23:58:00,B,Illesley,M,43,African American,B,True,,24,False,B,September,Monday,Adult
676-08-5880,2023-12-26 15:44:00,B,Beran,M,50,African American,B,True,,29,False,B,December,Tuesday,Adult
327-11-9513,2024-04-28 17:08:00,B,Pieracci,M,71,African American,B,True,,30,False,B,April,Sunday,Senior
668-01-8193,2024-10-29 04:55:00,B,Josselsohn,M,21,African American,B,True,,46,False,B,October,Tuesday,Adult
400-30-8680,2023-09-14 17:19:00,B,Mayoral,M,39,African American,B,True,,52,False,B,September,Thursday,Adult
577-92-8928,2024-07-26 11:19:00,B,Lamers,M,59,African American,B,True,,52,False,B,July,Friday,Adult
735-60-3323,2024-12-10 23:09:00,B,Tuffell,M,8,African American,B,True,,56,False,B,December,Tuesday,Child
276-67-3192,2024-06-08 13:21:00,B,Tilsley,M,61,African American,B,True,,56,False,B,June,Saturday,Senior
723-85-9208,2024-05-03 11:30:00,C,Doornbos,M,11,African American,C,True,,14,False,C,May,Friday,Child
691-32-3373,2024-06-29 19:17:00,C,Marzello,M,19,African American,C,True,,14,False,C,June,Saturday,Adult
566-91-4222,2024-09-20 22:46:00,C,Thorne,M,76,African American,C,True,,20,False,C,September,Friday,Senior
410-34-5251,2024-10-18 14:24:00,C,Bootyman,M,24,African American,C,True,,21,False,C,October,Friday,Adult
544-31-7500,2024-10-14 09:24:00,C,Dockreay,M,14,African American,C,True,,28,False,C,October,Monday,Teen
179-82-2740,2023-08-14 21:18:00,C,Mollin,M,44,African American,C,True,,29,False,C,August,Monday,Adult
768-83-3336,2024-04-08 03:23:00,C,Milley,M,12,African American,C,True,,37,False,C,April,Monday,Child
791-22-1079,2024-09-29 23:13:00,C,Riddoch,M,52,African American,C,True,,49,False,C,September,Sunday,Adult
639-02-2166,2024-01-23 23:35:00,C,Wyburn,M,12,African American,C,True,,57,False,C,January,Tuesday,Child
792-34-9406,2024-03-04 04:00:00,D,Eberts,M,48,African American,D,True,,10,False,D,March,Monday,Adult
735-20-6750,2023-04-14 00:25:00,D,Sheehan,M,62,African American,D,True,,10,False,D,April,Friday,Senior
441-46-3541,2023-05-18 13:27:00,D,Beyn,M,2,African American,D,True,,11,True,D,May,Thursday,Child
359-29-3726,2023-09-19 09:40:00,D,MacCaig,M,62,African American,D,True,,15,False,D,September,Tuesday,Senior
473-32-0894,2024-09-28 05:51:00,D,Hazeltine,M,23,African American,D,True,,56,False,D,September,Saturday,Adult
220-21-6446,2024-08-08 00:39:00,E,Yewdell,M,1,African American,E,True,,25,False,E,August,Thursday,Child
236-18-8893,2024-10-07 11:43:00,E,Brimman,M,65,African American,E,True,,28,False,E,October,Monday,Senior
648-43-2810,2023-02-07 05:04:00,E,Pagan,M,25,African American,E,True,,30,False,E,February,Tuesday,Adult
369-17-0446,2024-05-23 07:58:00,E,Zimmermeister,M,29,African American,E,True,,31,False,E,May,Thursday,Adult
778-87-4111,2024-04-02 20:00:00,E,Brede,M,14,African American,E,True,,34,False,E,April,Tuesday,Teen
812-09-5507,2024-07-16 11:09:00,E,Ferrini,M,46,African American,E,True,,35,False,E,July,Tuesday,Adult
163-65-7783,2023-05-19 05:01:00,E,Cordelette,M,57,African American,E,True,,35,True,E,May,Friday,Adult
861-21-2134,2023-08-28 04:39:00,E,Waterson,M,11,African American,E,True,,38,False,E,August,Monday,Child
609-16-8648,2024-02-18 22:57:00,E,Kornilov,M,70,African American,E,True,,57,False,E,February,Sunday,Senior
406-59-1240,2024-03-17 21:11:00,E,Antoniou,M,23,African American,E,True,,59,False,E,March,Sunday,Adult
750-20-0343,2023-10-08 05:07:00,F,Smullen,M,36,African American,F,True,,14,False,F,October,Sunday,Adult
229-50-4595,2023-03-09 01:29:00,F,Neubigging,M,19,African American,F,True,,19,False,F,March,Thursday,Adult
348-55-5182,2023-08-13 13:32:00,F,Waker,M,56,African American,F,True,,27,False,F,August,Sunday,Adult
362-44-1114,2023-11-25 08:47:00,F,McClarence,M,8,African American,F,True,,30,False,F,November,Saturday,Child
556-53-6036,2024-10-20 20:40:00,F,Colleck,M,59,African American,F,True,,35,False,F,October,Sunday,Adult
548-91-1120,2023-07-20 13:13:00,F,Francescoccio,M,68,African American,F,True,,36,False,F,July,Thursday,Senior
186-95-9617,2023-10-10 12:21:00,F,Hissie,M,9,African American,F,True,,40,False,F,October,Tuesday,Child
183-19-1971,2024-03-10 06:40:00,F,Rowswell,M,43,African American,F,True,,41,False,F,March,Sunday,Adult
590-11-7748,2023-02-06 00:33:00,F,Mathwen,M,71,African American,F,True,,44,False,F,February,Monday,Senior
564-07-6410,2024-04-30 12:12:00,G,Sanders,M,12,African American,G,True,,11,False,G,April,Tuesday,Child
696-01-6860,2024-03-16 22:19:00,G,Pues,M,35,African American,G,True,,19,False,G,March,Saturday,Adult
216-59-3629,2023-04-20 17:52:00,G,Millom,M,65,African American,G,True,,30,False,G,April,Thursday,Senior
435-71-5591,2024-04-09 05:52:00,G,Strowthers,M,17,African American,G,True,,46,False,G,April,Tuesday,Teen
856-18-1103,2024-04-22 10:23:00,G,Simakov,M,19,African American,G,True,,54,False,G,April,Monday,Adult
746-61-3845,2024-09-05 07:25:00,G,Menhenitt,M,70,African American,G,True,,55,False,G,September,Thursday,Senior
475-98-9744,2024-02-15 03:06:00,H,Melwall,M,66,African American,H,True,,18,False,H,February,Thursday,Senior
729-48-0999,2023-11-14 00:14:00,H,Tompkinson,M,32,African American,H,True,,23,False,H,November,Tuesday,Adult
143-59-4736,2023-12-30 15:44:00,H,Philpotts,M,17,African American,H,True,,27,False,H,December,Saturday,Teen
880-76-5052,2023-05-08 22:32:00,H,Gaffon,M,41,African American,H,True,,28,False,H,May,Monday,Adult
649-56-1131,2023-09-09 18:46:00,H,Northeast,M,7,African American,H,True,,29,False,H,September,Saturday,Child
744-40-2958,2024-01-30 01:54:00,H,Dillow,M,27,African American,H,True,,41,False,H,January,Tuesday,Adult
424-23-3662,2023-04-10 21:34:00,H,Elix,M,62,African American,H,True,,43,False,H,April,Monday,Senior
402-25-4023,2023-06-13 05:10:00,H,Aspinall,M,5,African American,H,True,,44,False,H,June,Tuesday,Child
808-38-8970,2024-09-18 11:29:00,H,Myall,M,69,African American,H,True,,49,False,H,September,Wednesday,Senior
718-27-6609,2023-03-10 14:12:00,H,Giotto,M,58,African American,H,True,,56,False,H,March,Friday,Adult
259-13-6629,2023-06-21 09:39:00,H,Challis,M,54,African American,H,True,,57,False,H,June,Wednesday,Adult
869-39-7477,2024-07-18 09:37:00,I,Zecchini,M,45,African American,I,True,,19,False,I,July,Thursday,Adult
379-34-6995,2024-10-03 16:53:00,I,Sothern,M,26,African American,I,True,,26,False,I,October,Thursday,Adult
648-51-2873,2023-07-19 04:24:00,I,Grimsditch,M,56,African American,I,True,,29,False,I,July,Wednesday,Adult
535-41-2592,2024-02-21 13:48:00,I,Penhale,M,25,African American,I,True,,36,False,I,February,Wednesday,Adult
709-21-1735,2024-07-24 22:06:00,I,Thaxton,M,19,African American,I,True,,48,False,I,July,Wednesday,Adult
558-58-8052,2024-08-20 20:31:00,I,MacAleese,M,35,African American,I,True,,48,False,I,August,Tuesday,Adult
226-88-2331,2024-12-10 22:33:00,I,Arlt,M,43,African American,I,True,,48,False,I,December,Tuesday,Adult
804-28-9814,2024-04-16 21:16:00,I,Reace,M,33,African American,I,True,,53,False,I,April,Tuesday,Adult
454-05-8913,2024-10-15 23:56:00,I,Carcass,M,42,African American,I,True,,60,False,I,October,Tuesday,Adult
560-75-3252,2024-02-15 13:54:00,J,Rathbourne,M,35,African American,J,True,,55,False,J,February,Thursday,Adult
175-33-9092,2023-04-30 08:32:00,K,Darnborough,M,30,African American,K,True,,14,False,K,April,Sunday,Adult
874-33-1108,2024-02-25 10:21:00,K,Poxson,M,53,African American,K,True,,16,False,K,February,Sunday,Adult
881-51-4957,2023-09-15 06:43:00,K,Denniss,M,27,African American,K,True,,17,False,K,September,Friday,Adult
790-42-7993,2024-03-22 00:43:00,K,McDoual,M,29,African American,K,True,,25,False,K,March,Friday,Adult
867-09-8334,2023-04-27 12:40:00,K,Walework,M,73,African American,K,True,,25,False,K,April,Thursday,Senior
430-41-7125,2024-05-19 19:05:00,K,Grimston,M,67,African American,K,True,,37,False,K,May,Sunday,Senior
469-48-7160,2024-07-31 11:07:00,K,Nicklinson,M,78,African American,K,True,,38,False,K,July,Wednesday,Senior
568-90-8670,2023-05-26 09:14:00,K,Nosworthy,M,11,African American,K,True,,41,True,K,May,Friday,Child
363-63-8730,2024-06-15 15:32:00,K,Gillbey,M,69,African American,K,True,,47,False,K,June,Saturday,Senior
747-47-8842,2024-06-20 22:00:00,K,Rove,M,2,African American,K,True,,50,False,K,June,Thursday,Child
785-35-7295,2024-08-01 14:46:00,K,McKeon,M,38,African American,K,True,,56,False,K,August,Thursday,Adult
632-46-3978,2024-07-23 11:04:00,K,Fitt,M,69,African American,K,True,,56,False,K,July,Tuesday,Senior
386-44-5784,2023-07-08 04:57:00,K,Martinat,M,47,African American,K,True,,58,False,K,July,Saturday,Adult
803-46-4719,2023-08-31 06:49:00,L,Beden,M,40,African American,L,True,,12,False,L,August,Thursday,Adult
129-63-5548,2024-05-23 22:49:00,L,Goldin,M,39,African American,L,True,,22,False,L,May,Thursday,Adult
564-20-5727,2024-09-07 04:09:00,L,Rodolico,M,9,African American,L,True,,34,False,L,September,Saturday,Child
743-66-1685,2023-12-08 01:34:00,L,Giron,M,11,African American,L,True,,40,False,L,December,Friday,Child
442-39-1463,2024-03-14 00:22:00,L,Blazic,M,48,African American,L,True,,45,False,L,March,Thursday,Adult
729-20-7063,2024-04-21 23:06:00,L,Dunderdale,M,64,African American,L,True,,45,False,L,April,Sunday,Senior
237-42-9499,2024-01-01 00:10:00,M,Broadbury,M,70,African American,M,True,,21,False,M,January,Monday,Senior
143-86-3656,2024-10-06 13:40:00,M,Grafham,M,26,African American,M,True,,25,False,M,October,Sunday,Adult
718-73-6480,2023-11-28 23:18:00,M,Nunnery,M,58,African American,M,True,,25,False,M,November,Tuesday,Adult
688-94-0633,2024-11-10 06:46:00,M,Buttress,M,65,African American,M,True,,29,False,M,November,Sunday,Senior
127-31-5492,2023-07-22 16:58:00,M,Brisley,M,66,African American,M,True,,32,False,M,July,Saturday,Senior
848-38-2535,2024-10-18 16:14:00,M,Riddington,M,33,African American,M,True,,47,False,M,October,Friday,Adult
372-95-8455,2024-02-13 12:30:00,M,Kirsop,M,70,African American,M,True,,52,False,M,February,Tuesday,Senior
569-21-9609,2024-04-15 20:35:00,M,Eger,M,16,African American,M,True,,56,False,M,April,Monday,Teen
822-31-6889,2024-08-31 14:33:00,N,How to preserve,M,5,African American,N,True,,17,False,N,August,Saturday,Child
123-50-4549,2024-05-23 03:46:00,N,Richel,M,44,African American,N,True,,25,False,N,May,Thursday,Adult
283-38-5208,2024-11-01 06:19:00,N,Pleass,M,58,African American,N,True,,26,False,N,November,Friday,Adult
159-44-0122,2024-03-18 18:15:00,N,Lamperti,M,60,African American,N,True,,34,False,N,March,Monday,Adult
428-79-0023,2024-03-03 22:39:00,N,Cabrara,M,39,African American,N,True,,36,False,N,March,Sunday,Adult
509-77-5147,2024-06-16 19:05:00,N,Longmire,M,18,African American,N,True,,43,False,N,June,Sunday,Teen
270-02-8150,2023-07-12 20:13:00,N,Hawket,M,72,African American,N,True,,48,False,N,July,Wednesday,Senior
221-36-4287,2023-09-15 14:08:00,N,Egar,M,58,African American,N,True,,53,False,N,September,Friday,Adult
322-87-0204,2023-01-07 12:38:00,N,Androletti,M,40,African American,N,True,,57,False,N,January,Saturday,Adult
279-22-7228,2023-09-19 16:10:00,O,Suttell,M,18,African American,O,True,,19,False,O,September,Tuesday,Teen
475-01-9497,2024-01-27 09:19:00,O,Tilson,M,7,African American,O,True,,45,False,O,January,Saturday,Child
107-69-8839,2023-12-26 22:20:00,O,Plane,M,32,African American,O,True,,51,False,O,December,Tuesday,Adult
571-07-3802,2023-04-06 09:34:00,P,Chilver,M,27,African American,P,True,,11,False,P,April,Thursday,Adult
677-73-9012,2024-12-02 00:44:00,P,Jendrassik,M,38,African American,P,True,,21,False,P,December,Monday,Adult
574-89-9696,2024-07-13 08:13:00,P,Michiel,M,2,African American,P,True,,39,False,P,July,Saturday,Child
465-82-9189,2023-01-12 11:01:00,P,Rosenfield,M,56,African American,P,True,,43,False,P,January,Thursday,Adult
224-58-4970,2023-12-04 19:18:00,P,Elverstone,M,70,African American,P,True,,47,False,P,December,Monday,Senior
781-69-2315,2023-09-05 13:06:00,P,Girodin,M,19,African American,P,True,,48,True,P,September,Tuesday,Adult
311-11-5300,2023-04-22 12:04:00,Q,Conant,M,58,African American,Q,True,,10,False,Q,April,Saturday,Adult
382-17-9399,2024-06-08 02:19:00,Q,Snawdon,M,1,African American,Q,True,,11,False,Q,June,Saturday,Child
151-15-1930,2023-07-09 14:14:00,Q,Wollers,M,56,African American,Q,True,,11,False,Q,July,Sunday,Adult
447-93-4805,2024-01-10 07:58:00,Q,Rubinovici,M,14,African American,Q,True,,14,False,Q,January,Wednesday,Teen
219-49-2542,2023-10-13 19:07:00,Q,Johann,M,2,African American,Q,True,,22,False,Q,October,Friday,Child
795-89-9000,2024-09-08 07:51:00,Q,Foottit,M,51,African American,Q,True,,22,False,Q,September,Sunday,Adult
765-36-0361,2024-12-04 23:36:00,Q,Keave,M,38,African American,Q,True,,24,False,Q,December,Wednesday,Adult
651-30-0618,2023-01-10 01:12:00,Q,Craigg,M,73,African American,Q,True,,34,False,Q,January,Tuesday,Senior
121-36-1815,2024-07-02 01:27:00,Q,Antoons,M,76,African American,Q,True,,40,False,Q,July,Tuesday,Senior
301-95-4341,2024-10-16 12:51:00,R,Grandisson,M,65,African American,R,True,,10,False,R,October,Wednesday,Senior
887-04-0837,2023-09-10 09:02:00,R,Swindley,M,18,African American,R,True,,16,False,R,September,Sunday,Teen
441-68-9259,2023-08-04 03:24:00,R,Djurkovic,M,5,African American,R,True,,22,False,R,August,Friday,Child
283-40-6955,2023-11-25 04:11:00,R,Cronk,M,51,African American,R,True,,30,False,R,November,Saturday,Adult
141-03-4367,2023-05-06 13:35:00,R,Brewster,M,9,African American,R,True,,49,False,R,May,Saturday,Child
586-95-5446,2024-04-05 06:41:00,R,Jelf,M,28,African American,R,True,,50,False,R,April,Friday,Adult
742-87-9147,2023-08-18 13:37:00,R,Mussett,M,13,African American,R,True,,53,False,R,August,Friday,Teen
155-16-2327,2023-01-11 21:08:00,R,Hannam,M,36,African American,R,True,,55,False,R,January,Wednesday,Adult
860-62-9749,2023-06-11 15:28:00,S,Stoter,M,3,African American,S,True,,24,False,S,June,Sunday,Child
662-63-9509,2024-05-07 15:10:00,S,Noirel,M,34,African American,S,True,,28,False,S,May,Tuesday,Adult
295-18-8464,2023-07-05 20:15:00,S,Stebbings,M,9,African American,S,True,,33,True,S,July,Wednesday,Child
741-16-1016,2024-05-03 11:34:00,S,Fendley,M,47,African American,S,True,,33,False,S,May,Friday,Adult
318-60-0594,2024-04-22 06:14:00,S,Poundsford,M,76,African American,S,True,,33,False,S,April,Monday,Senior
496-58-3057,2024-07-04 23:23:00,S,Titford,M,34,African American,S,True,,36,False,S,July,Thursday,Adult
314-75-9545,2024-04-06 04:48:00,S,Langthorne,M,72,African American,S,True,,44,False,S,April,Saturday,Senior
652-74-3737,2024-05-23 07:02:00,S,Gunter,M,38,African American,S,True,,45,False,S,May,Thursday,Adult
630-54-9732,2024-03-26 04:07:00,S,Barmby,M,31,African American,S,True,,55,False,S,March,Tuesday,Adult
642-51-0779,2023-05-05 04:10:00,S,Farthing,M,37,African American,S,True,,57,True,S,May,Friday,Adult
402-55-9647,2023-02-06 02:05:00,T,Salkeld,M,42,African American,T,True,,15,False,T,February,Monday,Adult
678-22-5531,2024-03-30 18:09:00,T,Threadgill,M,27,African American,T,True,,20,False,T,March,Saturday,Adult
646-42-4348,2024-09-08 08:08:00,T,Beaushaw,M,74,African American,T,True,,36,False,T,September,Sunday,Senior
738-78-8619,2023-04-11 14:54:00,T,Avann,M,76,African American,T,True,,51,False,T,April,Tuesday,Senior
591-72-3831,2023-09-05 20:01:00,U,Haggus,M,60,African American,U,True,,11,True,U,September,Tuesday,Adult
246-10-3522,2023-07-07 10:46:00,U,Pharaoh,M,78,African American,U,True,,15,False,U,July,Friday,Senior
627-43-7803,2024-10-24 01:29:00,U,Biasio,M,8,African American,U,True,,16,False,U,October,Thursday,Child
878-74-5520,2023-07-20 09:17:00,U,Draper,M,19,African American,U,True,,23,False,U,July,Thursday,Adult
192-66-9492,2024-10-19 14:33:00,U,Mingardo,M,40,African American,U,True,,29,False,U,October,Saturday,Adult
589-10-6890,2023-11-26 15:58:00,U,Sailes,M,30,African American,U,True,,30,False,U,November,Sunday,Adult
520-90-6075,2024-04-27 04:51:00,U,Cobbin,M,12,African American,U,True,,43,False,U,April,Saturday,Child
460-02-7369,2024-02-17 05:56:00,U,Lowrance,M,35,African American,U,True,,45,False,U,February,Saturday,Adult
883-95-1731,2024-05-24 02:59:00,U,Tern,M,32,African American,U,True,,47,False,U,May,Friday,Adult
350-48-7391,2024-09-04 01:45:00,U,Springford,M,27,African American,U,True,,58,False,U,September,Wednesday,Adult
778-97-0505,2023-10-20 00:16:00,V,Malamore,M,74,African American,V,True,,13,False,V,October,Friday,Senior
127-55-2720,2023-12-20 07:34:00,V,Woosnam,M,76,African American,V,True,,14,False,V,December,Wednesday,Senior
569-26-4982,2024-03-13 22:01:00,V,Collman,M,18,African American,V,True,,26,False,V,March,Wednesday,Teen
750-47-0673,2024-01-31 17:04:00,V,Blunkett,M,69,African American,V,True,,29,False,V,January,Wednesday,Senior
425-93-4522,2023-07-05 17:43:00,V,Parrot,M,29,African American,V,True,,30,True,V,July,Wednesday,Adult
706-08-0956,2024-05-17 06:28:00,V,Russam,M,30,African American,V,True,,33,False,V,May,Friday,Adult
505-26-7359,2024-10-25 03:03:00,V,Saile,M,28,African American,V,True,,34,False,V,October,Friday,Adult
131-78-6758,2024-07-06 14:51:00,V,Richt,M,39,African American,V,True,,36,False,V,July,Saturday,Adult
354-84-2920,2023-10-08 22:34:00,V,Lerwell,M,35,African American,V,True,,43,False,V,October,Sunday,Adult
477-12-7087,2023-08-18 00:13:00,V,Warden,M,17,African American,V,True,,45,False,V,August,Friday,Teen
841-99-0123,2024-04-07 04:11:00,V,Marzellano,M,17,African American,V,True,,46,False,V,April,Sunday,Teen
160-25-9103,2023-06-23 19:02:00,V,Bere,M,45,African American,V,True,,46,False,V,June,Friday,Adult
554-11-3057,2023-05-10 14:31:00,V,Robel,M,45,African American,V,True,,48,False,V,May,Wednesday,Adult
888-79-4244,2024-03-18 11:19:00,V,Stood,M,14,African American,V,True,,53,False,V,March,Monday,Teen
711-10-8773,2024-06-05 23:01:00,V,Botte,M,40,African American,V,True,,54,False,V,June,Wednesday,Adult
247-51-7300,2023-12-15 21:02:00,W,Cohrs,M,9,African American,W,True,,11,False,W,December,Friday,Child
509-75-2008,2024-07-27 04:45:00,W,Flaherty,M,47,African American,W,True,,20,False,W,July,Saturday,Adult
449-77-1658,2023-12-04 10:17:00,W,Broad,M,35,African American,W,True,,24,False,W,December,Monday,Adult
709-85-1189,2024-11-04 06:48:00,W,Sibery,M,11,African American,W,True,,29,False,W,November,Monday,Child
279-38-7669,2024-08-09 13:07:00,W,Charrier,M,65,African American,W,True,,44,False,W,August,Friday,Senior
641-18-2127,2023-07-31 10:53:00,W,Shinfield,M,71,African American,W,True,,44,False,W,July,Monday,Senior
224-72-7879,2023-11-22 19:28:00,W,Sainthill,M,39,African American,W,True,,55,False,W,November,Wednesday,Adult
879-87-0888,2024-04-01 05:40:00,W,Scroyton,M,73,African American,W,True,,60,False,W,April,Monday,Senior
451-99-2146,2024-06-18 04:45:00,X,Domoney,M,12,African American,X,True,,11,False,X,June,Tuesday,Child
838-74-6166,2023-01-06 00:54:00,X,Briance,M,39,African American,X,True,,12,False,X,January,Friday,Adult
661-42-7515,2024-03-29 01:55:00,X,Brayson,M,69,African American,X,True,,16,False,X,March,Friday,Senior
719-40-0257,2023-09-09 20:49:00,X,Stevenson,M,53,African American,X,True,,36,False,X,September,Saturday,Adult
563-64-1719,2023-12-04 07:37:00,Y,Winteringham,M,64,African American,Y,True,,23,False,Y,December,Monday,Senior
694-09-6517,2023-08-28 04:56:00,Y,Kelson,M,4,African American,Y,True,,25,False,Y,August,Monday,Child
251-49-2826,2023-12-09 10:39:00,Y,Corkell,M,14,African American,Y,True,,30,False,Y,December,Saturday,Teen
808-01-8111,2024-12-07 19:23:00,Y,Craine,M,14,African American,Y,True,,30,False,Y,December,Saturday,Teen
153-71-0593,2024-02-19 05:18:00,Y,Ellson,M,14,African American,Y,True,,34,False,Y,February,Monday,Teen
247-25-0172,2023-09-08 00:22:00,Y,Line,M,5,African American,Y,True,,36,False,Y,September,Friday,Child
897-41-8734,2024-09-10 14:16:00,Y,Nelthrop,M,22,African American,Y,True,,37,False,Y,September,Tuesday,Adult
655-60-4323,2023-07-29 20:15:00,Y,Weekley,M,25,African American,Y,True,,47,False,Y,July,Saturday,Adult
497-70-2885,2023-01-07 21:57:00,Y,Drain,M,31,African American,Y,True,,47,False,Y,January,Saturday,Adult
218-42-3462,2024-12-05 10:23:00,Y,Dumbleton,M,75,African American,Y,True,,58,False,Y,December,Thursday,Senior
896-97-4839,2024-02-18 14:27:00,Y,Scanlin,M,54,African American,Y,True,,59,False,Y,February,Sunday,Adult
440-92-8284,2024-06-23 20:37:00,Z,Blythe,M,36,African American,Z,True,,32,False,Z,June,Sunday,Adult
859-16-8010,2024-08-18 13:26:00,Z,Demeter,M,9,African American,Z,True,,34,False,Z,August,Sunday,Child
333-90-6329,2023-07-18 04:23:00,Z,Lambart,M,11,African American,Z,True,,38,False,Z,July,Tuesday,Child
345-14-4829,2024-12-09 00:50:00,Z,Petersen,M,41,African American,Z,True,,41,False,Z,December,Monday,Adult
884-44-0502,2023-09-05 02:43:00,Z,Kennelly,M,38,African American,Z,True,,44,True,Z,September,Tuesday,Adult
755-09-2612,2023-08-09 20:44:00,Z,Berks,M,39,African American,Z,True,,48,False,Z,August,Wednesday,Adult
343-83-6300,2024-07-15 12:59:00,Z,Hofton,M,22,African American,Z,True,,55,False,Z,July,Monday,Adult
844-47-4709,2023-08-22 02:57:00,Z,Megainey,M,52,African American,Z,True,,55,False,Z,August,Tuesday,Adult
891-29-4509,2024-02-28 07:57:00,Z,Lockley,M,54,African American,Z,True,,57,False,Z,February,Wednesday,Adult
229-66-1679,2024-10-28 17:06:00,Z,Habden,M,36,African American,Z,True,,59,False,Z,October,Monday,Adult
349-28-9540,2024-08-05 02:46:00,E,Tunstall,M,67,African American,E,True,0.0,43,False,E,August,Monday,Senior
403-55-3894,2023-12-09 15:05:00,G,Lowey,M,20,African American,G,True,0.0,27,False,G,December,Saturday,Adult
623-08-5116,2024-07-22 04:17:00,J,Jessen,M,78,African American,J,True,0.0,49,False,J,July,Monday,Senior
331-16-0196,2023-09-11 23:22:00,R,Philpin,M,35,African American,R,True,0.0,43,False,R,September,Monday,Adult
403-57-0555,2023-11-19 18:36:00,V,Nendick,M,79,African American,V,True,0.0,35,False,V,November,Sunday,Senior
801-86-2310,2023-12-10 19:35:00,H,Marmon,M,18,African American,H,True,1.0,18,False,H,December,Sunday,Teen
543-66-8030,2024-01-13 02:24:00,J,Harte,M,8,African American,J,True,1.0,57,False,J,January,Saturday,Child
760-17-2412,2023-06-28 11:11:00,V,Rawlins,M,60,African American,V,True,1.0,49,False,V,June,Wednesday,Adult
732-60-5902,2023-11-15 22:05:00,Y,Ackers,M,2,African American,Y,True,1.0,45,False,Y,November,Wednesday,Child
884-03-2208,2024-07-13 15:43:00,Z,Effemy,M,31,African American,Z,True,1.0,38,False,Z,July,Saturday,Adult
762-44-7104,2023-08-19 22:46:00,C,Lerwill,M,65,African American,C,True,2.0,28,False,C,August,Saturday,Senior
795-38-1074,2024-05-22 18:08:00,M,Ricold,M,6,African American,M,True,2.0,22,False,M,May,Wednesday,Child
415-37-9603,2024-09-19 23:21:00,N,Heball,M,17,African American,N,True,2.0,31,False,N,September,Thursday,Teen
458-71-9013,2023-07-07 11:09:00,N,Matton,M,6,African American,N,True,2.0,50,False,N,July,Friday,Child
876-22-1135,2024-06-28 19:35:00,R,Robez,M,30,African American,R,True,2.0,22,False,R,June,Friday,Adult
581-94-1985,2023-01-07 07:15:00,W,Hatherley,M,2,African American,W,True,2.0,39,False,W,January,Saturday,Child
499-14-9763,2023-07-26 23:55:00,Y,Havelin,M,30,African American,Y,True,2.0,53,False,Y,July,Wednesday,Adult
878-72-7643,2024-10-25 11:05:00,E,Bumford,M,26,African American,E,True,3.0,47,False,E,October,Friday,Adult
459-41-0106,2024-01-24 11:30:00,G,Humbey,M,52,African American,G,True,3.0,46,False,G,January,Wednesday,Adult
351-90-0773,2023-09-25 14:51:00,R,Thornally,M,65,African American,R,True,3.0,59,False,R,September,Monday,Senior
201-30-6345,2024-01-27 00:56:00,W,Cutcliffe,M,71,African American,W,True,3.0,11,False,W,January,Saturday,Senior
345-80-7659,2024-06-14 03:43:00,C,Goggins,M,34,African American,C,True,4.0,59,False,C,June,Friday,Adult
482-97-1193,2024-10-13 16:19:00,G,Renfrew,M,39,African American,G,True,4.0,20,False,G,October,Sunday,Adult
430-57-7863,2023-08-10 21:45:00,L,Rops,M,3,African American,L,True,4.0,25,False,L,August,Thursday,Child
715-87-8033,2023-12-22 00:13:00,Y,Motto,M,67,African American,Y,True,4.0,15,False,Y,December,Friday,Senior
680-95-1949,2024-05-15 22:51:00,Y,Wessel,M,67,African American,Y,True,4.0,19,False,Y,May,Wednesday,Senior
827-40-8129,2024-03-01 05:25:00,A,Assad,M,11,African American,A,True,5.0,40,False,A,March,Friday,Child
809-80-6025,2024-11-06 17:23:00,B,Ivy,M,57,African American,B,True,6.0,20,False,B,November,Wednesday,Adult
241-10-0868,2024-09-24 22:16:00,K,Ropcke,M,47,African American,K,True,6.0,25,False,K,September,Tuesday,Adult
805-59-9555,2023-04-20 01:50:00,K,Hadlow,M,61,African American,K,True,6.0,40,False,K,April,Thursday,Senior
265-96-0268,2023-05-27 08:01:00,L,Lopes,M,10,African American,L,True,6.0,57,True,L,May,Saturday,Child
598-65-6510,2024-01-22 00:02:00,Q,Scadden,M,66,African American,Q,True,6.0,58,False,Q,January,Monday,Senior
177-58-4644,2024-05-28 06:26:00,S,Elvidge,M,14,African American,S,True,6.0,52,False,S,May,Tuesday,Teen
398-91-6399,2023-12-12 22:45:00,T,Smale,M,27,African American,T,True,6.0,14,False,T,December,Tuesday,Adult
771-52-0904,2023-04-22 12:52:00,V,Coonihan,M,59,African American,V,True,6.0,28,False,V,April,Saturday,Adult
229-39-4308,2023-01-05 18:29:00,W,Tirkin,M,27,African American,W,True,6.0,16,True,W,January,Thursday,Adult
161-57-2312,2023-10-16 23:59:00,C,Faltskog,M,53,African American,C,True,7.0,54,False,C,October,Monday,Adult
324-04-2087,2023-10-21 13:00:00,G,Bernardi,M,20,African American,G,True,7.0,51,False,G,October,Saturday,Adult
336-20-9942,2023-10-13 05:45:00,K,Petrillo,M,52,African American,K,True,7.0,34,False,K,October,Friday,Adult
258-22-8476,2023-09-15 08:00:00,L,Yetton,M,34,African American,L,True,7.0,60,False,L,September,Friday,Adult
886-73-9148,2023-06-14 22:54:00,N,MacAnulty,M,45,African American,N,True,7.0,55,False,N,June,Wednesday,Adult
738-36-0484,2023-10-05 19:41:00,P,Wontner,M,69,African American,P,True,7.0,36,True,P,October,Thursday,Senior
796-21-1372,2024-05-06 06:12:00,Q,Keddie,M,31,African American,Q,True,7.0,58,False,Q,May,Monday,Adult
115-43-2057,2023-06-12 07:19:00,R,Renbold,M,11,African American,R,True,7.0,13,False,R,June,Monday,Child
467-58-5027,2024-03-30 19:38:00,R,Willerstone,M,41,African American,R,True,7.0,27,False,R,March,Saturday,Adult
618-09-7943,2024-04-14 13:14:00,R,Hanmer,M,24,African American,R,True,7.0,52,False,R,April,Sunday,Adult
537-38-4602,2023-06-25 15:34:00,S,Crewes,M,52,African American,S,True,7.0,45,False,S,June,Sunday,Adult
103-34-9671,2023-09-24 06:34:00,S,Brissard,M,38,African American,S,True,7.0,54,False,S,September,Sunday,Adult
689-22-4635,2023-01-04 14:08:00,V,Game,M,53,African American,V,True,7.0,46,False,V,January,Wednesday,Adult
701-45-9889,2024-07-18 13:49:00,D,Dubber,M,58,African American,D,True,8.0,56,False,D,July,Thursday,Adult
618-22-6988,2024-03-28 15:38:00,W,Coite,M,9,African American,W,True,8.0,19,False,W,March,Thursday,Child
198-65-1159,2024-05-10 10:32:00,Z,Crake,M,24,African American,Z,True,8.0,10,False,Z,May,Friday,Adult
726-53-8108,2023-10-23 18:25:00,Z,Mayho,M,17,African American,Z,True,8.0,35,False,Z,October,Monday,Teen
693-34-5229,2023-07-29 21:37:00,A,Offiler,M,55,African American,A,True,9.0,60,False,A,July,Saturday,Adult
143-37-8471,2024-03-18 10:42:00,I,Knell,M,14,African American,I,True,9.0,53,False,I,March,Monday,Teen
684-01-5172,2024-09-29 20:20:00,J,Joutapaitis,M,44,African American,J,True,9.0,60,False,J,September,Sunday,Adult
846-04-4934,2023-11-29 23:02:00,U,Andrys,M,47,African American,U,True,9.0,34,False,U,November,Wednesday,Adult
173-47-4754,2024-05-23 11:02:00,D,de Juares,M,69,African American,D,True,10.0,47,False,D,May,Thursday,Senior
300-26-1229,2023-06-09 16:03:00,K,Hakey,M,9,African American,K,True,10.0,40,False,K,June,Friday,Child
574-24-6102,2024-03-24 15:37:00,M,Dekeyser,M,50,African American,M,True,10.0,36,False,M,March,Sunday,Adult
875-64-9335,2024-06-30 17:07:00,O,Poulett,M,71,African American,O,True,10.0,45,False,O,June,Sunday,Senior
687-65-8903,2024-01-01 21:13:00,R,Lovstrom,M,51,African American,R,True,10.0,60,False,R,January,Monday,Adult
292-80-0066,2023-07-23 03:37:00,Y,Delahunty,M,56,African American,Y,True,10.0,30,False,Y,July,Sunday,Adult
214-51-6611,2024-09-23 21:45:00,A,Rivitt,M,55,African American,A,True,,12,False,A,September,Monday,Adult
885-02-5489,2024-03-19 06:38:00,A,Melsome,M,74,African American,A,True,,28,False,A,March,Tuesday,Senior
696-40-8856,2024-09-17 11:51:00,B,Blowing,M,27,African American,B,True,,27,False,B,September,Tuesday,Adult
530-45-3867,2023-01-09 03:50:00,B,Arondel,M,4,African American,B,True,,28,False,B,January,Monday,Child
619-11-5945,2023-07-05 04:40:00,C,Ince,M,76,African American,C,True,,18,True,C,July,Wednesday,Senior
538-55-2068,2023-12-25 08:50:00,C,Lansdowne,M,47,African American,C,True,,21,False,C,December,Monday,Adult
576-52-5777,2024-12-09 00:53:00,C,Carratt,M,41,African American,C,True,,28,False,C,December,Monday,Adult
564-01-7734,2024-08-19 22:53:00,D,Tomblett,M,52,African American,D,True,,22,False,D,August,Monday,Adult
647-15-4786,2023-08-20 00:06:00,D,McMillan,M,57,African American,D,True,,28,False,D,August,Sunday,Adult
829-83-5259,2023-11-08 14:00:00,E,Verdy,M,25,African American,E,True,,59,False,E,November,Wednesday,Adult
833-39-1167,2024-02-21 18:26:00,F,Woof,M,9,African American,F,True,,59,False,F,February,Wednesday,Child
731-24-5816,2024-07-19 13:58:00,G,Snoxall,M,19,African American,G,True,,34,False,G,July,Friday,Adult
231-60-4242,2024-05-02 18:51:00,G,Sapshed,M,53,African American,G,True,,37,False,G,May,Thursday,Adult
528-07-9501,2023-10-26 18:07:00,I,Cristea,M,11,African American,I,True,,15,False,I,October,Thursday,Child
736-55-3263,2024-08-03 11:40:00,I,Wolverson,M,7,African American,I,True,,37,False,I,August,Saturday,Child
791-85-2268,2024-07-09 20:49:00,K,Crudgington,M,15,African American,K,True,,18,False,K,July,Tuesday,Teen
770-14-1224,2024-10-04 23:30:00,K,Yacob,M,63,African American,K,True,,29,False,K,October,Friday,Senior
201-56-8126,2024-03-19 10:15:00,K,Daftor,M,60,African American,K,True,,39,False,K,March,Tuesday,Adult
382-83-8347,2024-10-27 17:08:00,L,Grenshields,M,58,African American,L,True,,14,False,L,October,Sunday,Adult
854-88-8632,2024-07-13 02:40:00,L,Fassan,M,59,African American,L,True,,36,False,L,July,Saturday,Adult
547-76-7829,2024-07-25 14:28:00,M,Dyson,M,77,African American,M,True,,25,False,M,July,Thursday,Senior
657-40-4330,2024-05-16 13:43:00,N,Proswell,M,46,African American,N,True,,50,False,N,May,Thursday,Adult
400-24-8755,2024-05-26 23:50:00,N,Lammertz,M,31,African American,N,True,,52,False,N,May,Sunday,Adult
490-05-6824,2024-08-14 19:05:00,O,Chasle,M,68,African American,O,True,,28,False,O,August,Wednesday,Senior
463-91-4655,2024-10-26 16:02:00,P,Oxtaby,M,70,African American,P,True,,16,False,P,October,Saturday,Senior
745-93-0856,2023-03-04 10:14:00,P,Ricciardiello,M,77,African American,P,True,,37,False,P,March,Saturday,Senior
121-14-1268,2023-07-29 06:07:00,P,Brewse,M,2,African American,P,True,,43,False,P,July,Saturday,Child
147-94-6823,2023-06-22 02:57:00,P,Coulthart,M,50,African American,P,True,,51,False,P,June,Thursday,Adult
168-97-3030,2024-05-20 05:49:00,P,Tinwell,M,46,African American,P,True,,57,False,P,May,Monday,Adult
409-55-2108,2024-02-01 14:06:00,R,Buller,M,6,African American,R,True,,19,False,R,February,Thursday,Child
828-19-1085,2024-09-01 09:31:00,V,Gilfoy,M,32,African American,V,True,,26,False,V,September,Sunday,Adult
570-63-3288,2023-10-09 12:10:00,V,Gogarty,M,12,African American,V,True,,52,False,V,October,Monday,Child
750-16-4831,2023-08-26 00:14:00,W,Mullard,M,11,African American,W,True,,29,False,W,August,Saturday,Child
869-18-4601,2023-08-06 15:52:00,W,Filipczynski,M,57,African American,W,True,,36,False,W,August,Sunday,Adult
703-16-0191,2023-08-04 13:10:00,Y,Ackland,M,66,African American,Y,True,,11,False,Y,August,Friday,Senior
759-38-2731,2024-07-06 03:15:00,Y,Bonellie,M,21,African American,Y,True,,26,False,Y,July,Saturday,Adult
558-19-1783,2024-10-28 02:40:00,Y,Garaghan,M,28,African American,Y,True,,27,False,Y,October,Monday,Adult
662-78-5868,2024-01-18 17:55:00,J,Inskipp,M,15,African American,J,True,0.0,43,False,J,January,Thursday,Teen
755-96-0530,2024-04-05 05:37:00,M,McAndie,M,9,African American,M,True,1.0,60,False,M,April,Friday,Child
670-80-2997,2024-04-03 16:58:00,M,Henningham,M,11,African American,M,True,2.0,39,False,M,April,Wednesday,Child
241-64-7642,2024-05-06 17:54:00,A,Danielovitch,M,40,African American,A,True,3.0,40,False,A,May,Monday,Adult
386-33-3422,2024-04-30 12:40:00,G,Kemball,M,8,African American,G,True,3.0,51,False,G,April,Tuesday,Child
852-35-5271,2023-05-08 12:00:00,P,Behagg,M,36,African American,P,True,3.0,34,False,P,May,Monday,Adult
829-92-4746,2024-10-15 13:34:00,E,Cratchley,M,47,African American,E,True,5.0,53,False,E,October,Tuesday,Adult
100-66-0896,2024-03-26 12:14:00,I,Prickett,M,2,African American,I,True,6.0,23,False,I,March,Tuesday,Child
536-53-9660,2023-10-10 12:47:00,Y,Beaushaw,M,26,African American,Y,True,7.0,57,False,Y,October,Tuesday,Adult
392-87-5203,2023-04-25 00:44:00,B,Duham,M,10,African American,B,True,8.0,52,False,B,April,Tuesday,Child
152-82-3590,2023-09-24 12:52:00,M,Sergeant,M,44,African American,M,True,9.0,14,False,M,September,Sunday,Adult
111-90-3138,2023-10-17 21:29:00,P,Claige,M,1,African American,P,True,9.0,10,False,P,October,Tuesday,Child
147-29-7641,2023-06-29 19:19:00,N,Selesnick,M,35,African American,N,True,10.0,29,False,N,June,Thursday,Adult
500-08-6428,2024-04-08 06:22:00,A,Trevan,M,4,African American,A,True,,27,False,A,April,Monday,Child
418-90-7502,2023-10-27 08:33:00,C,Janca,M,2,African American,C,True,,34,False,C,October,Friday,Child
817-17-4283,2023-08-09 07:55:00,D,Lippiello,M,69,African American,D,True,,27,False,D,August,Wednesday,Senior
258-30-8092,2023-05-08 23:27:00,L,Spivie,M,52,African American,L,True,,14,False,L,May,Monday,Adult
114-58-3401,2023-06-11 17:34:00,L,Meiningen,M,65,African American,L,True,,28,False,L,June,Sunday,Senior
848-87-0288,2024-08-05 22:33:00,L,Empson,M,72,African American,L,True,,36,False,L,August,Monday,Senior
784-87-8463,2023-01-06 21:20:00,O,Knight,M,4,African American,O,True,,32,False,O,January,Friday,Child
484-60-8449,2023-11-25 01:55:00,T,Danielot,M,61,African American,T,True,,25,False,T,November,Saturday,Senior
417-52-5675,2023-05-05 21:40:00,U,Kennelly,M,26,African American,U,True,,48,True,U,May,Friday,Adult
103-36-3561,2024-05-18 11:58:00,U,Shuttlewood,M,17,African American,U,True,,49,False,U,May,Saturday,Teen
126-78-2755,2024-02-26 07:40:00,X,Huchot,M,8,African American,X,True,,47,False,X,February,Monday,Child
337-67-0209,2023-01-11 20:08:00,Z,Fraczak,M,58,African American,Z,True,,35,False,Z,January,Wednesday,Adult
356-76-1028,2024-05-02 07:12:00,V,O'Hagerty,M,12,African American,V,True,0.0,45,False,V,May,Thursday,Child
582-37-9549,2024-04-09 10:28:00,G,Atwool,M,76,African American,G,True,2.0,42,False,G,April,Tuesday,Senior
246-58-5618,2024-02-09 00:58:00,W,Jent,M,49,African American,W,True,4.0,15,False,W,February,Friday,Adult
268-53-8144,2024-08-25 22:28:00,J,Amori,M,12,African American,J,True,8.0,14,False,J,August,Sunday,Child
218-05-9604,2023-12-12 02:57:00,H,Devinn,M,25,African American,H,True,9.0,48,False,H,December,Tuesday,Adult
880-01-0115,2024-04-01 00:13:00,K,Burness,M,43,African American,K,True,10.0,32,False,K,April,Monday,Adult
811-21-5328,2023-02-08 00:15:00,I,Klarzynski,M,29,African American,I,True,,45,False,I,February,Wednesday,Adult
556-02-6133,2023-05-09 07:13:00,Q,Coleborn,M,33,African American,Q,True,,21,False,Q,May,Tuesday,Adult
425-62-5765,2023-11-25 02:07:00,S,Arni,M,1,African American,S,True,,30,False,S,November,Saturday,Child
373-60-4214,2023-05-17 04:15:00,W,Collister,M,65,African American,W,True,,41,True,W,May,Wednesday,Senior
564-01-2732,2024-08-28 12:39:00,Y,Bromhead,M,23,African American,Y,True,,12,False,Y,August,Wednesday,Adult
468-16-2640,2023-07-27 06:18:00,C,Solloway,M,15,African American,C,True,4.0,26,False,C,July,Thursday,Teen
219-73-9939,2023-12-28 05:06:00,A,Eatttok,M,3,Asian,A,True,,12,False,A,December,Thursday,Child
713-45-5068,2023-08-29 16:02:00,J,Pietersma,M,59,Asian,J,True,,41,False,J,August,Tuesday,Adult
223-33-6036,2024-07-10 21:48:00,R,Churchill,M,30,Asian,R,True,,27,False,R,July,Wednesday,Adult
744-05-3065,2023-05-10 06:56:00,S,Feldstein,M,18,Asian,S,True,,11,False,S,May,Wednesday,Teen
518-65-2607,2024-02-23 10:53:00,T,Monte,M,44,Asian,T,True,,58,False,T,February,Friday,Adult
290-98-5829,2023-09-22 10:53:00,V,Gollop,M,27,Asian,V,True,,38,False,V,September,Friday,Adult
537-34-6004,2024-03-13 02:14:00,Z,Amey,M,36,Asian,Z,True,,54,False,Z,March,Wednesday,Adult
151-80-2492,2024-04-05 17:22:00,L,MacSwayde,M,7,Asian,L,True,2.0,44,False,L,April,Friday,Child
838-44-7406,2023-12-15 01:10:00,U,Hulk,M,9,Asian,U,True,4.0,30,False,U,December,Friday,Child
499-41-9545,2024-05-20 11:19:00,F,Eady,M,54,Asian,F,True,,42,False,F,May,Monday,Adult
305-33-2562,2024-05-26 21:30:00,G,Waring,M,76,Asian,G,True,,57,False,G,May,Sunday,Senior
504-30-1140,2024-03-16 16:30:00,C,Halladey,M,56,Asian,C,True,,33,False,C,March,Saturday,Adult
462-49-7342,2023-09-23 04:02:00,E,Kohneke,M,56,Asian,E,True,,26,False,E,September,Saturday,Adult
258-75-3793,2023-04-22 14:11:00,E,Trayte,M,71,Asian,E,True,,57,False,E,April,Saturday,Senior
178-31-9644,2023-04-14 08:15:00,E,Illwell,M,25,Asian,E,True,,59,False,E,April,Friday,Adult
419-56-9936,2024-01-07 02:00:00,G,Troutbeck,M,2,Asian,G,True,,27,False,G,January,Sunday,Child
113-91-9878,2023-04-12 19:42:00,G,Remer,M,14,Asian,G,True,,32,False,G,April,Wednesday,Teen
622-88-2180,2023-04-17 07:54:00,H,Samper,M,62,Asian,H,True,,33,False,H,April,Monday,Senior
841-99-6429,2024-04-18 01:18:00,J,Langfat,M,27,Asian,J,True,,10,False,J,April,Thursday,Adult
884-19-1492,2023-09-07 01:35:00,J,Cleveland,M,29,Asian,J,True,,17,False,J,September,Thursday,Adult
762-40-4019,2023-11-12 09:37:00,J,Huntly,M,15,Asian,J,True,,22,False,J,November,Sunday,Teen
809-21-4546,2023-10-25 16:29:00,K,Wolfarth,M,6,Asian,K,True,,17,False,K,October,Wednesday,Child
483-41-1741,2024-10-22 21:41:00,K,Hawtrey,M,67,Asian,K,True,,29,False,K,October,Tuesday,Senior
524-07-1664,2023-06-14 20:10:00,K,Galland,M,16,Asian,K,True,,33,False,K,June,Wednesday,Teen
216-12-9662,2023-10-21 11:58:00,K,Hourigan,M,46,Asian,K,True,,54,False,K,October,Saturday,Adult
365-59-3831,2023-04-26 15:09:00,L,Bettlestone,M,18,Asian,L,True,,18,False,L,April,Wednesday,Teen
763-58-5190,2024-07-03 06:52:00,N,Crosser,M,71,Asian,N,True,,12,False,N,July,Wednesday,Senior
688-49-5453,2023-10-28 19:31:00,N,Augie,M,17,Asian,N,True,,20,False,N,October,Saturday,Teen
880-66-0659,2023-07-13 14:06:00,O,Gioani,M,60,Asian,O,True,,26,False,O,July,Thursday,Adult
594-59-4281,2024-06-24 02:13:00,O,MacDermand,M,62,Asian,O,True,,26,False,O,June,Monday,Senior
485-50-9095,2023-09-14 08:39:00,O,Rogers,M,54,Asian,O,True,,33,False,O,September,Thursday,Adult
749-90-9165,2024-07-30 02:48:00,O,Covotti,M,59,Asian,O,True,,45,False,O,July,Tuesday,Adult
491-64-6560,2023-07-24 15:17:00,O,Winny,M,32,Asian,O,True,,48,False,O,July,Monday,Adult
119-06-4805,2024-02-15 08:56:00,Q,Franzen,M,75,Asian,Q,True,,10,False,Q,February,Thursday,Senior
832-94-2573,2024-05-06 23:31:00,Q,Pursey,M,57,Asian,Q,True,,18,False,Q,May,Monday,Adult
575-68-6070,2023-11-08 21:59:00,R,Ebbitt,M,36,Asian,R,True,,25,False,R,November,Wednesday,Adult
848-82-6894,2023-11-27 13:19:00,R,O'Neal,M,9,Asian,R,True,,26,False,R,November,Monday,Child
763-28-8161,2023-12-12 22:14:00,R,Dorie,M,26,Asian,R,True,,56,False,R,December,Tuesday,Adult
309-39-3171,2024-08-16 20:37:00,U,Landells,M,54,Asian,U,True,,13,False,U,August,Friday,Adult
858-25-8911,2023-05-11 14:15:00,V,Wedon,M,50,Asian,V,True,,19,False,V,May,Thursday,Adult
127-83-9031,2023-04-20 08:22:00,V,Badrock,M,48,Asian,V,True,,23,False,V,April,Thursday,Adult
689-28-3777,2024-08-08 19:32:00,W,Hounihan,M,31,Asian,W,True,,12,False,W,August,Thursday,Adult
376-71-1232,2024-04-30 14:30:00,W,Smidmore,M,19,Asian,W,True,,18,False,W,April,Tuesday,Adult
386-98-3262,2023-07-21 00:36:00,W,Noteyoung,M,74,Asian,W,True,,42,False,W,July,Friday,Senior
761-66-7563,2024-01-01 10:03:00,W,Colvin,M,6,Asian,W,True,,52,False,W,January,Monday,Child
576-82-1180,2023-01-04 07:16:00,X,Bassford,M,69,Asian,X,True,,50,False,X,January,Wednesday,Senior
451-85-7804,2024-08-27 08:55:00,Y,Carrol,M,67,Asian,Y,True,,20,False,Y,August,Tuesday,Senior
364-06-7061,2024-04-04 19:02:00,Y,Gerauld,M,63,Asian,Y,True,,53,False,Y,April,Thursday,Senior
873-82-4124,2024-02-19 00:37:00,Z,Zeale,M,38,Asian,Z,True,,38,False,Z,February,Monday,Adult
191-43-3101,2023-10-09 02:12:00,P,Keattch,M,10,Asian,P,True,0.0,16,False,P,October,Monday,Child
278-89-6924,2024-10-30 00:47:00,B,Sandom,M,29,Asian,B,True,2.0,18,False,B,October,Wednesday,Adult
868-24-1141,2023-03-09 04:28:00,Z,Sallis,M,21,Asian,Z,True,4.0,17,False,Z,March,Thursday,Adult
261-25-9152,2023-04-29 00:15:00,B,Bakey,M,30,Asian,B,True,6.0,46,False,B,April,Saturday,Adult
284-32-1089,2024-02-03 14:59:00,A,Tummons,M,4,Asian,A,True,7.0,13,False,A,February,Saturday,Child
325-89-2126,2024-06-05 06:38:00,Q,Tubby,M,1,Asian,Q,True,7.0,21,False,Q,June,Wednesday,Child
840-59-8475,2023-11-04 03:41:00,V,Romeo,M,61,Asian,V,True,8.0,50,False,V,November,Saturday,Senior
578-76-6120,2023-05-05 05:32:00,I,Cissell,M,51,Asian,I,True,9.0,48,True,I,May,Friday,Adult
357-99-1739,2023-06-19 14:05:00,M,Culpin,M,2,Asian,M,True,9.0,22,False,M,June,Monday,Child
677-85-0125,2023-02-11 00:26:00,R,Bettis,M,29,Asian,R,True,9.0,18,False,R,February,Saturday,Adult
217-33-8777,2023-08-23 19:32:00,M,Yuryev,M,48,Asian,M,True,10.0,13,False,M,August,Wednesday,Adult
265-90-3593,2023-04-16 21:38:00,Q,Madine,M,40,Asian,Q,True,10.0,44,False,Q,April,Sunday,Adult
274-77-1614,2024-05-24 00:47:00,F,Pelos,M,24,Asian,F,True,,39,False,F,May,Friday,Adult
259-62-7456,2024-01-22 22:57:00,K,Wragge,M,30,Asian,K,True,,51,False,K,January,Monday,Adult
272-26-4065,2023-10-09 21:05:00,W,Girodon,M,3,Asian,W,True,,13,False,W,October,Monday,Child
442-16-0232,2023-03-09 23:18:00,Z,Covil,M,1,Asian,Z,True,,30,False,Z,March,Thursday,Child
410-24-9561,2023-11-10 11:43:00,A,Sayse,M,53,Asian,A,True,,26,False,A,November,Friday,Adult
403-34-2322,2023-09-30 22:27:00,A,Cammocke,M,79,Asian,A,True,,33,False,A,September,Saturday,Senior
139-81-3548,2023-09-10 11:06:00,A,Paternoster,M,37,Asian,A,True,,53,False,A,September,Sunday,Adult
118-92-0340,2024-07-21 03:23:00,A,Addey,M,46,Asian,A,True,,55,False,A,July,Sunday,Adult
897-16-6821,2024-01-04 21:17:00,A,Blowfelde,M,47,Asian,A,True,,55,False,A,January,Thursday,Adult
813-71-9872,2023-08-06 12:34:00,A,Lewton,M,69,Asian,A,True,,57,False,A,August,Sunday,Senior
788-70-7078,2024-02-08 10:32:00,A,Dranfield,M,7,Asian,A,True,,60,False,A,February,Thursday,Child
581-09-2517,2023-05-13 15:26:00,B,McCaughan,M,27,Asian,B,True,,55,True,B,May,Saturday,Adult
476-12-0189,2024-07-28 01:02:00,C,Creffeild,M,31,Asian,C,True,,28,False,C,July,Sunday,Adult
102-07-2442,2024-07-10 03:08:00,C,Crees,M,35,Asian,C,True,,38,False,C,July,Wednesday,Adult
227-59-0578,2024-12-07 05:07:00,C,Sandbach,M,45,Asian,C,True,,45,False,C,December,Saturday,Adult
649-31-5134,2024-04-25 08:54:00,C,Stoggell,M,7,Asian,C,True,,46,False,C,April,Thursday,Child
677-08-7636,2023-03-04 12:57:00,C,Maylin,M,79,Asian,C,True,,47,False,C,March,Saturday,Senior
190-98-0234,2024-10-07 09:45:00,C,Poltone,M,79,Asian,C,True,,52,False,C,October,Monday,Senior
499-85-7483,2024-06-21 19:15:00,D,Baudon,M,40,Asian,D,True,,16,False,D,June,Friday,Adult
525-23-4635,2023-08-05 08:07:00,D,Goman,M,16,Asian,D,True,,23,True,D,August,Saturday,Teen
828-62-5604,2024-08-25 02:46:00,D,Franciskiewicz,M,78,Asian,D,True,,29,False,D,August,Sunday,Senior
730-01-5841,2024-10-26 03:16:00,D,Grime,M,79,Asian,D,True,,53,False,D,October,Saturday,Senior
376-82-5165,2023-07-23 08:15:00,E,Audry,M,35,Asian,E,True,,10,False,E,July,Sunday,Adult
502-59-6868,2024-05-03 00:04:00,E,Thorold,M,55,Asian,E,True,,17,False,E,May,Friday,Adult
176-38-6737,2024-10-30 19:02:00,E,Naile,M,36,Asian,E,True,,27,False,E,October,Wednesday,Adult
857-50-8143,2024-08-20 19:49:00,E,Tucsell,M,56,Asian,E,True,,53,False,E,August,Tuesday,Adult
781-54-2029,2023-05-24 20:59:00,F,Currell,M,9,Asian,F,True,,21,True,F,May,Wednesday,Child
770-76-5343,2024-05-25 17:04:00,F,Spradbrow,M,29,Asian,F,True,,41,False,F,May,Saturday,Adult
388-20-5957,2024-05-05 15:45:00,F,Kirkman,M,1,Asian,F,True,,43,False,F,May,Sunday,Child
350-57-1734,2024-12-03 06:58:00,F,Maber,M,5,Asian,F,True,,48,False,F,December,Tuesday,Child
766-30-6319,2024-03-18 07:59:00,F,Houlson,M,22,Asian,F,True,,55,False,F,March,Monday,Adult
593-94-5715,2023-09-16 01:31:00,F,Trusty,M,5,Asian,F,True,,58,False,F,September,Saturday,Child
785-08-0658,2023-03-10 05:10:00,F,Zoane,M,19,Asian,F,True,,58,False,F,March,Friday,Adult
698-79-0404,2023-04-26 07:26:00,G,Lockney,M,18,Asian,G,True,,19,False,G,April,Wednesday,Teen
830-42-7159,2024-07-24 15:28:00,H,Cone,M,19,Asian,H,True,,22,False,H,July,Wednesday,Adult
264-79-9377,2024-12-08 04:13:00,H,Fullegar,M,46,Asian,H,True,,45,False,H,December,Sunday,Adult
713-60-5418,2023-11-04 17:02:00,H,Gilliam,M,54,Asian,H,True,,52,False,H,November,Saturday,Adult
566-17-1941,2024-01-01 19:37:00,H,Hatz,M,37,Asian,H,True,,55,False,H,January,Monday,Adult
132-54-3477,2023-04-08 02:21:00,H,Coward,M,23,Asian,H,True,,59,False,H,April,Saturday,Adult
534-88-9464,2023-10-29 14:00:00,I,Dickins,M,58,Asian,I,True,,11,False,I,October,Sunday,Adult
224-77-1408,2023-07-13 19:20:00,I,Jukubczak,M,63,Asian,I,True,,30,False,I,July,Thursday,Senior
842-73-0049,2023-06-25 06:58:00,I,Janikowski,M,28,Asian,I,True,,49,False,I,June,Sunday,Adult
518-20-7295,2023-12-09 00:39:00,I,Birkin,M,78,Asian,I,True,,53,False,I,December,Saturday,Senior
565-93-5453,2024-02-16 21:38:00,J,Hellin,M,67,Asian,J,True,,16,False,J,February,Friday,Senior
854-77-8954,2024-08-25 02:22:00,J,Peidro,M,28,Asian,J,True,,19,False,J,August,Sunday,Adult
496-88-7386,2024-06-17 12:29:00,J,Metham,M,53,Asian,J,True,,30,False,J,June,Monday,Adult
465-76-9879,2023-09-11 02:13:00,J,Spearman,M,17,Asian,J,True,,56,False,J,September,Monday,Teen
510-79-5447,2023-12-28 23:06:00,K,Richardes,M,47,Asian,K,True,,23,False,K,December,Thursday,Adult
288-44-9510,2024-03-26 01:40:00,K,Folley,M,5,Asian,K,True,,28,False,K,March,Tuesday,Child
537-29-4653,2024-08-06 19:32:00,K,Harvatt,M,77,Asian,K,True,,32,False,K,August,Tuesday,Senior
760-05-0091,2023-11-21 12:18:00,K,Putley,M,14,Asian,K,True,,49,False,K,November,Tuesday,Teen
759-07-1261,2024-07-05 12:11:00,L,McCurtain,M,12,Asian,L,True,,18,False,L,July,Friday,Child
405-04-7699,2024-01-13 17:29:00,L,Petrie,M,24,Asian,L,True,,51,False,L,January,Saturday,Adult
570-81-1120,2024-07-08 15:07:00,M,Bwye,M,67,Asian,M,True,,13,False,M,July,Monday,Senior
708-96-4348,2023-08-11 03:06:00,M,Jeromson,M,10,Asian,M,True,,29,False,M,August,Friday,Child
160-71-8820,2023-06-06 00:48:00,M,Waddoups,M,5,Asian,M,True,,34,False,M,June,Tuesday,Child
479-68-0718,2023-08-17 22:05:00,M,Giordano,M,16,Asian,M,True,,47,False,M,August,Thursday,Teen
468-76-5399,2024-02-21 15:56:00,N,Talby,M,34,Asian,N,True,,11,False,N,February,Wednesday,Adult
220-44-5880,2024-05-13 22:51:00,N,Harkin,M,55,Asian,N,True,,23,False,N,May,Monday,Adult
143-71-6543,2023-07-07 18:52:00,N,Korbmaker,M,64,Asian,N,True,,29,False,N,July,Friday,Senior
708-80-7139,2024-06-25 10:31:00,N,Junkison,M,10,Asian,N,True,,33,False,N,June,Tuesday,Child
879-91-8996,2023-05-25 01:50:00,N,Tithacott,M,23,Asian,N,True,,51,True,N,May,Thursday,Adult
820-29-5670,2024-03-07 19:17:00,N,Pemble,M,32,Asian,N,True,,59,False,N,March,Thursday,Adult
229-96-5992,2023-09-20 19:45:00,O,Phillippo,M,3,Asian,O,True,,41,False,O,September,Wednesday,Child
404-31-6220,2023-08-13 10:03:00,O,Wisson,M,30,Asian,O,True,,45,False,O,August,Sunday,Adult
632-60-1284,2024-12-02 08:52:00,O,Shorter,M,39,Asian,O,True,,47,False,O,December,Monday,Adult
767-52-1463,2023-07-08 20:16:00,O,Jonah,M,39,Asian,O,True,,59,False,O,July,Saturday,Adult
527-13-4373,2023-12-26 19:48:00,P,Loney,M,48,Asian,P,True,,32,False,P,December,Tuesday,Adult
812-87-5553,2024-11-04 17:31:00,P,Matuszkiewicz,M,68,Asian,P,True,,39,False,P,November,Monday,Senior
346-31-8632,2023-08-07 06:33:00,P,Scargill,M,57,Asian,P,True,,51,False,P,August,Monday,Adult
413-63-6049,2023-02-08 14:00:00,P,Clemerson,M,10,Asian,P,True,,53,False,P,February,Wednesday,Child
280-49-5239,2023-10-22 20:19:00,P,Gedge,M,55,Asian,P,True,,59,False,P,October,Sunday,Adult
273-26-8525,2024-10-06 18:32:00,Q,Laister,M,53,Asian,Q,True,,19,False,Q,October,Sunday,Adult
636-90-5035,2023-11-12 20:40:00,Q,Neggrini,M,13,Asian,Q,True,,34,False,Q,November,Sunday,Teen
884-49-7363,2024-04-23 06:04:00,Q,Horsfield,M,17,Asian,Q,True,,35,False,Q,April,Tuesday,Teen
607-90-8770,2024-10-01 13:27:00,Q,Tidman,M,26,Asian,Q,True,,42,False,Q,October,Tuesday,Adult
800-09-1545,2023-02-06 08:16:00,R,Jellett,M,68,Asian,R,True,,46,False,R,February,Monday,Senior
208-28-7749,2024-01-04 17:51:00,S,Shakespeare,M,59,Asian,S,True,,20,False,S,January,Thursday,Adult
888-65-6333,2024-01-08 14:01:00,S,Gration,M,12,Asian,S,True,,28,False,S,January,Monday,Child
812-41-7789,2024-03-30 08:43:00,S,Argontt,M,13,Asian,S,True,,31,False,S,March,Saturday,Teen
368-74-4482,2023-06-15 12:56:00,S,Blunsen,M,4,Asian,S,True,,33,False,S,June,Thursday,Child
424-87-5977,2024-03-05 12:39:00,S,Wasteney,M,55,Asian,S,True,,36,False,S,March,Tuesday,Adult
491-05-3734,2023-12-10 06:38:00,S,Fowkes,M,69,Asian,S,True,,59,False,S,December,Sunday,Senior
896-58-5072,2023-01-06 17:33:00,T,Neenan,M,73,Asian,T,True,,18,False,T,January,Friday,Senior
463-67-3398,2024-06-23 23:51:00,T,Killen,M,54,Asian,T,True,,19,False,T,June,Sunday,Adult
853-22-5919,2023-12-31 23:05:00,T,Munning,M,7,Asian,T,True,,31,False,T,December,Sunday,Child
575-15-0423,2024-02-03 12:46:00,T,Ruane,M,21,Asian,T,True,,48,False,T,February,Saturday,Adult
283-01-3923,2023-07-28 07:08:00,U,Biddiss,M,9,Asian,U,True,,60,False,U,July,Friday,Child
167-80-2652,2023-01-08 15:13:00,V,Risso,M,63,Asian,V,True,,47,False,V,January,Sunday,Senior
163-07-6166,2024-07-18 14:27:00,V,Heliot,M,42,Asian,V,True,,59,False,V,July,Thursday,Adult
529-27-8936,2024-02-24 07:39:00,W,Birtonshaw,M,20,Asian,W,True,,43,False,W,February,Saturday,Adult
696-53-4698,2024-03-19 19:10:00,W,Latliff,M,4,Asian,W,True,,49,False,W,March,Tuesday,Child
209-94-4931,2023-10-06 13:58:00,X,Tabert,M,37,Asian,X,True,,35,False,X,October,Friday,Adult
531-03-0405,2023-06-15 03:43:00,Y,Como,M,38,Asian,Y,True,,10,False,Y,June,Thursday,Adult
263-40-1845,2024-08-09 16:29:00,Y,Hrinchenko,M,50,Asian,Y,True,,21,False,Y,August,Friday,Adult
738-41-4181,2023-07-13 07:51:00,Y,Ellison,M,54,Asian,Y,True,,21,False,Y,July,Thursday,Adult
797-09-1351,2023-11-30 00:49:00,Y,Fretter,M,17,Asian,Y,True,,45,False,Y,November,Thursday,Teen
850-63-4711,2023-12-22 06:55:00,Y,MacCrosson,M,63,Asian,Y,True,,58,False,Y,December,Friday,Senior
518-07-6654,2023-08-28 11:12:00,Y,Walewski,M,77,Asian,Y,True,,60,False,Y,August,Monday,Senior
807-31-0304,2023-10-16 01:19:00,Z,Whillock,M,13,Asian,Z,True,,13,False,Z,October,Monday,Teen
304-13-0114,2024-04-19 16:38:00,Z,Patrickson,M,10,Asian,Z,True,,22,False,Z,April,Friday,Child
815-50-7710,2023-08-11 05:53:00,Z,Meagher,M,46,Asian,Z,True,,54,False,Z,August,Friday,Adult
477-25-6214,2024-04-07 01:30:00,D,Aronovich,M,50,Asian,D,True,0.0,52,False,D,April,Sunday,Adult
388-23-0487,2024-06-10 15:05:00,Z,Shalliker,M,61,Asian,Z,True,0.0,15,False,Z,June,Monday,Senior
645-29-9188,2024-07-04 04:35:00,G,Kenion,M,48,Asian,G,True,1.0,25,False,G,July,Thursday,Adult
116-09-9875,2023-10-09 14:58:00,U,Baggs,M,64,Asian,U,True,1.0,30,False,U,October,Monday,Senior
385-04-3640,2024-04-13 14:24:00,V,Deamer,M,63,Asian,V,True,1.0,60,False,V,April,Saturday,Senior
797-10-9836,2023-05-11 13:14:00,X,Greatland,M,42,Asian,X,True,1.0,14,False,X,May,Thursday,Adult
579-55-3515,2023-12-17 21:26:00,X,Viveash,M,62,Asian,X,True,1.0,27,False,X,December,Sunday,Senior
208-18-7645,2023-09-16 14:40:00,J,Kopps,M,47,Asian,J,True,2.0,33,False,J,September,Saturday,Adult
662-81-1902,2023-10-26 20:18:00,P,Ellerker,M,33,Asian,P,True,2.0,34,False,P,October,Thursday,Adult
595-74-4278,2024-10-28 09:08:00,R,Eccleston,M,67,Asian,R,True,2.0,19,False,R,October,Monday,Senior
759-61-0298,2024-05-15 20:42:00,W,Houtby,M,22,Asian,W,True,2.0,28,False,W,May,Wednesday,Adult
834-60-1903,2024-02-28 04:15:00,M,Lambdean,M,68,Asian,M,True,4.0,45,False,M,February,Wednesday,Senior
793-46-7396,2024-02-03 20:53:00,R,Scurrey,M,64,Asian,R,True,4.0,22,False,R,February,Saturday,Senior
273-04-2588,2024-02-04 13:46:00,U,MacVagh,M,14,Asian,U,True,4.0,47,False,U,February,Sunday,Teen
483-02-3338,2023-09-27 20:44:00,W,Magovern,M,28,Asian,W,True,4.0,50,False,W,September,Wednesday,Adult
294-14-2716,2023-09-23 09:18:00,X,Undrill,M,26,Asian,X,True,4.0,30,False,X,September,Saturday,Adult
606-08-9022,2023-10-04 06:13:00,C,Hawkslee,M,51,Asian,C,True,5.0,35,False,C,October,Wednesday,Adult
474-68-7516,2024-10-05 11:22:00,C,Dixsee,M,66,Asian,C,True,5.0,43,False,C,October,Saturday,Senior
650-10-8629,2023-04-19 02:19:00,K,Boater,M,54,Asian,K,True,5.0,11,False,K,April,Wednesday,Adult
725-62-6165,2024-07-26 20:45:00,G,Martignon,M,77,Asian,G,True,6.0,23,False,G,July,Friday,Senior
693-69-3206,2023-03-05 14:08:00,J,Trelevan,M,39,Asian,J,True,6.0,40,True,J,March,Sunday,Adult
563-73-7538,2023-10-14 12:03:00,N,Mowson,M,77,Asian,N,True,6.0,56,False,N,October,Saturday,Senior
622-41-7512,2023-11-23 11:22:00,P,Kepp,M,23,Asian,P,True,6.0,54,False,P,November,Thursday,Adult
229-50-1494,2023-05-21 16:54:00,A,Ludlom,M,47,Asian,A,True,7.0,35,True,A,May,Sunday,Adult
109-59-5859,2023-04-29 19:09:00,B,Langfield,M,26,Asian,B,True,7.0,57,False,B,April,Saturday,Adult
580-28-6655,2024-04-23 04:01:00,E,Christer,M,60,Asian,E,True,7.0,55,False,E,April,Tuesday,Adult
409-75-3660,2024-01-30 20:04:00,M,McKintosh,M,73,Asian,M,True,7.0,26,False,M,January,Tuesday,Senior
498-93-2576,2023-08-12 12:38:00,N,Culp,M,74,Asian,N,True,7.0,22,False,N,August,Saturday,Senior
256-40-0553,2024-01-05 17:55:00,T,Medford,M,23,Asian,T,True,7.0,59,False,T,January,Friday,Adult
700-49-7461,2024-10-14 11:51:00,Y,Liff,M,61,Asian,Y,True,7.0,27,False,Y,October,Monday,Senior
883-52-8117,2023-04-30 21:38:00,P,Blasio,M,2,Asian,P,True,8.0,44,False,P,April,Sunday,Child
828-97-8389,2024-10-25 05:43:00,U,Baudassi,M,18,Asian,U,True,8.0,47,False,U,October,Friday,Teen
268-03-2892,2024-03-16 20:16:00,B,Chapelhow,M,68,Asian,B,True,9.0,58,False,B,March,Saturday,Senior
550-98-8214,2023-11-17 20:18:00,C,Huddle,M,66,Asian,C,True,9.0,52,False,C,November,Friday,Senior
452-21-6657,2023-01-12 14:54:00,G,Yatman,M,42,Asian,G,True,9.0,33,False,G,January,Thursday,Adult
722-04-7671,2023-10-07 03:53:00,R,Mews,M,46,Asian,R,True,9.0,17,False,R,October,Saturday,Adult
875-56-5328,2023-04-09 18:23:00,X,Tetla,M,39,Asian,X,True,9.0,17,False,X,April,Sunday,Adult
115-60-2041,2024-05-21 11:07:00,Z,Racher,M,60,Asian,Z,True,9.0,51,False,Z,May,Tuesday,Adult
559-16-3603,2023-11-11 07:21:00,B,Lewton,M,12,Asian,B,True,10.0,34,False,B,November,Saturday,Child
182-51-4982,2023-12-29 05:04:00,C,Ferreira,M,52,Asian,C,True,10.0,10,False,C,December,Friday,Adult
174-02-8280,2024-10-10 11:58:00,G,Coppard,M,38,Asian,G,True,10.0,31,False,G,October,Thursday,Adult
891-68-9213,2024-10-17 09:37:00,I,Collicott,M,60,Asian,I,True,10.0,27,False,I,October,Thursday,Adult
148-35-5241,2024-09-06 18:06:00,N,Roxby,M,53,Asian,N,True,10.0,54,False,N,September,Friday,Adult
232-20-0713,2023-04-24 09:32:00,R,Simoncelli,M,37,Asian,R,True,10.0,58,False,R,April,Monday,Adult
620-19-3129,2024-02-19 10:03:00,A,Plumb,M,70,Asian,A,True,,55,False,A,February,Monday,Senior
419-61-3209,2024-03-03 07:57:00,C,Hassett,M,55,Asian,C,True,,33,False,C,March,Sunday,Adult
334-81-1151,2024-05-21 09:49:00,D,Elsop,M,63,Asian,D,True,,51,False,D,May,Tuesday,Senior
743-05-9830,2023-07-22 14:37:00,E,Coslett,M,12,Asian,E,True,,47,False,E,July,Saturday,Child
774-12-1839,2024-07-16 05:20:00,E,Toplis,M,74,Asian,E,True,,56,False,E,July,Tuesday,Senior
427-87-8857,2024-09-02 12:24:00,F,Pessler,M,40,Asian,F,True,,33,False,F,September,Monday,Adult
339-36-5145,2023-03-11 02:15:00,F,Tregear,M,24,Asian,F,True,,36,False,F,March,Saturday,Adult
296-03-8130,2024-06-15 18:04:00,K,Curteis,M,12,Asian,K,True,,52,False,K,June,Saturday,Child
560-19-5168,2024-08-24 17:39:00,L,Conew,M,66,Asian,L,True,,13,False,L,August,Saturday,Senior
602-78-5992,2023-05-14 16:20:00,M,Pickford,M,50,Asian,M,True,,22,True,M,May,Sunday,Adult
135-55-7285,2024-04-24 13:48:00,P,Reckus,M,34,Asian,P,True,,57,False,P,April,Wednesday,Adult
310-63-8184,2023-09-28 03:09:00,R,Jurgen,M,54,Asian,R,True,,25,False,R,September,Thursday,Adult
169-60-7674,2024-05-30 03:45:00,S,Degoey,M,62,Asian,S,True,,29,False,S,May,Thursday,Senior
490-34-8816,2024-01-18 19:25:00,T,Sheddan,M,52,Asian,T,True,,18,False,T,January,Thursday,Adult
614-70-3664,2024-04-25 00:02:00,T,Mcasparan,M,41,Asian,T,True,,31,False,T,April,Thursday,Adult
402-45-4382,2024-10-06 02:21:00,U,Fitzpayn,M,51,Asian,U,True,,40,False,U,October,Sunday,Adult
264-24-7455,2024-03-03 02:02:00,W,Normanvill,M,27,Asian,W,True,,50,False,W,March,Sunday,Adult
574-27-8945,2023-03-04 10:00:00,X,Presidey,M,3,Asian,X,True,,22,False,X,March,Saturday,Child
189-45-0235,2023-11-25 22:44:00,S,Dickerson,M,1,Asian,S,True,1.0,54,False,S,November,Saturday,Child
421-15-9145,2024-07-01 10:32:00,F,Brunsen,M,77,Asian,F,True,3.0,28,False,F,July,Monday,Senior
787-59-4271,2024-05-30 15:14:00,N,McCole,M,23,Asian,N,True,3.0,35,False,N,May,Thursday,Adult
503-57-6754,2023-11-19 14:56:00,C,Sharpless,M,14,Asian,C,True,6.0,18,False,C,November,Sunday,Teen
871-30-6974,2023-10-11 21:15:00,J,Furlong,M,5,Asian,J,True,6.0,51,False,J,October,Wednesday,Child
802-14-1812,2024-03-08 08:24:00,J,Methven,M,61,Asian,J,True,7.0,52,False,J,March,Friday,Senior
217-38-8287,2023-06-10 15:28:00,L,Torald,M,69,Asian,L,True,9.0,51,False,L,June,Saturday,Senior
218-08-9169,2024-04-05 17:27:00,M,Conn,M,61,Asian,M,True,10.0,19,False,M,April,Friday,Senior
454-88-2937,2024-05-31 22:24:00,U,Hasker,M,65,Asian,U,True,10.0,59,False,U,May,Friday,Senior
355-78-2842,2024-01-18 22:04:00,V,Van Salzberger,M,66,Asian,V,True,10.0,44,False,V,January,Thursday,Senior
290-17-7158,2023-07-06 10:33:00,O,Schubbert,M,30,Asian,O,True,,49,False,O,July,Thursday,Adult
723-85-9608,2024-03-30 18:30:00,P,McMorran,M,37,Asian,P,True,,35,False,P,March,Saturday,Adult
150-10-7152,2023-03-05 02:18:00,T,Polle,M,17,Asian,T,True,,46,True,T,March,Sunday,Teen
344-99-0228,2023-12-04 00:52:00,V,Limpricht,M,17,Asian,V,True,,44,False,V,December,Monday,Teen
489-40-7800,2023-12-27 12:47:00,N,Hymor,M,34,Asian,N,True,,34,False,N,December,Wednesday,Adult
262-59-2169,2023-09-21 04:20:00,U,Stickins,M,72,Asian,U,True,,30,False,U,September,Thursday,Senior
408-83-3720,2024-03-30 21:29:00,U,Mathey,M,38,Asian,U,True,0.0,40,False,U,March,Saturday,Adult
154-73-5990,2023-04-06 23:07:00,K,Sagg,M,20,Asian,K,True,2.0,43,False,K,April,Thursday,Adult
873-09-9857,2023-09-30 09:34:00,B,Eckery,M,56,Declined to Identify,B,True,,26,False,B,September,Saturday,Adult
656-89-7392,2023-09-22 11:36:00,N,Pennuzzi,M,31,Declined to Identify,N,True,,35,False,N,September,Friday,Adult
366-34-5964,2024-01-25 02:06:00,P,Dovidian,M,40,Declined to Identify,P,True,,10,False,P,January,Thursday,Adult
124-08-6381,2024-06-15 01:21:00,W,Keyworth,M,67,Declined to Identify,W,True,7.0,29,False,W,June,Saturday,Senior
543-61-6058,2023-06-22 06:07:00,B,Hathway,M,73,Declined to Identify,B,True,,52,False,B,June,Thursday,Senior
421-54-0505,2023-09-22 12:45:00,F,Hearley,M,4,Declined to Identify,F,True,,29,False,F,September,Friday,Child
668-95-8665,2024-04-10 14:26:00,F,Havenhand,M,78,Declined to Identify,F,True,,29,False,F,April,Wednesday,Senior
362-55-6622,2023-01-11 16:06:00,G,Sousa,M,55,Declined to Identify,G,True,,26,False,G,January,Wednesday,Adult
235-56-6033,2024-09-30 23:02:00,J,Greber,M,25,Declined to Identify,J,True,,50,False,J,September,Monday,Adult
696-58-7818,2024-09-06 12:08:00,P,Barniss,M,73,Declined to Identify,P,True,,22,False,P,September,Friday,Senior
647-71-3507,2024-02-20 00:43:00,W,Laurentino,M,68,Declined to Identify,W,True,,60,False,W,February,Tuesday,Senior
874-45-7716,2024-10-03 09:01:00,J,Dudden,M,65,Declined to Identify,J,True,5.0,36,False,J,October,Thursday,Senior
699-98-1657,2023-11-16 15:03:00,A,Wein,M,41,Declined to Identify,A,True,,39,False,A,November,Thursday,Adult
747-04-3847,2023-02-09 04:17:00,C,Abrahamson,M,77,Declined to Identify,C,True,,11,False,C,February,Thursday,Senior
833-55-4951,2024-05-25 23:35:00,C,Grinley,M,49,Declined to Identify,C,True,,52,False,C,May,Saturday,Adult
585-22-2532,2023-12-14 06:03:00,E,Ottewill,M,29,Declined to Identify,E,True,,50,False,E,December,Thursday,Adult
537-31-9022,2024-05-19 09:04:00,F,Stellman,M,63,Declined to Identify,F,True,,32,False,F,May,Sunday,Senior
144-83-2680,2023-11-12 10:16:00,G,Androlli,M,60,Declined to Identify,G,True,,20,False,G,November,Sunday,Adult
692-55-1347,2023-10-05 04:02:00,G,Esslement,M,15,Declined to Identify,G,True,,30,True,G,October,Thursday,Teen
511-02-6241,2023-12-04 07:36:00,J,Kingscote,M,78,Declined to Identify,J,True,,26,False,J,December,Monday,Senior
430-47-4070,2023-08-09 10:41:00,L,MacDwyer,M,31,Declined to Identify,L,True,,14,False,L,August,Wednesday,Adult
187-98-7243,2024-11-02 21:37:00,M,Hessle,M,38,Declined to Identify,M,True,,35,False,M,November,Saturday,Adult
432-54-0526,2023-08-28 16:08:00,M,Dizlie,M,39,Declined to Identify,M,True,,47,False,M,August,Monday,Adult
178-38-2955,2023-04-21 22:28:00,O,Port,M,75,Declined to Identify,O,True,,34,False,O,April,Friday,Senior
611-81-2120,2023-10-16 06:30:00,O,Labbet,M,62,Declined to Identify,O,True,,39,False,O,October,Monday,Senior
545-02-1591,2024-08-31 03:07:00,S,Shepley,M,51,Declined to Identify,S,True,,35,False,S,August,Saturday,Adult
246-46-3354,2024-10-17 11:49:00,U,Fison,M,46,Declined to Identify,U,True,,20,False,U,October,Thursday,Adult
476-07-2714,2023-08-27 18:46:00,U,Cappel,M,77,Declined to Identify,U,True,,57,False,U,August,Sunday,Senior
267-84-3755,2023-08-30 09:14:00,V,Blackly,M,8,Declined to Identify,V,True,,39,False,V,August,Wednesday,Child
164-26-6306,2024-01-30 18:23:00,X,Griffen,M,72,Declined to Identify,X,True,,12,False,X,January,Tuesday,Senior
333-45-8232,2024-01-09 01:04:00,Y,Tethcote,M,9,Declined to Identify,Y,True,,42,False,Y,January,Tuesday,Child
527-85-0144,2023-06-23 06:19:00,Z,Swayte,M,14,Declined to Identify,Z,True,,46,False,Z,June,Friday,Teen
471-26-6540,2023-11-07 08:27:00,D,Cruden,M,15,Declined to Identify,D,True,0.0,60,False,D,November,Tuesday,Teen
418-61-6957,2023-09-10 22:22:00,U,Markussen,M,22,Declined to Identify,U,True,0.0,35,False,U,September,Sunday,Adult
417-29-0350,2024-07-05 03:06:00,C,Dominik,M,63,Declined to Identify,C,True,1.0,26,False,C,July,Friday,Senior
407-80-1621,2024-08-18 00:49:00,G,Dyerson,M,32,Declined to Identify,G,True,3.0,53,False,G,August,Sunday,Adult
711-54-1117,2023-02-08 19:03:00,R,Houlridge,M,76,Declined to Identify,R,True,4.0,60,False,R,February,Wednesday,Senior
161-59-1979,2023-08-27 10:33:00,S,Alexis,M,34,Declined to Identify,S,True,5.0,43,False,S,August,Sunday,Adult
674-10-3099,2024-08-21 03:33:00,V,Hoyt,M,67,Declined to Identify,V,True,5.0,60,False,V,August,Wednesday,Senior
251-06-3146,2023-10-19 04:42:00,H,Cockett,M,44,Declined to Identify,H,True,6.0,19,False,H,October,Thursday,Adult
813-15-4119,2024-11-10 21:22:00,O,Valentetti,M,20,Declined to Identify,O,True,6.0,19,False,O,November,Sunday,Adult
784-60-3129,2024-11-07 06:48:00,E,Willers,M,52,Declined to Identify,E,True,7.0,16,False,E,November,Thursday,Adult
665-30-9119,2024-05-22 15:49:00,A,Brenston,M,69,Declined to Identify,A,True,8.0,53,False,A,May,Wednesday,Senior
642-21-0802,2024-08-14 08:53:00,J,Dawney,M,24,Declined to Identify,J,True,9.0,15,False,J,August,Wednesday,Adult
479-57-6958,2024-05-28 20:00:00,O,Wherry,M,49,Declined to Identify,O,True,9.0,14,False,O,May,Tuesday,Adult
629-92-2831,2023-04-09 03:50:00,U,Bedrosian,M,48,Declined to Identify,U,True,9.0,52,False,U,April,Sunday,Adult
177-89-1312,2023-09-18 20:07:00,W,Windous,M,70,Declined to Identify,W,True,10.0,16,False,W,September,Monday,Senior
458-03-2386,2023-08-23 23:47:00,X,Drinkel,M,36,Declined to Identify,X,True,10.0,44,False,X,August,Wednesday,Adult
389-84-7406,2023-05-21 01:46:00,M,Jacob,M,33,Declined to Identify,M,True,,56,True,M,May,Sunday,Adult
455-30-9819,2024-11-03 08:00:00,R,Gurnell,M,45,Declined to Identify,R,True,,42,False,R,November,Sunday,Adult
669-11-4236,2023-12-15 00:38:00,V,Dach,M,21,Declined to Identify,V,True,,36,False,V,December,Friday,Adult
693-84-3710,2024-01-31 13:30:00,W,McVaugh,M,53,Declined to Identify,W,True,,50,False,W,January,Wednesday,Adult
141-47-3493,2024-07-06 00:25:00,Y,Whardley,M,9,Declined to Identify,Y,True,,54,False,Y,July,Saturday,Child
511-35-0901,2023-05-12 16:13:00,S,Dinan,M,63,Declined to Identify,S,True,1.0,57,False,S,May,Friday,Senior
473-11-0338,2023-07-10 03:47:00,B,Cayzer,M,75,Declined to Identify,B,True,10.0,31,False,B,July,Monday,Senior
357-47-6302,2023-11-28 05:56:00,A,Wandrich,M,54,Declined to Identify,A,True,,48,False,A,November,Tuesday,Adult
148-56-7389,2023-05-15 08:16:00,B,Coping,M,75,Declined to Identify,B,True,,20,True,B,May,Monday,Senior
775-99-4535,2023-07-15 09:59:00,B,Croome,M,45,Declined to Identify,B,True,,23,False,B,July,Saturday,Adult
315-96-8028,2023-12-27 18:07:00,B,Androli,M,6,Declined to Identify,B,True,,32,False,B,December,Wednesday,Child
481-16-9198,2024-07-14 20:49:00,B,Reina,M,74,Declined to Identify,B,True,,41,False,B,July,Sunday,Senior
183-10-1974,2023-04-27 20:44:00,B,Gorey,M,20,Declined to Identify,B,True,,44,False,B,April,Thursday,Adult
840-94-1929,2023-08-25 19:26:00,B,Guyonnet,M,49,Declined to Identify,B,True,,51,False,B,August,Friday,Adult
613-68-5042,2024-11-03 14:37:00,B,Millmoe,M,66,Declined to Identify,B,True,,53,False,B,November,Sunday,Senior
378-37-8203,2023-07-06 19:17:00,C,Mutlow,M,31,Declined to Identify,C,True,,37,False,C,July,Thursday,Adult
828-43-3401,2023-07-14 16:43:00,D,Ruckman,M,49,Declined to Identify,D,True,,18,False,D,July,Friday,Adult
174-96-9817,2023-10-17 05:09:00,D,Jerdein,M,77,Declined to Identify,D,True,,29,False,D,October,Tuesday,Senior
717-17-6639,2024-04-29 01:42:00,D,Grange,M,44,Declined to Identify,D,True,,37,False,D,April,Monday,Adult
589-50-5696,2024-05-01 20:18:00,D,Hele,M,56,Declined to Identify,D,True,,47,False,D,May,Wednesday,Adult
376-86-6417,2024-07-08 10:36:00,D,Hassall,M,26,Declined to Identify,D,True,,49,False,D,July,Monday,Adult
434-97-4357,2024-01-24 21:20:00,E,Goodayle,M,59,Declined to Identify,E,True,,14,False,E,January,Wednesday,Adult
803-79-1507,2024-04-01 13:51:00,E,Bassom,M,11,Declined to Identify,E,True,,25,False,E,April,Monday,Child
485-05-6965,2023-11-16 11:25:00,F,Shawe,M,62,Declined to Identify,F,True,,14,False,F,November,Thursday,Senior
519-80-6343,2024-10-13 17:22:00,F,Howsego,M,27,Declined to Identify,F,True,,33,False,F,October,Sunday,Adult
839-25-4121,2023-06-27 17:21:00,F,Aujean,M,29,Declined to Identify,F,True,,33,False,F,June,Tuesday,Adult
727-20-1005,2024-10-05 21:39:00,F,Giametti,M,44,Declined to Identify,F,True,,34,False,F,October,Saturday,Adult
191-20-3872,2023-05-04 16:31:00,G,Rabjohn,M,49,Declined to Identify,G,True,,13,False,G,May,Thursday,Adult
422-33-7212,2023-09-16 15:54:00,G,Crease,M,54,Declined to Identify,G,True,,23,False,G,September,Saturday,Adult
242-66-6759,2024-03-22 16:56:00,G,Healings,M,15,Declined to Identify,G,True,,24,False,G,March,Friday,Teen
459-64-0919,2024-07-16 19:55:00,G,Lorey,M,49,Declined to Identify,G,True,,24,False,G,July,Tuesday,Adult
161-45-2290,2024-08-28 10:51:00,G,Alishoner,M,57,Declined to Identify,G,True,,24,False,G,August,Wednesday,Adult
121-06-3424,2023-10-12 23:28:00,G,Booth-Jarvis,M,19,Declined to Identify,G,True,,25,False,G,October,Thursday,Adult
212-87-1946,2023-08-25 16:58:00,G,Pierce,M,39,Declined to Identify,G,True,,38,False,G,August,Friday,Adult
810-62-4735,2024-07-23 09:38:00,G,Chanders,M,44,Declined to Identify,G,True,,49,False,G,July,Tuesday,Adult
709-73-7635,2024-08-29 07:32:00,G,Cowpe,M,54,Declined to Identify,G,True,,50,False,G,August,Thursday,Adult
452-49-7738,2024-03-15 17:11:00,G,Esson,M,67,Declined to Identify,G,True,,51,False,G,March,Friday,Senior
232-67-5274,2024-08-05 15:04:00,G,Chaters,M,58,Declined to Identify,G,True,,54,False,G,August,Monday,Adult
138-92-0390,2023-12-15 06:56:00,G,Izon,M,44,Declined to Identify,G,True,,56,False,G,December,Friday,Adult
484-09-1969,2024-01-02 05:30:00,G,Dougill,M,54,Declined to Identify,G,True,,60,False,G,January,Tuesday,Adult
220-45-5150,2024-08-18 02:39:00,H,Ruddoch,M,57,Declined to Identify,H,True,,10,False,H,August,Sunday,Adult
754-27-9761,2023-05-20 05:51:00,H,Theuff,M,4,Declined to Identify,H,True,,12,True,H,May,Saturday,Child
709-11-5958,2024-02-10 02:46:00,H,MacDavitt,M,50,Declined to Identify,H,True,,16,False,H,February,Saturday,Adult
807-21-6712,2024-09-04 23:45:00,H,Matuszynski,M,2,Declined to Identify,H,True,,23,False,H,September,Wednesday,Child
494-42-5304,2023-09-20 00:51:00,H,Maultby,M,34,Declined to Identify,H,True,,39,False,H,September,Wednesday,Adult
620-84-7483,2024-09-06 00:42:00,H,Schulke,M,59,Declined to Identify,H,True,,57,False,H,September,Friday,Adult
528-42-3243,2023-06-26 01:53:00,I,Devaney,M,72,Declined to Identify,I,True,,17,False,I,June,Monday,Senior
353-67-7450,2024-11-09 09:54:00,I,Cragoe,M,50,Declined to Identify,I,True,,22,False,I,November,Saturday,Adult
112-88-9744,2023-02-04 20:25:00,I,Wing,M,70,Declined to Identify,I,True,,26,False,I,February,Saturday,Senior
535-44-1807,2023-07-05 05:21:00,I,Rosenboim,M,37,Declined to Identify,I,True,,44,True,I,July,Wednesday,Adult
710-38-5899,2024-08-18 17:38:00,I,Terrelly,M,60,Declined to Identify,I,True,,53,False,I,August,Sunday,Adult
109-14-1904,2023-12-21 07:42:00,I,O'Scollee,M,9,Declined to Identify,I,True,,55,False,I,December,Thursday,Child
480-01-5395,2023-12-29 05:14:00,I,Gannicleff,M,16,Declined to Identify,I,True,,57,False,I,December,Friday,Teen
130-80-6101,2024-01-17 16:22:00,I,Barles,M,51,Declined to Identify,I,True,,58,False,I,January,Wednesday,Adult
337-61-9280,2023-11-08 22:30:00,J,Sneath,M,64,Declined to Identify,J,True,,17,False,J,November,Wednesday,Senior
515-44-8748,2023-09-15 19:05:00,J,Creak,M,13,Declined to Identify,J,True,,19,False,J,September,Friday,Teen
693-51-3327,2024-02-10 03:01:00,J,Grimbaldeston,M,2,Declined to Identify,J,True,,29,False,J,February,Saturday,Child
274-31-4793,2023-10-13 16:35:00,J,Lockney,M,18,Declined to Identify,J,True,,40,False,J,October,Friday,Teen
455-26-9181,2024-10-30 19:10:00,J,Bricket,M,62,Declined to Identify,J,True,,49,False,J,October,Wednesday,Senior
778-94-1723,2024-06-06 14:18:00,K,Dash,M,67,Declined to Identify,K,True,,45,False,K,June,Thursday,Senior
259-14-0334,2024-05-17 07:45:00,L,Walbrun,M,37,Declined to Identify,L,True,,20,False,L,May,Friday,Adult
491-17-7369,2024-09-24 07:52:00,L,Figura,M,58,Declined to Identify,L,True,,35,False,L,September,Tuesday,Adult
133-70-2188,2023-06-15 04:26:00,L,Bisley,M,61,Declined to Identify,L,True,,44,False,L,June,Thursday,Senior
748-48-5657,2024-11-02 05:50:00,L,Plunket,M,74,Declined to Identify,L,True,,49,False,L,November,Saturday,Senior
139-22-0701,2024-01-25 07:00:00,L,Lovick,M,7,Declined to Identify,L,True,,55,False,L,January,Thursday,Child
254-61-0446,2024-12-06 01:36:00,M,Vittle,M,68,Declined to Identify,M,True,,51,False,M,December,Friday,Senior
143-22-5332,2024-04-30 15:27:00,M,Watt,M,4,Declined to Identify,M,True,,54,False,M,April,Tuesday,Child
746-44-9930,2023-08-29 22:15:00,N,Allardyce,M,48,Declined to Identify,N,True,,11,False,N,August,Tuesday,Adult
775-19-3289,2023-04-14 08:17:00,N,Brettle,M,33,Declined to Identify,N,True,,20,False,N,April,Friday,Adult
164-26-6964,2024-07-01 10:19:00,N,Pickton,M,64,Declined to Identify,N,True,,31,False,N,July,Monday,Senior
181-14-8158,2023-06-13 11:38:00,N,Buxy,M,52,Declined to Identify,N,True,,33,False,N,June,Tuesday,Adult
897-05-5888,2024-07-06 11:01:00,N,Barbie,M,71,Declined to Identify,N,True,,47,False,N,July,Saturday,Senior
181-46-3780,2024-08-15 10:03:00,N,Trinke,M,13,Declined to Identify,N,True,,50,False,N,August,Thursday,Teen
246-69-5313,2024-04-06 03:02:00,O,Pharaoh,M,42,Declined to Identify,O,True,,11,False,O,April,Saturday,Adult
807-60-0884,2023-04-30 04:37:00,O,Camoys,M,19,Declined to Identify,O,True,,19,False,O,April,Sunday,Adult
317-09-5665,2023-05-10 17:02:00,O,Tourot,M,34,Declined to Identify,O,True,,23,False,O,May,Wednesday,Adult
153-49-7320,2023-11-07 01:16:00,O,Rabley,M,46,Declined to Identify,O,True,,33,False,O,November,Tuesday,Adult
695-13-5601,2024-06-29 18:58:00,O,Dillingham,M,27,Declined to Identify,O,True,,39,False,O,June,Saturday,Adult
823-59-0840,2024-01-22 05:47:00,P,Sekulla,M,26,Declined to Identify,P,True,,13,False,P,January,Monday,Adult
725-27-0520,2023-07-23 13:09:00,P,Binnall,M,18,Declined to Identify,P,True,,17,False,P,July,Sunday,Teen
873-89-4096,2024-12-01 23:25:00,P,Gilpin,M,61,Declined to Identify,P,True,,23,False,P,December,Sunday,Senior
259-38-4930,2023-09-18 09:48:00,P,Janton,M,64,Declined to Identify,P,True,,27,False,P,September,Monday,Senior
270-66-5272,2024-03-29 06:01:00,P,Collingwood,M,45,Declined to Identify,P,True,,30,False,P,March,Friday,Adult
580-01-3557,2024-05-29 12:52:00,P,Weigh,M,56,Declined to Identify,P,True,,39,False,P,May,Wednesday,Adult
245-30-5810,2024-05-07 08:43:00,Q,Dods,M,19,Declined to Identify,Q,True,,14,False,Q,May,Tuesday,Adult
296-59-2745,2023-10-25 14:18:00,Q,Koppel,M,75,Declined to Identify,Q,True,,23,False,Q,October,Wednesday,Senior
706-94-5641,2023-06-25 07:32:00,Q,Keveren,M,28,Declined to Identify,Q,True,,37,False,Q,June,Sunday,Adult
662-10-0142,2023-08-13 17:29:00,Q,Bolstridge,M,19,Declined to Identify,Q,True,,42,False,Q,August,Sunday,Adult
589-79-0102,2023-08-29 19:36:00,R,Honnicott,M,2,Declined to Identify,R,True,,14,False,R,August,Tuesday,Child
417-46-2398,2023-06-25 07:59:00,R,Ablett,M,41,Declined to Identify,R,True,,39,False,R,June,Sunday,Adult
633-85-2019,2023-09-14 19:14:00,R,Mandal,M,76,Declined to Identify,R,True,,47,False,R,September,Thursday,Senior
855-62-3506,2024-03-10 12:23:00,S,Scahill,M,7,Declined to Identify,S,True,,13,False,S,March,Sunday,Child
881-09-5666,2024-05-14 23:32:00,S,Elrick,M,39,Declined to Identify,S,True,,20,False,S,May,Tuesday,Adult
862-22-0410,2023-11-28 17:01:00,S,Somerled,M,30,Declined to Identify,S,True,,31,False,S,November,Tuesday,Adult
567-63-2475,2024-12-03 10:48:00,S,Lynock,M,60,Declined to Identify,S,True,,46,False,S,December,Tuesday,Adult
577-56-7589,2024-01-06 01:17:00,T,Utterson,M,11,Declined to Identify,T,True,,19,False,T,January,Saturday,Child
163-79-8130,2024-09-10 17:12:00,U,Klain,M,23,Declined to Identify,U,True,,12,False,U,September,Tuesday,Adult
713-78-6571,2023-12-08 01:02:00,U,Antonellini,M,33,Declined to Identify,U,True,,27,False,U,December,Friday,Adult
180-09-7890,2024-01-23 21:24:00,U,Dunster,M,40,Declined to Identify,U,True,,51,False,U,January,Tuesday,Adult
154-12-2643,2024-06-01 00:58:00,U,Durant,M,32,Declined to Identify,U,True,,57,False,U,June,Saturday,Adult
762-61-4765,2024-12-03 23:02:00,U,Harley,M,37,Declined to Identify,U,True,,57,False,U,December,Tuesday,Adult
365-49-2465,2023-06-22 01:29:00,V,Souza,M,35,Declined to Identify,V,True,,14,False,V,June,Thursday,Adult
449-78-6801,2024-06-02 11:14:00,V,Bloomfield,M,59,Declined to Identify,V,True,,16,False,V,June,Sunday,Adult
234-63-9244,2023-07-21 12:07:00,V,Poytheras,M,47,Declined to Identify,V,True,,33,False,V,July,Friday,Adult
837-64-4784,2024-06-18 09:00:00,V,Sydall,M,50,Declined to Identify,V,True,,43,False,V,June,Tuesday,Adult
302-22-0879,2023-09-06 21:57:00,W,Care,M,48,Declined to Identify,W,True,,16,False,W,September,Wednesday,Adult
256-60-7133,2023-12-26 16:38:00,W,Gibb,M,30,Declined to Identify,W,True,,19,False,W,December,Tuesday,Adult
877-34-2759,2024-07-22 15:04:00,W,Craster,M,49,Declined to Identify,W,True,,29,False,W,July,Monday,Adult
601-12-5225,2023-08-15 21:47:00,W,O'Flaverty,M,54,Declined to Identify,W,True,,35,False,W,August,Tuesday,Adult
266-96-6521,2024-03-03 01:57:00,W,Bliven,M,25,Declined to Identify,W,True,,37,False,W,March,Sunday,Adult
775-91-3915,2023-07-24 14:20:00,W,Mathewson,M,41,Declined to Identify,W,True,,37,False,W,July,Monday,Adult
153-51-8349,2024-04-05 22:08:00,X,Mancktelow,M,18,Declined to Identify,X,True,,10,False,X,April,Friday,Teen
870-63-4486,2024-04-04 10:27:00,X,Fanti,M,9,Declined to Identify,X,True,,25,False,X,April,Thursday,Child
542-37-8284,2023-08-21 10:53:00,X,Rouch,M,18,Declined to Identify,X,True,,37,False,X,August,Monday,Teen
130-89-4024,2023-12-30 19:01:00,X,Pryer,M,58,Declined to Identify,X,True,,40,False,X,December,Saturday,Adult
315-54-7384,2023-07-15 21:34:00,X,Merrifield,M,18,Declined to Identify,X,True,,49,False,X,July,Saturday,Teen
504-68-7812,2024-11-06 17:52:00,Y,Cawthorn,M,75,Declined to Identify,Y,True,,24,False,Y,November,Wednesday,Senior
749-39-3053,2023-04-15 03:22:00,Y,Minchella,M,7,Declined to Identify,Y,True,,56,False,Y,April,Saturday,Child
210-75-3667,2023-07-22 18:43:00,Z,Lathan,M,74,Declined to Identify,Z,True,,16,False,Z,July,Saturday,Senior
723-84-3271,2024-10-22 17:44:00,Z,McTague,M,34,Declined to Identify,Z,True,,18,False,Z,October,Tuesday,Adult
721-59-3542,2024-01-08 05:09:00,Z,Busse,M,67,Declined to Identify,Z,True,,24,False,Z,January,Monday,Senior
396-63-9204,2024-09-22 06:12:00,Z,Waistell,M,10,Declined to Identify,Z,True,,27,False,Z,September,Sunday,Child
102-78-5313,2024-07-17 20:16:00,L,Glacken,M,48,Declined to Identify,L,True,0.0,28,False,L,July,Wednesday,Adult
796-20-6865,2024-09-06 00:43:00,Q,Veque,M,13,Declined to Identify,Q,True,0.0,38,False,Q,September,Friday,Teen
684-81-2276,2023-06-04 09:00:00,T,Slowley,M,37,Declined to Identify,T,True,0.0,50,False,T,June,Sunday,Adult
754-28-0977,2023-03-09 14:07:00,L,Joul,M,39,Declined to Identify,L,True,1.0,29,False,L,March,Thursday,Adult
368-48-8290,2024-01-31 14:58:00,O,Carrabott,M,4,Declined to Identify,O,True,1.0,12,False,O,January,Wednesday,Child
802-23-8057,2023-03-04 04:53:00,R,Huc,M,68,Declined to Identify,R,True,1.0,31,False,R,March,Saturday,Senior
122-91-7361,2024-07-29 02:26:00,P,Dobbinson,M,63,Declined to Identify,P,True,2.0,51,False,P,July,Monday,Senior
319-73-3636,2024-04-27 06:19:00,L,Oldcroft,M,10,Declined to Identify,L,True,3.0,14,False,L,April,Saturday,Child
656-84-3118,2023-12-26 23:35:00,N,de Marco,M,74,Declined to Identify,N,True,3.0,10,False,N,December,Tuesday,Senior
314-57-3189,2024-05-27 03:42:00,G,Risebarer,M,41,Declined to Identify,G,True,4.0,46,False,G,May,Monday,Adult
558-86-1882,2023-09-27 18:25:00,L,Bangs,M,33,Declined to Identify,L,True,4.0,21,False,L,September,Wednesday,Adult
448-62-7896,2024-11-01 12:41:00,P,Bruins,M,77,Declined to Identify,P,True,4.0,44,False,P,November,Friday,Senior
839-10-4290,2023-11-06 01:53:00,T,Romeo,M,52,Declined to Identify,T,True,4.0,10,False,T,November,Monday,Adult
472-41-8672,2024-11-03 14:28:00,T,McGrah,M,52,Declined to Identify,T,True,4.0,39,False,T,November,Sunday,Adult
659-69-2555,2024-12-06 17:37:00,Y,Castro,M,47,Declined to Identify,Y,True,4.0,43,False,Y,December,Friday,Adult
449-61-6847,2023-04-19 08:21:00,C,Matteacci,M,24,Declined to Identify,C,True,5.0,42,False,C,April,Wednesday,Adult
694-31-6186,2023-10-23 19:03:00,D,Garretson,M,67,Declined to Identify,D,True,5.0,19,False,D,October,Monday,Senior
896-83-0117,2023-11-17 01:52:00,M,Bolderson,M,79,Declined to Identify,M,True,5.0,57,False,M,November,Friday,Senior
478-86-9949,2023-12-12 21:55:00,S,Jensen,M,37,Declined to Identify,S,True,5.0,36,False,S,December,Tuesday,Adult
359-83-8617,2024-05-29 14:41:00,E,Lilley,M,68,Declined to Identify,E,True,6.0,44,False,E,May,Wednesday,Senior
711-78-4446,2024-02-21 23:10:00,G,Pretious,M,54,Declined to Identify,G,True,6.0,48,False,G,February,Wednesday,Adult
899-45-0451,2023-06-29 15:13:00,M,Goldwater,M,26,Declined to Identify,M,True,6.0,35,False,M,June,Thursday,Adult
563-85-4444,2024-05-22 07:09:00,S,Vickerman,M,2,Declined to Identify,S,True,6.0,56,False,S,May,Wednesday,Child
609-17-4908,2023-04-25 03:02:00,E,Lenney,M,76,Declined to Identify,E,True,7.0,51,False,E,April,Tuesday,Senior
717-46-0039,2024-06-03 09:45:00,C,Linn,M,64,Declined to Identify,C,True,8.0,53,False,C,June,Monday,Senior
654-75-7180,2024-01-09 04:37:00,L,Scneider,M,2,Declined to Identify,L,True,8.0,45,False,L,January,Tuesday,Child
220-85-4256,2024-01-07 02:01:00,O,Cuerda,M,11,Declined to Identify,O,True,8.0,40,False,O,January,Sunday,Child
560-68-4267,2023-04-15 23:41:00,O,Dinwoodie,M,20,Declined to Identify,O,True,8.0,47,False,O,April,Saturday,Adult
599-75-3210,2023-11-28 21:25:00,D,Tabourel,M,23,Declined to Identify,D,True,9.0,50,False,D,November,Tuesday,Adult
825-38-2784,2023-02-09 11:21:00,I,Parnham,M,51,Declined to Identify,I,True,9.0,11,False,I,February,Thursday,Adult
424-07-7939,2024-01-13 08:15:00,K,Glyn,M,28,Declined to Identify,K,True,9.0,55,False,K,January,Saturday,Adult
382-18-5399,2024-11-01 22:22:00,B,Assiratti,M,42,Declined to Identify,B,True,10.0,57,False,B,November,Friday,Adult
441-73-2531,2023-06-28 17:05:00,F,Dowrey,M,77,Declined to Identify,F,True,10.0,48,False,F,June,Wednesday,Senior
732-17-2371,2023-02-04 19:40:00,H,Halmkin,M,57,Declined to Identify,H,True,10.0,33,False,H,February,Saturday,Adult
168-09-6601,2024-09-29 17:02:00,I,Olivazzi,M,4,Declined to Identify,I,True,10.0,28,False,I,September,Sunday,Child
565-67-5654,2023-07-13 15:41:00,L,Pates,M,50,Declined to Identify,L,True,10.0,56,False,L,July,Thursday,Adult
166-68-1920,2024-05-14 03:24:00,U,Bonder,M,64,Declined to Identify,U,True,10.0,44,False,U,May,Tuesday,Senior
385-18-4317,2023-10-19 20:40:00,Y,Estable,M,12,Declined to Identify,Y,True,10.0,47,False,Y,October,Thursday,Child
169-58-6319,2023-11-27 03:30:00,A,Speek,M,3,Declined to Identify,A,True,,46,False,A,November,Monday,Child
685-40-5409,2024-03-14 02:46:00,A,Cancott,M,33,Declined to Identify,A,True,,46,False,A,March,Thursday,Adult
181-37-8210,2024-12-09 03:16:00,A,Lie,M,7,Declined to Identify,A,True,,54,False,A,December,Monday,Child
142-34-3319,2024-07-25 10:58:00,B,Wethey,M,14,Declined to Identify,B,True,,25,False,B,July,Thursday,Teen
834-30-4050,2024-03-17 14:54:00,B,Theis,M,26,Declined to Identify,B,True,,48,False,B,March,Sunday,Adult
676-74-9268,2024-08-16 16:11:00,C,Aspinwall,M,64,Declined to Identify,C,True,,51,False,C,August,Friday,Senior
557-44-3971,2023-04-25 18:20:00,C,Patriskson,M,18,Declined to Identify,C,True,,60,False,C,April,Tuesday,Teen
529-39-2765,2023-12-19 13:21:00,D,Gerish,M,21,Declined to Identify,D,True,,40,False,D,December,Tuesday,Adult
667-42-3519,2024-12-06 17:56:00,D,Timbrell,M,54,Declined to Identify,D,True,,57,False,D,December,Friday,Adult
840-85-3205,2024-10-02 09:30:00,F,Siemandl,M,30,Declined to Identify,F,True,,49,False,F,October,Wednesday,Adult
270-81-6460,2024-07-15 00:14:00,G,Blessed,M,12,Declined to Identify,G,True,,38,False,G,July,Monday,Child
611-43-2271,2024-09-28 01:43:00,H,Llorente,M,79,Declined to Identify,H,True,,27,False,H,September,Saturday,Senior
763-41-5675,2024-01-06 03:47:00,I,Yardy,M,10,Declined to Identify,I,True,,15,False,I,January,Saturday,Child
672-53-8285,2024-02-06 23:08:00,I,Matisse,M,64,Declined to Identify,I,True,,44,False,I,February,Tuesday,Senior
879-09-0173,2024-08-08 05:21:00,J,Daal,M,53,Declined to Identify,J,True,,20,False,J,August,Thursday,Adult
284-78-4415,2024-10-26 16:09:00,L,Creeghan,M,16,Declined to Identify,L,True,,15,False,L,October,Saturday,Teen
184-04-9740,2023-08-13 17:35:00,P,Brendeke,M,2,Declined to Identify,P,True,,54,False,P,August,Sunday,Child
562-51-1610,2024-10-27 17:26:00,Q,Coats,M,24,Declined to Identify,Q,True,,57,False,Q,October,Sunday,Adult
899-59-5585,2023-11-15 00:59:00,R,Osmond,M,60,Declined to Identify,R,True,,57,False,R,November,Wednesday,Adult
629-51-6493,2023-10-09 22:47:00,S,Tippings,M,2,Declined to Identify,S,True,,33,False,S,October,Monday,Child
511-74-2373,2024-08-24 19:38:00,U,Bromont,M,73,Declined to Identify,U,True,,18,False,U,August,Saturday,Senior
180-40-9473,2023-01-05 19:38:00,Y,Mattioli,M,5,Declined to Identify,Y,True,,17,True,Y,January,Thursday,Child
106-89-2099,2024-03-17 23:56:00,Y,Metcalf,M,2,Declined to Identify,Y,True,,31,False,Y,March,Sunday,Child
106-06-0564,2024-01-14 02:42:00,Q,Mountlow,M,16,Declined to Identify,Q,True,0.0,22,False,Q,January,Sunday,Teen
897-54-5606,2023-12-18 02:53:00,T,Southall,M,35,Declined to Identify,T,True,1.0,56,False,T,December,Monday,Adult
776-73-0164,2024-01-09 17:23:00,O,Ridoutt,M,39,Declined to Identify,O,True,2.0,30,False,O,January,Tuesday,Adult
185-30-4496,2024-08-20 12:43:00,R,de Guise,M,52,Declined to Identify,R,True,3.0,56,False,R,August,Tuesday,Adult
508-22-7761,2024-03-14 05:55:00,V,Brabbins,M,14,Declined to Identify,V,True,3.0,50,False,V,March,Thursday,Teen
807-93-0539,2024-06-08 16:10:00,E,Sawter,M,19,Declined to Identify,E,True,4.0,25,False,E,June,Saturday,Adult
439-09-4695,2024-01-06 19:48:00,T,Bastiman,M,2,Declined to Identify,T,True,4.0,51,False,T,January,Saturday,Child
265-25-7984,2023-10-27 04:13:00,C,Nell,M,70,Declined to Identify,C,True,5.0,23,False,C,October,Friday,Senior
256-89-4612,2024-07-04 16:32:00,F,Abelwhite,M,58,Declined to Identify,F,True,5.0,15,False,F,July,Thursday,Adult
619-67-1876,2024-08-26 21:08:00,U,Scholling,M,55,Declined to Identify,U,True,8.0,55,False,U,August,Monday,Adult
457-30-9862,2024-05-07 01:38:00,B,Larver,M,13,Declined to Identify,B,True,,14,False,B,May,Tuesday,Teen
631-92-2982,2024-01-13 16:07:00,E,Diament,M,44,Declined to Identify,E,True,,25,False,E,January,Saturday,Adult
372-60-9119,2023-12-06 10:05:00,L,Strelitz,M,66,Declined to Identify,L,True,,15,False,L,December,Wednesday,Senior
316-24-5823,2023-08-09 03:29:00,U,Cassie,M,71,Declined to Identify,U,True,,31,False,U,August,Wednesday,Senior
825-35-0948,2023-05-13 02:42:00,H,Plante,M,18,Declined to Identify,H,True,5.0,13,True,H,May,Saturday,Teen
215-96-2986,2023-12-17 19:54:00,D,Shapera,M,5,Declined to Identify,D,True,,47,False,D,December,Sunday,Child
412-66-4473,2024-07-01 11:27:00,O,Kemson,M,50,Declined to Identify,O,True,,29,False,O,July,Monday,Adult
646-02-1854,2023-07-10 10:33:00,R,Beasant,M,19,Declined to Identify,R,True,,11,False,R,July,Monday,Adult
599-03-3606,2024-10-01 20:16:00,G,Deverose,M,30,Native American/Alaska Native,G,True,,53,False,G,October,Tuesday,Adult
686-69-6116,2024-12-05 01:40:00,K,Greger,M,14,Native American/Alaska Native,K,True,,44,False,K,December,Thursday,Teen
393-09-9749,2024-04-09 22:00:00,N,Peasgood,M,26,Native American/Alaska Native,N,True,,35,False,N,April,Tuesday,Adult
139-14-2557,2023-04-13 12:12:00,Y,Janks,M,24,Native American/Alaska Native,Y,True,2.0,18,False,Y,April,Thursday,Adult
561-25-6133,2024-01-17 09:51:00,G,Bradlaugh,M,71,Native American/Alaska Native,G,True,4.0,55,False,G,January,Wednesday,Senior
682-34-0219,2023-02-04 05:22:00,N,Trenam,M,38,Native American/Alaska Native,N,True,,36,False,N,February,Saturday,Adult
604-66-4222,2024-09-03 00:26:00,A,Maybey,M,27,Native American/Alaska Native,A,True,,11,False,A,September,Tuesday,Adult
250-38-2325,2024-10-20 15:14:00,B,Harvett,M,59,Native American/Alaska Native,B,True,,15,False,B,October,Sunday,Adult
122-08-4208,2023-07-25 10:41:00,B,Clyde,M,12,Native American/Alaska Native,B,True,,22,False,B,July,Tuesday,Child
652-20-7712,2024-02-26 07:20:00,B,Bees,M,4,Native American/Alaska Native,B,True,,58,False,B,February,Monday,Child
828-47-1822,2024-02-09 00:05:00,E,Bagshaw,M,18,Native American/Alaska Native,E,True,,33,False,E,February,Friday,Teen
338-77-1588,2024-08-20 07:53:00,F,Parchment,M,4,Native American/Alaska Native,F,True,,39,False,F,August,Tuesday,Child
585-69-4983,2023-07-10 01:25:00,F,Coen,M,52,Native American/Alaska Native,F,True,,47,False,F,July,Monday,Adult
814-07-4421,2023-08-15 23:58:00,H,Maith,M,44,Native American/Alaska Native,H,True,,54,False,H,August,Tuesday,Adult
581-29-6727,2024-10-04 07:21:00,I,Feeham,M,18,Native American/Alaska Native,I,True,,47,False,I,October,Friday,Teen
883-72-0885,2023-12-30 06:38:00,L,Gawke,M,31,Native American/Alaska Native,L,True,,52,False,L,December,Saturday,Adult
146-74-0413,2023-01-06 11:36:00,N,Weddeburn,M,40,Native American/Alaska Native,N,True,,41,False,N,January,Friday,Adult
325-17-4116,2024-05-21 07:42:00,P,Snassell,M,61,Native American/Alaska Native,P,True,,57,False,P,May,Tuesday,Senior
696-21-9147,2024-12-05 09:29:00,R,Rands,M,32,Native American/Alaska Native,R,True,,50,False,R,December,Thursday,Adult
795-64-7565,2023-02-05 03:19:00,S,Marklin,M,38,Native American/Alaska Native,S,True,,34,True,S,February,Sunday,Adult
689-43-8910,2024-02-01 17:46:00,T,Passo,M,47,Native American/Alaska Native,T,True,,32,False,T,February,Thursday,Adult
291-37-1682,2023-03-11 16:51:00,T,Cabedo,M,53,Native American/Alaska Native,T,True,,42,False,T,March,Saturday,Adult
447-95-3661,2023-11-05 13:46:00,X,Upchurch,M,25,Native American/Alaska Native,X,True,,10,True,X,November,Sunday,Adult
301-45-7864,2023-10-10 09:14:00,Y,Pennuzzi,M,34,Native American/Alaska Native,Y,True,,26,False,Y,October,Tuesday,Adult
627-46-5712,2024-10-27 23:17:00,K,McCorry,M,79,Native American/Alaska Native,K,True,2.0,42,False,K,October,Sunday,Senior
248-95-3644,2024-05-28 15:54:00,T,Gile,M,72,Native American/Alaska Native,T,True,5.0,24,False,T,May,Tuesday,Senior
194-92-9947,2023-04-17 23:20:00,C,Stother,M,52,Native American/Alaska Native,C,True,6.0,42,False,C,April,Monday,Adult
724-58-8259,2023-04-14 04:39:00,W,Briars,M,56,Native American/Alaska Native,W,True,8.0,41,False,W,April,Friday,Adult
644-36-3406,2023-08-12 05:41:00,F,Attard,M,42,Native American/Alaska Native,F,True,9.0,49,False,F,August,Saturday,Adult
248-33-3339,2024-02-23 00:28:00,V,Swayne,M,42,Native American/Alaska Native,V,True,9.0,19,False,V,February,Friday,Adult
332-36-0246,2024-08-13 23:02:00,C,Durnford,M,60,Native American/Alaska Native,C,True,,60,False,C,August,Tuesday,Adult
283-52-4368,2024-08-09 22:52:00,K,Strapp,M,46,Native American/Alaska Native,K,True,,15,False,K,August,Friday,Adult
828-45-0946,2024-03-27 05:10:00,K,Gover,M,38,Native American/Alaska Native,K,True,,31,False,K,March,Wednesday,Adult
524-73-2304,2023-04-05 11:11:00,Z,Griffith,M,23,Native American/Alaska Native,Z,True,,38,True,Z,April,Wednesday,Adult
657-83-4406,2023-05-21 05:17:00,O,Innes,M,31,Native American/Alaska Native,O,True,5.0,52,True,O,May,Sunday,Adult
288-06-8475,2023-11-15 06:18:00,Z,Barnewall,M,60,Native American/Alaska Native,Z,True,8.0,37,False,Z,November,Wednesday,Adult
644-22-9798,2024-02-26 02:25:00,A,Netting,M,8,Native American/Alaska Native,A,True,,17,False,A,February,Monday,Child
743-51-2071,2023-12-19 02:43:00,A,Noot,M,36,Native American/Alaska Native,A,True,,17,False,A,December,Tuesday,Adult
341-55-6183,2023-04-21 11:30:00,A,Errowe,M,71,Native American/Alaska Native,A,True,,30,False,A,April,Friday,Senior
271-72-3005,2023-03-07 12:34:00,B,Nealy,M,33,Native American/Alaska Native,B,True,,16,False,B,March,Tuesday,Adult
165-78-8054,2024-01-06 21:22:00,D,Kleinhandler,M,49,Native American/Alaska Native,D,True,,16,False,D,January,Saturday,Adult
530-81-5765,2023-05-04 21:58:00,D,Labadini,M,10,Native American/Alaska Native,D,True,,17,False,D,May,Thursday,Child
194-94-2789,2024-01-05 08:25:00,D,Mosdill,M,66,Native American/Alaska Native,D,True,,32,False,D,January,Friday,Senior
652-21-5930,2024-03-17 03:19:00,D,Roman,M,49,Native American/Alaska Native,D,True,,53,False,D,March,Sunday,Adult
191-56-2516,2023-05-11 18:08:00,E,Conneau,M,19,Native American/Alaska Native,E,True,,30,False,E,May,Thursday,Adult
282-23-4796,2024-07-22 01:14:00,E,Loyd,M,77,Native American/Alaska Native,E,True,,36,False,E,July,Monday,Senior
790-45-7947,2023-05-06 12:40:00,E,Wakelam,M,22,Native American/Alaska Native,E,True,,37,False,E,May,Saturday,Adult
492-07-6328,2023-10-24 18:16:00,F,Panchen,M,2,Native American/Alaska Native,F,True,,10,False,F,October,Tuesday,Child
397-31-0783,2023-06-24 17:31:00,F,Handasyde,M,16,Native American/Alaska Native,F,True,,10,False,F,June,Saturday,Teen
657-07-6765,2024-09-26 09:16:00,F,Fowlston,M,28,Native American/Alaska Native,F,True,,37,False,F,September,Thursday,Adult
478-89-5652,2023-01-06 00:57:00,G,Delph,M,7,Native American/Alaska Native,G,True,,30,False,G,January,Friday,Child
190-40-5748,2024-06-24 05:02:00,G,Pappin,M,17,Native American/Alaska Native,G,True,,33,False,G,June,Monday,Teen
353-22-9361,2024-04-05 02:38:00,H,Prinett,M,33,Native American/Alaska Native,H,True,,49,False,H,April,Friday,Adult
237-36-6208,2024-01-29 06:05:00,I,Astlet,M,9,Native American/Alaska Native,I,True,,44,False,I,January,Monday,Child
856-56-9240,2023-09-08 15:10:00,K,Wearden,M,76,Native American/Alaska Native,K,True,,57,False,K,September,Friday,Senior
587-73-2235,2023-08-20 15:02:00,L,Mourbey,M,46,Native American/Alaska Native,L,True,,43,False,L,August,Sunday,Adult
758-36-1812,2023-08-05 03:51:00,M,Buffy,M,68,Native American/Alaska Native,M,True,,28,True,M,August,Saturday,Senior
757-78-3402,2023-11-19 00:02:00,M,Marusik,M,69,Native American/Alaska Native,M,True,,31,False,M,November,Sunday,Senior
230-03-7366,2023-10-07 09:48:00,N,Spadotto,M,70,Native American/Alaska Native,N,True,,45,False,N,October,Saturday,Senior
786-04-8828,2023-10-06 03:58:00,N,Paaso,M,45,Native American/Alaska Native,N,True,,60,False,N,October,Friday,Adult
723-90-6209,2023-05-29 10:28:00,O,Domney,M,28,Native American/Alaska Native,O,True,,47,True,O,May,Monday,Adult
363-78-2720,2024-12-07 07:02:00,O,Ferraresi,M,37,Native American/Alaska Native,O,True,,50,False,O,December,Saturday,Adult
494-14-9104,2024-07-23 07:13:00,P,Sexcey,M,8,Native American/Alaska Native,P,True,,21,False,P,July,Tuesday,Child
682-93-1787,2024-03-08 15:36:00,P,Vesty,M,30,Native American/Alaska Native,P,True,,38,False,P,March,Friday,Adult
555-44-3372,2024-01-27 00:12:00,Q,McGiffie,M,35,Native American/Alaska Native,Q,True,,25,False,Q,January,Saturday,Adult
349-86-8121,2023-09-06 14:23:00,Q,Snugg,M,41,Native American/Alaska Native,Q,True,,44,False,Q,September,Wednesday,Adult
382-92-2448,2024-06-27 19:11:00,Q,Mance,M,20,Native American/Alaska Native,Q,True,,48,False,Q,June,Thursday,Adult
246-59-3959,2023-05-04 12:41:00,R,Pierce,M,8,Native American/Alaska Native,R,True,,30,False,R,May,Thursday,Child
222-34-8361,2023-09-22 22:22:00,R,Schulz,M,27,Native American/Alaska Native,R,True,,37,False,R,September,Friday,Adult
714-72-1599,2023-09-05 00:19:00,R,Spennock,M,3,Native American/Alaska Native,R,True,,47,True,R,September,Tuesday,Child
392-65-2951,2024-01-18 17:20:00,R,Haldane,M,35,Native American/Alaska Native,R,True,,58,False,R,January,Thursday,Adult
707-96-5726,2023-10-23 11:19:00,S,Barling,M,50,Native American/Alaska Native,S,True,,41,False,S,October,Monday,Adult
148-76-1261,2023-08-23 14:09:00,T,Spurier,M,64,Native American/Alaska Native,T,True,,16,False,T,August,Wednesday,Senior
455-91-8578,2024-05-29 02:18:00,T,Penhall,M,43,Native American/Alaska Native,T,True,,25,False,T,May,Wednesday,Adult
747-72-7002,2024-12-09 20:06:00,T,Dyball,M,31,Native American/Alaska Native,T,True,,28,False,T,December,Monday,Adult
805-74-2795,2024-07-13 05:26:00,T,Mizzi,M,25,Native American/Alaska Native,T,True,,59,False,T,July,Saturday,Adult
309-91-5176,2023-09-25 22:36:00,U,Goldsbrough,M,45,Native American/Alaska Native,U,True,,15,False,U,September,Monday,Adult
479-41-7486,2024-11-06 10:47:00,U,Weyland,M,35,Native American/Alaska Native,U,True,,46,False,U,November,Wednesday,Adult
698-69-3627,2024-06-03 16:55:00,V,Kolushev,M,4,Native American/Alaska Native,V,True,,16,False,V,June,Monday,Child
815-90-5428,2023-07-29 06:29:00,V,Goodliff,M,4,Native American/Alaska Native,V,True,,19,False,V,July,Saturday,Child
431-60-6906,2024-11-08 23:56:00,V,Shasnan,M,1,Native American/Alaska Native,V,True,,31,False,V,November,Friday,Child
344-89-8080,2024-06-17 16:06:00,W,Dare,M,62,Native American/Alaska Native,W,True,,43,False,W,June,Monday,Senior
422-14-3991,2023-10-10 16:36:00,X,Morbey,M,25,Native American/Alaska Native,X,True,,55,False,X,October,Tuesday,Adult
854-24-5978,2024-07-14 13:31:00,X,Danes,M,16,Native American/Alaska Native,X,True,,60,False,X,July,Sunday,Teen
442-29-7761,2023-09-21 09:22:00,Y,Gummer,M,8,Native American/Alaska Native,Y,True,,13,False,Y,September,Thursday,Child
392-02-2877,2024-08-07 18:30:00,Y,Luxen,M,78,Native American/Alaska Native,Y,True,,17,False,Y,August,Wednesday,Senior
461-49-8598,2023-12-30 22:47:00,Y,Frangione,M,37,Native American/Alaska Native,Y,True,,20,False,Y,December,Saturday,Adult
689-98-4436,2023-12-23 23:20:00,Y,Margram,M,31,Native American/Alaska Native,Y,True,,37,False,Y,December,Saturday,Adult
296-44-2419,2024-02-18 22:42:00,S,Wickenden,M,34,Native American/Alaska Native,S,True,0.0,19,False,S,February,Sunday,Adult
220-33-1376,2023-10-24 02:10:00,T,Holtom,M,79,Native American/Alaska Native,T,True,0.0,45,False,T,October,Tuesday,Senior
453-29-3036,2024-01-07 15:42:00,N,Tebbe,M,2,Native American/Alaska Native,N,True,1.0,30,False,N,January,Sunday,Child
770-95-4240,2023-01-09 01:58:00,C,McCleverty,M,39,Native American/Alaska Native,C,True,2.0,55,False,C,January,Monday,Adult
414-69-2236,2024-06-23 17:01:00,T,Bolens,M,36,Native American/Alaska Native,T,True,3.0,31,False,T,June,Sunday,Adult
832-51-2130,2023-10-31 11:53:00,Z,Abelwhite,M,10,Native American/Alaska Native,Z,True,3.0,51,False,Z,October,Tuesday,Child
504-04-2880,2023-02-09 13:47:00,E,Erwin,M,29,Native American/Alaska Native,E,True,5.0,28,False,E,February,Thursday,Adult
222-17-4011,2024-05-20 10:05:00,U,McKibbin,M,6,Native American/Alaska Native,U,True,6.0,35,False,U,May,Monday,Child
221-43-1135,2023-10-21 21:41:00,G,Bruford,M,34,Native American/Alaska Native,G,True,7.0,14,False,G,October,Saturday,Adult
183-37-9410,2023-11-07 23:29:00,W,Elener,M,32,Native American/Alaska Native,W,True,7.0,12,False,W,November,Tuesday,Adult
527-45-1421,2024-12-04 04:25:00,J,Bundy,M,23,Native American/Alaska Native,J,True,8.0,41,False,J,December,Wednesday,Adult
529-60-1006,2023-06-27 17:09:00,N,Merrywether,M,26,Native American/Alaska Native,N,True,8.0,12,False,N,June,Tuesday,Adult
814-54-6052,2023-05-25 21:46:00,Q,Geffinger,M,63,Native American/Alaska Native,Q,True,8.0,30,True,Q,May,Thursday,Senior
330-83-0888,2024-02-22 12:07:00,T,Brian,M,20,Native American/Alaska Native,T,True,9.0,18,False,T,February,Thursday,Adult
157-62-0102,2024-04-30 20:07:00,Y,Sheldrick,M,77,Native American/Alaska Native,Y,True,9.0,24,False,Y,April,Tuesday,Senior
503-02-4357,2023-08-18 18:31:00,K,Boat,M,42,Native American/Alaska Native,K,True,10.0,11,False,K,August,Friday,Adult
868-41-2022,2024-01-01 11:11:00,M,Baulcombe,M,55,Native American/Alaska Native,M,True,10.0,59,False,M,January,Monday,Adult
429-41-6860,2023-12-21 14:54:00,A,Seacroft,M,40,Native American/Alaska Native,A,True,,29,False,A,December,Thursday,Adult
842-21-2088,2023-07-08 07:08:00,A,Beadnall,M,52,Native American/Alaska Native,A,True,,48,False,A,July,Saturday,Adult
737-96-0035,2024-06-17 02:02:00,C,Britland,M,54,Native American/Alaska Native,C,True,,47,False,C,June,Monday,Adult
407-56-9582,2023-07-30 00:18:00,M,Points,M,64,Native American/Alaska Native,M,True,,29,False,M,July,Sunday,Senior
646-45-1783,2023-08-17 09:55:00,N,Redgrave,M,74,Native American/Alaska Native,N,True,,59,False,N,August,Thursday,Senior
287-09-1852,2024-01-26 23:11:00,O,Kollatsch,M,33,Native American/Alaska Native,O,True,,25,False,O,January,Friday,Adult
889-03-5244,2023-07-20 10:53:00,P,Bruckstein,M,57,Native American/Alaska Native,P,True,,33,False,P,July,Thursday,Adult
247-62-4290,2024-12-03 10:12:00,Q,Lomansey,M,66,Native American/Alaska Native,Q,True,,28,False,Q,December,Tuesday,Senior
314-59-0387,2024-09-25 23:55:00,W,Dallewater,M,14,Native American/Alaska Native,W,True,,52,False,W,September,Wednesday,Teen
754-85-3101,2024-02-29 00:40:00,F,Humpherston,M,73,Native American/Alaska Native,F,True,2.0,53,False,F,February,Thursday,Senior
576-14-8921,2023-11-20 16:23:00,K,Alecock,M,62,Native American/Alaska Native,K,True,2.0,53,False,K,November,Monday,Senior
531-05-3251,2024-10-03 03:17:00,D,Velez,M,61,Native American/Alaska Native,D,True,3.0,41,False,D,October,Thursday,Senior
526-39-2219,2023-11-30 20:54:00,U,Quincee,M,70,Native American/Alaska Native,U,True,4.0,49,False,U,November,Thursday,Senior
597-50-8124,2023-05-16 19:49:00,O,Border,M,32,Native American/Alaska Native,O,True,6.0,10,True,O,May,Tuesday,Adult
110-62-8138,2024-03-18 07:20:00,R,Brereton,M,11,Native American/Alaska Native,R,True,10.0,52,False,R,March,Monday,Child
758-62-8403,2024-02-07 21:36:00,R,Hexum,M,52,Native American/Alaska Native,R,True,,15,False,R,February,Wednesday,Adult
822-30-1537,2023-04-29 11:55:00,I,Haistwell,M,12,Pacific Islander,I,True,,21,False,I,April,Saturday,Child
353-59-9498,2023-12-21 20:54:00,K,Haggar,M,25,Pacific Islander,K,True,,22,False,K,December,Thursday,Adult
208-91-1133,2024-08-30 01:48:00,Y,Palmby,M,31,Pacific Islander,Y,True,,12,False,Y,August,Friday,Adult
589-89-7404,2023-05-16 11:38:00,Y,Infantino,M,78,Pacific Islander,Y,True,,48,True,Y,May,Tuesday,Senior
615-82-7141,2023-03-08 17:19:00,M,Mein,M,53,Pacific Islander,M,True,7.0,45,False,M,March,Wednesday,Adult
593-65-5206,2023-05-08 12:58:00,K,Oldcote,M,77,Pacific Islander,K,True,,36,False,K,May,Monday,Senior
678-53-3815,2023-08-14 11:57:00,O,Pikesley,M,46,Pacific Islander,O,True,,28,False,O,August,Monday,Adult
869-28-2519,2024-03-21 21:21:00,V,Scholer,M,36,Pacific Islander,V,True,,30,False,V,March,Thursday,Adult
782-13-9566,2024-01-19 17:24:00,A,Hallad,M,79,Pacific Islander,A,True,,18,False,A,January,Friday,Senior
100-34-6753,2024-05-13 14:03:00,B,Paulus,M,43,Pacific Islander,B,True,,25,False,B,May,Monday,Adult
344-12-7337,2024-02-29 01:22:00,B,Rickersey,M,73,Pacific Islander,B,True,,27,False,B,February,Thursday,Senior
594-09-2240,2024-08-16 19:51:00,C,Natwick,M,21,Pacific Islander,C,True,,58,False,C,August,Friday,Adult
741-04-9751,2024-08-31 10:56:00,E,Gaitskill,M,74,Pacific Islander,E,True,,36,False,E,August,Saturday,Senior
548-98-4114,2024-02-09 01:13:00,F,McSparran,M,27,Pacific Islander,F,True,,23,False,F,February,Friday,Adult
468-09-2058,2024-08-07 02:36:00,F,Heaps,M,39,Pacific Islander,F,True,,30,False,F,August,Wednesday,Adult
132-84-3700,2024-01-27 09:55:00,F,Ackermann,M,65,Pacific Islander,F,True,,51,False,F,January,Saturday,Senior
658-51-3929,2023-09-22 23:04:00,G,Muddicliffe,M,15,Pacific Islander,G,True,,51,False,G,September,Friday,Teen
685-76-7563,2023-09-15 13:30:00,H,Thorius,M,60,Pacific Islander,H,True,,35,False,H,September,Friday,Adult
898-64-3273,2024-07-28 02:50:00,L,Chillistone,M,56,Pacific Islander,L,True,,27,False,L,July,Sunday,Adult
342-13-1426,2024-10-23 15:04:00,L,Bullocke,M,45,Pacific Islander,L,True,,31,False,L,October,Wednesday,Adult
456-13-3380,2023-11-16 18:28:00,M,Simcoe,M,29,Pacific Islander,M,True,,19,False,M,November,Thursday,Adult
819-36-3342,2023-03-11 15:20:00,O,Aggs,M,19,Pacific Islander,O,True,,14,False,O,March,Saturday,Adult
367-46-0761,2023-05-20 09:43:00,O,Mardell,M,64,Pacific Islander,O,True,,16,True,O,May,Saturday,Senior
623-58-0855,2024-08-07 08:34:00,Q,O' Clovan,M,32,Pacific Islander,Q,True,,56,False,Q,August,Wednesday,Adult
175-59-9717,2023-08-31 04:39:00,T,Meconi,M,4,Pacific Islander,T,True,,21,False,T,August,Thursday,Child
609-71-3159,2023-09-21 21:35:00,U,Kean,M,24,Pacific Islander,U,True,,16,False,U,September,Thursday,Adult
761-68-0469,2023-05-16 00:48:00,U,Davenhill,M,51,Pacific Islander,U,True,,31,True,U,May,Tuesday,Adult
208-63-9371,2023-01-12 23:46:00,V,Verralls,M,42,Pacific Islander,V,True,,10,False,V,January,Thursday,Adult
801-16-0380,2024-02-25 16:38:00,V,Hatherell,M,70,Pacific Islander,V,True,,49,False,V,February,Sunday,Senior
870-30-5356,2024-01-07 15:40:00,Z,Kelston,M,23,Pacific Islander,Z,True,,27,False,Z,January,Sunday,Adult
435-65-1924,2023-08-11 12:07:00,V,Sibbert,M,34,Pacific Islander,V,True,0.0,22,False,V,August,Friday,Adult
543-16-9617,2024-09-08 21:28:00,U,Ervin,M,79,Pacific Islander,U,True,1.0,34,False,U,September,Sunday,Senior
465-05-1558,2023-12-18 21:07:00,U,Andrioli,M,12,Pacific Islander,U,True,1.0,56,False,U,December,Monday,Child
211-84-0802,2024-02-04 22:10:00,C,Baldcock,M,36,Pacific Islander,C,True,3.0,47,False,C,February,Sunday,Adult
527-61-6252,2023-02-08 18:09:00,V,Coventry,M,22,Pacific Islander,V,True,6.0,16,False,V,February,Wednesday,Adult
309-20-0723,2024-08-31 23:13:00,E,Guenther,M,29,Pacific Islander,E,True,9.0,38,False,E,August,Saturday,Adult
659-92-2938,2023-07-30 14:43:00,S,MacGrath,M,2,Pacific Islander,S,True,,55,False,S,July,Sunday,Child
452-18-8105,2024-01-01 11:25:00,U,Pattini,M,53,Pacific Islander,U,True,,22,False,U,January,Monday,Adult
336-91-3757,2024-05-03 09:35:00,Y,Brandassi,M,9,Pacific Islander,Y,True,6.0,40,False,Y,May,Friday,Child
744-46-3602,2023-10-18 16:47:00,W,Corton,M,37,Pacific Islander,W,True,8.0,10,False,W,October,Wednesday,Adult
213-62-4409,2023-07-31 13:12:00,Y,Chinge,M,44,Pacific Islander,Y,True,10.0,44,False,Y,July,Monday,Adult
687-66-3054,2023-04-11 14:08:00,A,Attril,M,42,Pacific Islander,A,True,,17,False,A,April,Tuesday,Adult
715-51-6452,2024-06-16 06:15:00,B,Redmain,M,45,Pacific Islander,B,True,,16,False,B,June,Sunday,Adult
646-18-3088,2023-10-10 13:31:00,C,Nevins,M,36,Pacific Islander,C,True,,36,False,C,October,Tuesday,Adult
794-61-8016,2023-06-22 15:08:00,C,Ceney,M,22,Pacific Islander,C,True,,41,False,C,June,Thursday,Adult
204-93-8686,2023-10-22 05:52:00,D,Deboy,M,40,Pacific Islander,D,True,,41,False,D,October,Sunday,Adult
545-10-2479,2023-06-24 04:51:00,E,Colicot,M,52,Pacific Islander,E,True,,24,False,E,June,Saturday,Adult
771-99-0591,2024-08-23 20:59:00,E,Timmermann,M,1,Pacific Islander,E,True,,28,False,E,August,Friday,Child
810-82-1197,2024-10-09 06:22:00,F,Mabbitt,M,52,Pacific Islander,F,True,,55,False,F,October,Wednesday,Adult
298-46-8494,2024-05-15 07:41:00,G,Vasile,M,17,Pacific Islander,G,True,,23,False,G,May,Wednesday,Teen
528-96-6459,2024-03-16 20:10:00,G,Iwaszkiewicz,M,49,Pacific Islander,G,True,,46,False,G,March,Saturday,Adult
703-55-3364,2023-01-06 07:48:00,H,Hickeringill,M,30,Pacific Islander,H,True,,19,False,H,January,Friday,Adult
494-08-6177,2024-07-27 08:25:00,H,Mayhou,M,72,Pacific Islander,H,True,,34,False,H,July,Saturday,Senior
871-59-7467,2024-04-10 05:16:00,H,Chuney,M,13,Pacific Islander,H,True,,40,False,H,April,Wednesday,Teen
502-99-0067,2024-08-21 08:53:00,H,Healy,M,67,Pacific Islander,H,True,,46,False,H,August,Wednesday,Senior
421-46-0418,2023-06-09 01:33:00,I,Lawleff,M,50,Pacific Islander,I,True,,14,False,I,June,Friday,Adult
729-02-9839,2024-09-10 15:29:00,I,Zotto,M,23,Pacific Islander,I,True,,28,False,I,September,Tuesday,Adult
333-49-1175,2023-10-08 10:28:00,J,Frostdyke,M,49,Pacific Islander,J,True,,41,False,J,October,Sunday,Adult
319-25-5108,2024-06-20 17:20:00,K,Devorill,M,34,Pacific Islander,K,True,,16,False,K,June,Thursday,Adult
658-47-5374,2023-04-19 07:21:00,K,Bricknall,M,17,Pacific Islander,K,True,,21,False,K,April,Wednesday,Teen
783-94-4723,2023-02-09 08:05:00,K,Glassard,M,26,Pacific Islander,K,True,,28,False,K,February,Thursday,Adult
509-64-9237,2024-08-18 22:18:00,L,Mcwhinnie,M,38,Pacific Islander,L,True,,13,False,L,August,Sunday,Adult
472-22-1392,2024-10-02 08:30:00,N,Abbatt,M,37,Pacific Islander,N,True,,36,False,N,October,Wednesday,Adult
458-19-1191,2024-08-14 04:49:00,O,Scargill,M,42,Pacific Islander,O,True,,32,False,O,August,Wednesday,Adult
640-82-9605,2023-12-26 07:34:00,O,Meecher,M,74,Pacific Islander,O,True,,43,False,O,December,Tuesday,Senior
456-18-0227,2024-05-01 23:42:00,O,Farryan,M,8,Pacific Islander,O,True,,56,False,O,May,Wednesday,Child
753-48-4204,2023-07-18 04:21:00,Q,Poe,M,55,Pacific Islander,Q,True,,13,False,Q,July,Tuesday,Adult
336-97-7649,2023-02-08 15:46:00,Q,Gildersleaves,M,15,Pacific Islander,Q,True,,38,False,Q,February,Wednesday,Teen
832-47-0142,2024-11-08 06:18:00,T,Summerton,M,22,Pacific Islander,T,True,,23,False,T,November,Friday,Adult
808-12-1573,2023-10-13 13:18:00,U,Pressdee,M,62,Pacific Islander,U,True,,59,False,U,October,Friday,Senior
661-83-5824,2024-07-03 23:43:00,W,Fearnehough,M,61,Pacific Islander,W,True,,47,False,W,July,Wednesday,Senior
445-89-6727,2024-03-05 14:36:00,X,Fullagar,M,51,Pacific Islander,X,True,,33,False,X,March,Tuesday,Adult
632-29-3120,2024-03-14 10:57:00,Y,Bubeer,M,57,Pacific Islander,Y,True,,11,False,Y,March,Thursday,Adult
225-36-2835,2024-03-04 05:29:00,Y,Haville,M,63,Pacific Islander,Y,True,,17,False,Y,March,Monday,Senior
628-50-9958,2024-04-20 20:35:00,J,Cooch,M,62,Pacific Islander,J,True,0.0,39,False,J,April,Saturday,Senior
427-24-2579,2023-10-04 08:39:00,M,Prewett,M,3,Pacific Islander,M,True,0.0,36,False,M,October,Wednesday,Child
490-35-6077,2024-05-17 01:22:00,E,Amer,M,8,Pacific Islander,E,True,1.0,14,False,E,May,Friday,Child
491-97-4895,2023-06-21 06:02:00,F,Danko,M,59,Pacific Islander,F,True,1.0,11,False,F,June,Wednesday,Adult
156-40-6822,2023-06-29 08:54:00,L,Keuneke,M,78,Pacific Islander,L,True,1.0,51,False,L,June,Thursday,Senior
316-20-5225,2023-04-07 09:34:00,S,Spinetti,M,74,Pacific Islander,S,True,1.0,59,False,S,April,Friday,Senior
248-40-1832,2024-02-27 23:10:00,K,Hobbing,M,35,Pacific Islander,K,True,2.0,52,False,K,February,Tuesday,Adult
261-27-1253,2023-08-30 23:06:00,K,Bliben,M,19,Pacific Islander,K,True,3.0,40,False,K,August,Wednesday,Adult
745-14-1282,2024-08-29 00:50:00,O,Pitchers,M,24,Pacific Islander,O,True,4.0,13,False,O,August,Thursday,Adult
844-34-2932,2023-04-06 23:16:00,H,Elster,M,59,Pacific Islander,H,True,5.0,52,False,H,April,Thursday,Adult
661-44-3953,2024-08-20 05:56:00,S,Dowers,M,6,Pacific Islander,S,True,5.0,48,False,S,August,Tuesday,Child
181-54-1004,2024-07-20 19:06:00,D,McGriele,M,57,Pacific Islander,D,True,6.0,45,False,D,July,Saturday,Adult
879-53-1158,2024-07-04 11:05:00,O,Dablin,M,20,Pacific Islander,O,True,6.0,28,False,O,July,Thursday,Adult
765-95-6521,2024-08-17 03:22:00,T,Le Clercq,M,29,Pacific Islander,T,True,6.0,47,False,T,August,Saturday,Adult
110-12-8128,2023-05-22 09:49:00,D,Scoates,M,79,Pacific Islander,D,True,7.0,15,True,D,May,Monday,Senior
226-68-1759,2024-01-15 07:21:00,U,Lacroix,M,6,Pacific Islander,U,True,7.0,24,False,U,January,Monday,Child
424-92-9339,2023-06-27 17:24:00,D,Delle,M,12,Pacific Islander,D,True,8.0,57,False,D,June,Tuesday,Child
495-10-9893,2024-10-15 09:20:00,X,Suddell,M,77,Pacific Islander,X,True,8.0,42,False,X,October,Tuesday,Senior
592-27-7357,2023-07-06 00:21:00,I,Schimaschke,M,49,Pacific Islander,I,True,9.0,40,False,I,July,Thursday,Adult
567-70-5803,2023-07-16 13:45:00,N,McCrackan,M,9,Pacific Islander,N,True,9.0,14,False,N,July,Sunday,Child
303-39-9969,2023-11-21 11:42:00,T,Thor,M,48,Pacific Islander,T,True,10.0,22,False,T,November,Tuesday,Adult
809-23-9007,2024-01-23 20:01:00,A,Cortes,M,50,Pacific Islander,A,True,,29,False,A,January,Tuesday,Adult
155-01-1799,2024-01-14 10:55:00,K,Grew,M,74,Pacific Islander,K,True,,15,False,K,January,Sunday,Senior
588-38-4885,2023-07-14 23:56:00,V,Dinnis,M,53,Pacific Islander,V,True,,30,False,V,July,Friday,Adult
337-14-0634,2023-03-06 03:16:00,W,Vittel,M,28,Pacific Islander,W,True,,46,False,W,March,Monday,Adult
399-11-0047,2024-03-16 13:53:00,X,Gilvary,M,39,Pacific Islander,X,True,,47,False,X,March,Saturday,Adult
895-70-7727,2024-11-02 14:20:00,Z,Yelden,M,72,Pacific Islander,Z,True,9.0,47,False,Z,November,Saturday,Senior
176-46-1817,2023-09-13 14:35:00,M,Eadmeades,M,38,Pacific Islander,M,True,,47,False,M,September,Wednesday,Adult
702-97-4064,2023-08-27 10:59:00,V,Sawell,M,19,Pacific Islander,V,True,,17,False,V,August,Sunday,Adult
615-61-7861,2023-10-15 05:01:00,Z,Skace,M,5,Pacific Islander,Z,True,,47,False,Z,October,Sunday,Child
852-85-0197,2024-07-15 08:54:00,D,Shephard,M,12,Pacific Islander,D,True,3.0,41,False,D,July,Monday,Child
859-35-4402,2024-03-04 22:25:00,H,Wyburn,M,1,Pacific Islander,H,True,8.0,31,False,H,March,Monday,Child
857-51-1030,2024-12-10 19:14:00,B,Andreaccio,M,1,Two or More Races,B,True,,14,False,B,December,Tuesday,Child
663-89-8918,2024-04-20 07:34:00,D,Hulett,M,49,Two or More Races,D,True,,20,False,D,April,Saturday,Adult
502-80-8807,2023-10-30 06:12:00,F,Querrard,M,68,Two or More Races,F,True,,23,False,F,October,Monday,Senior
895-41-3196,2024-04-06 22:09:00,H,Mattersley,M,74,Two or More Races,H,True,,44,False,H,April,Saturday,Senior
549-91-4321,2024-06-10 04:12:00,P,Puleque,M,53,Two or More Races,P,True,,10,False,P,June,Monday,Adult
406-87-8281,2024-03-10 22:35:00,R,Langelaan,M,73,Two or More Races,R,True,,28,False,R,March,Sunday,Senior
207-41-0142,2023-01-08 17:37:00,Y,Chatto,M,76,Two or More Races,Y,True,,33,False,Y,January,Sunday,Senior
382-51-7784,2023-08-24 12:30:00,E,Simon,M,18,Two or More Races,E,True,0.0,11,False,E,August,Thursday,Teen
766-20-3662,2023-01-04 01:13:00,N,Sparsholt,M,60,Two or More Races,N,True,1.0,35,False,N,January,Wednesday,Adult
297-60-2643,2023-06-04 20:24:00,K,Aron,M,37,Two or More Races,K,True,3.0,31,False,K,June,Sunday,Adult
229-16-0094,2023-11-05 19:02:00,E,Payle,M,63,Two or More Races,E,True,7.0,56,True,E,November,Sunday,Senior
153-91-6324,2024-09-18 20:24:00,B,Vittle,M,37,Two or More Races,B,True,,47,False,B,September,Wednesday,Adult
228-69-8026,2024-10-16 09:47:00,D,Dives,M,68,Two or More Races,D,True,,18,False,D,October,Wednesday,Senior
722-51-5042,2023-04-06 10:40:00,D,Vinas,M,71,Two or More Races,D,True,,43,False,D,April,Thursday,Senior
602-05-7479,2023-06-10 09:55:00,A,Ambrogioni,M,12,Two or More Races,A,True,6.0,44,False,A,June,Saturday,Child
638-72-2352,2023-06-06 06:44:00,L,Bramelt,M,3,Two or More Races,L,True,6.0,25,False,L,June,Tuesday,Child
250-95-9552,2023-11-13 13:38:00,H,Archambault,M,72,Two or More Races,H,True,8.0,27,False,H,November,Monday,Senior
716-39-5317,2024-08-27 05:00:00,A,Penhalurick,M,14,Two or More Races,A,True,,49,False,A,August,Tuesday,Teen
220-58-2901,2023-12-22 15:47:00,B,Kilpatrick,M,26,Two or More Races,B,True,,44,False,B,December,Friday,Adult
861-54-8231,2023-05-25 05:24:00,B,Tesh,M,6,Two or More Races,B,True,,49,True,B,May,Thursday,Child
421-84-3059,2024-02-25 17:52:00,C,Earry,M,37,Two or More Races,C,True,,39,False,C,February,Sunday,Adult
710-20-0028,2023-10-10 12:18:00,C,Driver,M,23,Two or More Races,C,True,,47,False,C,October,Tuesday,Adult
175-65-4422,2024-06-07 22:35:00,C,Skeemor,M,56,Two or More Races,C,True,,49,False,C,June,Friday,Adult
425-53-3080,2024-10-07 00:09:00,D,Hardisty,M,10,Two or More Races,D,True,,13,False,D,October,Monday,Child
405-98-3403,2024-09-05 11:33:00,D,Clempton,M,27,Two or More Races,D,True,,30,False,D,September,Thursday,Adult
480-76-1082,2023-04-10 01:28:00,E,Weildish,M,30,Two or More Races,E,True,,33,False,E,April,Monday,Adult
732-87-8678,2023-10-16 12:37:00,F,Clubb,M,52,Two or More Races,F,True,,12,False,F,October,Monday,Adult
726-23-2278,2023-12-11 19:49:00,G,Downes,M,63,Two or More Races,G,True,,14,False,G,December,Monday,Senior
155-30-0799,2024-03-06 22:56:00,G,Trever,M,65,Two or More Races,G,True,,25,False,G,March,Wednesday,Senior
318-43-6176,2023-12-11 13:34:00,G,Yvens,M,12,Two or More Races,G,True,,27,False,G,December,Monday,Child
181-93-2611,2024-10-02 09:31:00,G,Molan,M,42,Two or More Races,G,True,,53,False,G,October,Wednesday,Adult
324-26-0684,2023-07-11 22:01:00,H,Burston,M,35,Two or More Races,H,True,,16,False,H,July,Tuesday,Adult
123-98-9698,2024-01-18 14:36:00,H,Wetherburn,M,2,Two or More Races,H,True,,33,False,H,January,Thursday,Child
105-90-4686,2023-09-05 03:26:00,I,Matheson,M,5,Two or More Races,I,True,,13,True,I,September,Tuesday,Child
754-29-7388,2024-10-19 07:31:00,I,Somerville,M,22,Two or More Races,I,True,,16,False,I,October,Saturday,Adult
569-93-6173,2024-05-17 05:36:00,K,Hurl,M,71,Two or More Races,K,True,,16,False,K,May,Friday,Senior
282-10-7870,2024-06-28 00:31:00,K,Crosham,M,27,Two or More Races,K,True,,51,False,K,June,Friday,Adult
141-76-1186,2024-07-07 18:32:00,K,Alentyev,M,51,Two or More Races,K,True,,52,False,K,July,Sunday,Adult
142-42-6161,2023-04-10 18:57:00,K,McKeon,M,39,Two or More Races,K,True,,57,False,K,April,Monday,Adult
418-54-2363,2024-03-16 10:53:00,L,Badsworth,M,41,Two or More Races,L,True,,20,False,L,March,Saturday,Adult
271-54-8655,2024-01-14 15:15:00,L,MacGahy,M,43,Two or More Races,L,True,,49,False,L,January,Sunday,Adult
676-01-7454,2024-01-10 14:28:00,N,Snowball,M,73,Two or More Races,N,True,,41,False,N,January,Wednesday,Senior
305-51-3246,2023-06-14 00:16:00,O,Grayshon,M,27,Two or More Races,O,True,,16,False,O,June,Wednesday,Adult
679-31-9861,2024-09-10 19:47:00,O,Powys,M,48,Two or More Races,O,True,,17,False,O,September,Tuesday,Adult
401-73-9481,2024-03-07 19:55:00,P,Ivanilov,M,19,Two or More Races,P,True,,12,False,P,March,Thursday,Adult
429-16-7013,2024-01-16 16:09:00,Q,Chalk,M,79,Two or More Races,Q,True,,11,False,Q,January,Tuesday,Senior
103-67-8893,2024-07-16 13:41:00,Q,Eddington,M,36,Two or More Races,Q,True,,36,False,Q,July,Tuesday,Adult
393-70-5356,2024-07-14 23:53:00,Q,Buzzing,M,70,Two or More Races,Q,True,,42,False,Q,July,Sunday,Senior
166-36-5523,2023-04-27 07:15:00,R,Claiden,M,70,Two or More Races,R,True,,17,False,R,April,Thursday,Senior
239-35-8156,2024-04-05 17:24:00,R,Aikin,M,27,Two or More Races,R,True,,39,False,R,April,Friday,Adult
412-75-9383,2024-10-02 22:07:00,R,Potzold,M,64,Two or More Races,R,True,,46,False,R,October,Wednesday,Senior
419-92-1735,2024-10-02 11:00:00,R,McNeice,M,15,Two or More Races,R,True,,57,False,R,October,Wednesday,Teen
436-04-4586,2024-10-02 02:23:00,T,Himpson,M,42,Two or More Races,T,True,,17,False,T,October,Wednesday,Adult
316-16-8848,2023-04-28 20:10:00,T,Andree,M,29,Two or More Races,T,True,,23,False,T,April,Friday,Adult
349-09-0489,2024-07-03 20:17:00,U,Bondar,M,24,Two or More Races,U,True,,10,False,U,July,Wednesday,Adult
709-66-0043,2024-04-27 05:13:00,U,Salle,M,31,Two or More Races,U,True,,15,False,U,April,Saturday,Adult
292-74-3783,2023-12-11 20:13:00,W,Ferrillio,M,31,Two or More Races,W,True,,23,False,W,December,Monday,Adult
719-68-0598,2023-07-27 05:43:00,W,Lindmark,M,25,Two or More Races,W,True,,30,False,W,July,Thursday,Adult
796-61-3221,2023-10-06 20:29:00,X,Grealy,M,11,Two or More Races,X,True,,24,False,X,October,Friday,Child
195-11-7509,2024-01-18 10:58:00,X,McEachern,M,31,Two or More Races,X,True,,28,False,X,January,Thursday,Adult
721-80-6855,2024-11-03 05:27:00,Y,Borgne,M,67,Two or More Races,Y,True,,25,False,Y,November,Sunday,Senior
566-48-5826,2024-09-01 15:08:00,Z,Cloonan,M,49,Two or More Races,Z,True,,14,False,Z,September,Sunday,Adult
380-82-8989,2023-09-26 07:21:00,Z,Glantz,M,57,Two or More Races,Z,True,,40,False,Z,September,Tuesday,Adult
587-82-5849,2023-05-04 22:19:00,G,Bierling,M,2,Two or More Races,G,True,0.0,44,False,G,May,Thursday,Child
555-74-8070,2024-07-02 22:04:00,N,Baxstare,M,44,Two or More Races,N,True,0.0,32,False,N,July,Tuesday,Adult
510-36-0741,2024-06-06 09:38:00,Z,Lunck,M,22,Two or More Races,Z,True,0.0,41,False,Z,June,Thursday,Adult
445-42-6045,2023-08-09 18:53:00,B,Farrimond,M,60,Two or More Races,B,True,1.0,43,False,B,August,Wednesday,Adult
649-49-0692,2024-07-14 07:14:00,G,Merrall,M,46,Two or More Races,G,True,1.0,25,False,G,July,Sunday,Adult
348-11-5757,2023-05-10 11:28:00,L,Gregs,M,50,Two or More Races,L,True,2.0,50,False,L,May,Wednesday,Adult
548-95-2382,2024-07-20 05:47:00,U,Kopelman,M,14,Two or More Races,U,True,3.0,48,False,U,July,Saturday,Teen
876-14-0295,2024-01-02 20:53:00,E,Bellhouse,M,21,Two or More Races,E,True,4.0,36,False,E,January,Tuesday,Adult
744-88-0950,2023-02-11 02:37:00,W,Grove,M,79,Two or More Races,W,True,4.0,38,False,W,February,Saturday,Senior
880-69-4561,2023-06-18 02:07:00,F,Felgate,M,40,Two or More Races,F,True,5.0,15,False,F,June,Sunday,Adult
682-63-0450,2024-09-30 11:11:00,G,Classen,M,78,Two or More Races,G,True,6.0,49,False,G,September,Monday,Senior
301-72-7069,2023-06-21 12:34:00,M,Mathou,M,41,Two or More Races,M,True,7.0,18,False,M,June,Wednesday,Adult
611-16-6180,2024-06-24 07:46:00,R,Berriman,M,25,Two or More Races,R,True,9.0,42,False,R,June,Monday,Adult
618-76-9696,2024-10-30 22:10:00,I,Rummins,M,7,Two or More Races,I,True,10.0,15,False,I,October,Wednesday,Child
712-60-2372,2023-11-23 17:41:00,B,Ballam,M,14,Two or More Races,B,True,,45,False,B,November,Thursday,Teen
569-40-2069,2023-06-25 07:54:00,K,Drakes,M,19,Two or More Races,K,True,,32,False,K,June,Sunday,Adult
688-30-7138,2023-09-12 02:43:00,L,Zanini,M,58,Two or More Races,L,True,,46,False,L,September,Tuesday,Adult
844-61-5242,2023-11-07 20:49:00,Q,Berkelay,M,78,Two or More Races,Q,True,,23,False,Q,November,Tuesday,Senior
123-43-5587,2024-10-30 09:34:00,S,Chrystal,M,26,Two or More Races,S,True,,36,False,S,October,Wednesday,Adult
434-60-8489,2023-08-18 15:45:00,V,Whittall,M,47,Two or More Races,V,True,,23,False,V,August,Friday,Adult
658-77-1140,2024-09-24 09:48:00,V,Aspinal,M,22,Two or More Races,V,True,3.0,58,False,V,September,Tuesday,Adult
139-05-0602,2023-12-30 15:09:00,A,Algar,M,68,Two or More Races,A,True,,15,False,A,December,Saturday,Senior
606-09-4086,2024-03-06 03:45:00,A,Sullly,M,78,Two or More Races,A,True,,24,False,A,March,Wednesday,Senior
849-88-0586,2023-06-29 12:45:00,A,Carbry,M,34,Two or More Races,A,True,,33,False,A,June,Thursday,Adult
116-34-3247,2023-11-05 14:13:00,A,Rainsbury,M,10,Two or More Races,A,True,,50,True,A,November,Sunday,Child
766-68-5079,2024-03-09 20:13:00,A,Waterdrinker,M,33,Two or More Races,A,True,,51,False,A,March,Saturday,Adult
537-66-5031,2024-09-13 06:21:00,A,McLaren,M,51,Two or More Races,A,True,,59,False,A,September,Friday,Adult
317-21-5070,2024-07-24 06:26:00,B,Kimble,M,70,Two or More Races,B,True,,20,False,B,July,Wednesday,Senior
464-43-6789,2024-10-02 15:15:00,B,Philippard,M,57,Two or More Races,B,True,,39,False,B,October,Wednesday,Adult
378-11-0910,2024-02-07 15:11:00,C,De Ferrari,M,46,Two or More Races,C,True,,15,False,C,February,Wednesday,Adult
573-44-5218,2023-07-22 12:42:00,C,Cottam,M,33,Two or More Races,C,True,,17,False,C,July,Saturday,Adult
734-44-6625,2024-02-27 14:03:00,C,O'Halloran,M,32,Two or More Races,C,True,,18,False,C,February,Tuesday,Adult
263-80-0452,2024-02-20 06:08:00,C,Dermott,M,29,Two or More Races,C,True,,20,False,C,February,Tuesday,Adult
448-30-0204,2024-03-10 13:46:00,C,Minelli,M,41,Two or More Races,C,True,,21,False,C,March,Sunday,Adult
148-83-0205,2024-10-18 22:29:00,C,Binestead,M,60,Two or More Races,C,True,,21,False,C,October,Friday,Adult
647-97-7958,2024-08-29 01:37:00,C,Gail,M,39,Two or More Races,C,True,,22,False,C,August,Thursday,Adult
435-86-3142,2023-09-19 16:10:00,C,Knocker,M,72,Two or More Races,C,True,,26,False,C,September,Tuesday,Senior
578-51-6902,2023-09-25 00:43:00,C,Gisburn,M,73,Two or More Races,C,True,,26,False,C,September,Monday,Senior
465-58-1592,2024-12-03 07:51:00,C,Dufaire,M,56,Two or More Races,C,True,,41,False,C,December,Tuesday,Adult
363-49-1560,2024-02-24 08:02:00,C,Dunford,M,23,Two or More Races,C,True,,50,False,C,February,Saturday,Adult
301-02-7877,2023-11-26 18:20:00,C,Murrells,M,65,Two or More Races,C,True,,55,False,C,November,Sunday,Senior
264-28-6782,2024-01-18 09:46:00,C,Widdowson,M,42,Two or More Races,C,True,,57,False,C,January,Thursday,Adult
240-40-5984,2024-03-03 09:41:00,D,Stinton,M,55,Two or More Races,D,True,,11,False,D,March,Sunday,Adult
550-23-1722,2024-10-10 12:33:00,D,Vamplers,M,19,Two or More Races,D,True,,20,False,D,October,Thursday,Adult
571-79-9300,2023-10-10 00:19:00,D,Ree,M,43,Two or More Races,D,True,,24,False,D,October,Tuesday,Adult
460-05-1165,2024-03-14 21:23:00,D,Winfrey,M,68,Two or More Races,D,True,,27,False,D,March,Thursday,Senior
694-03-3604,2023-05-19 01:48:00,D,Stollsteimer,M,13,Two or More Races,D,True,,33,True,D,May,Friday,Teen
322-27-7439,2024-08-17 11:56:00,D,Johansen,M,22,Two or More Races,D,True,,34,False,D,August,Saturday,Adult
337-26-8445,2023-06-23 03:06:00,D,Prinn,M,25,Two or More Races,D,True,,45,False,D,June,Friday,Adult
658-64-5564,2024-06-01 13:00:00,D,Dearman,M,18,Two or More Races,D,True,,53,False,D,June,Saturday,Teen
674-63-6347,2024-12-03 18:53:00,D,Lamort,M,75,Two or More Races,D,True,,53,False,D,December,Tuesday,Senior
390-65-7711,2024-03-19 23:42:00,E,Strass,M,9,Two or More Races,E,True,,11,False,E,March,Tuesday,Child
168-45-0851,2024-09-24 22:47:00,E,Gallico,M,75,Two or More Races,E,True,,14,False,E,September,Tuesday,Senior
358-68-5495,2023-04-08 22:18:00,E,Mildmott,M,67,Two or More Races,E,True,,16,False,E,April,Saturday,Senior
143-33-8385,2023-11-30 21:38:00,E,Slipper,M,28,Two or More Races,E,True,,22,False,E,November,Thursday,Adult
417-94-9904,2023-06-28 15:07:00,E,Bastistini,M,41,Two or More Races,E,True,,31,False,E,June,Wednesday,Adult
359-70-0645,2023-04-25 13:28:00,E,Morena,M,8,Two or More Races,E,True,,56,False,E,April,Tuesday,Child
290-32-8209,2024-01-13 00:47:00,F,Cubuzzi,M,66,Two or More Races,F,True,,15,False,F,January,Saturday,Senior
525-87-3056,2023-08-13 15:38:00,F,Scholtis,M,4,Two or More Races,F,True,,16,False,F,August,Sunday,Child
114-10-9575,2023-09-07 17:52:00,F,Kraft,M,44,Two or More Races,F,True,,17,False,F,September,Thursday,Adult
410-24-9616,2024-04-03 13:31:00,F,Busen,M,54,Two or More Races,F,True,,47,False,F,April,Wednesday,Adult
501-51-6876,2023-08-06 19:27:00,F,Pablo,M,10,Two or More Races,F,True,,60,False,F,August,Sunday,Child
267-22-3909,2023-12-13 14:31:00,G,Giannotti,M,65,Two or More Races,G,True,,15,False,G,December,Wednesday,Senior
659-62-1017,2023-10-09 03:22:00,G,Ginnety,M,16,Two or More Races,G,True,,29,False,G,October,Monday,Teen
728-95-3842,2024-03-24 23:44:00,G,Pelcheur,M,21,Two or More Races,G,True,,34,False,G,March,Sunday,Adult
527-92-5108,2024-05-28 21:49:00,G,Fassmann,M,73,Two or More Races,G,True,,42,False,G,May,Tuesday,Senior
459-17-1766,2024-04-06 06:57:00,G,Keepin,M,52,Two or More Races,G,True,,60,False,G,April,Saturday,Adult
182-56-9406,2024-03-31 10:31:00,H,Alvaro,M,44,Two or More Races,H,True,,18,False,H,March,Sunday,Adult
781-16-9719,2023-06-04 16:27:00,H,Breslin,M,78,Two or More Races,H,True,,19,False,H,June,Sunday,Senior
308-19-8528,2024-09-26 12:03:00,H,Mintram,M,51,Two or More Races,H,True,,43,False,H,September,Thursday,Adult
316-77-4231,2023-10-05 00:29:00,H,Callan,M,58,Two or More Races,H,True,,51,True,H,October,Thursday,Adult
407-58-7271,2024-02-24 17:39:00,H,Hillyatt,M,51,Two or More Races,H,True,,56,False,H,February,Saturday,Adult
474-06-9276,2023-05-08 17:30:00,H,Imlach,M,51,Two or More Races,H,True,,58,False,H,May,Monday,Adult
532-56-5183,2023-11-11 03:59:00,H,Verrick,M,5,Two or More Races,H,True,,60,False,H,November,Saturday,Child
178-57-5719,2024-02-26 01:15:00,I,Frain,M,39,Two or More Races,I,True,,15,False,I,February,Monday,Adult
723-64-4013,2023-05-09 02:18:00,I,Finnie,M,17,Two or More Races,I,True,,27,False,I,May,Tuesday,Teen
467-34-2716,2023-06-28 06:10:00,I,Eddisford,M,33,Two or More Races,I,True,,28,False,I,June,Wednesday,Adult
517-26-2449,2024-06-16 05:05:00,I,Verling,M,48,Two or More Races,I,True,,29,False,I,June,Sunday,Adult
435-25-9744,2024-01-27 19:26:00,I,Cullrford,M,8,Two or More Races,I,True,,33,False,I,January,Saturday,Child
351-52-7426,2023-08-15 07:37:00,I,Timpany,M,22,Two or More Races,I,True,,33,False,I,August,Tuesday,Adult
448-28-9888,2023-04-05 22:00:00,I,Brimfield,M,68,Two or More Races,I,True,,36,True,I,April,Wednesday,Senior
333-30-5642,2024-05-16 11:54:00,J,Roset,M,20,Two or More Races,J,True,,10,False,J,May,Thursday,Adult
767-85-5226,2023-11-07 15:07:00,J,Zoppo,M,11,Two or More Races,J,True,,15,False,J,November,Tuesday,Child
818-92-9253,2024-03-13 17:22:00,J,Bastide,M,68,Two or More Races,J,True,,36,False,J,March,Wednesday,Senior
151-89-4367,2024-08-26 00:08:00,J,Acheson,M,9,Two or More Races,J,True,,44,False,J,August,Monday,Child
860-93-7338,2024-09-17 22:39:00,J,Bradmore,M,74,Two or More Races,J,True,,55,False,J,September,Tuesday,Senior
653-94-6889,2024-04-23 15:00:00,K,Greenroad,M,13,Two or More Races,K,True,,22,False,K,April,Tuesday,Teen
856-29-8774,2023-12-31 15:44:00,K,Dench,M,77,Two or More Races,K,True,,48,False,K,December,Sunday,Senior
645-56-1978,2023-01-12 15:00:00,K,Trounson,M,17,Two or More Races,K,True,,50,False,K,January,Thursday,Teen
219-43-2280,2024-07-16 17:31:00,L,Gyppes,M,41,Two or More Races,L,True,,12,False,L,July,Tuesday,Adult
807-34-6476,2023-10-08 12:18:00,L,Fender,M,55,Two or More Races,L,True,,15,False,L,October,Sunday,Adult
589-77-8568,2024-04-22 08:42:00,L,Posthill,M,2,Two or More Races,L,True,,29,False,L,April,Monday,Child
334-16-5444,2023-09-30 23:16:00,L,Mayward,M,59,Two or More Races,L,True,,41,False,L,September,Saturday,Adult
730-27-7143,2024-06-21 01:56:00,L,Collomosse,M,39,Two or More Races,L,True,,53,False,L,June,Friday,Adult
652-59-4953,2024-03-23 16:00:00,M,Hoggin,M,54,Two or More Races,M,True,,16,False,M,March,Saturday,Adult
608-63-6550,2023-06-18 12:21:00,M,Beswick,M,12,Two or More Races,M,True,,23,False,M,June,Sunday,Child
777-79-9434,2023-04-22 01:06:00,M,Gillespie,M,55,Two or More Races,M,True,,25,False,M,April,Saturday,Adult
373-46-4972,2023-04-20 04:54:00,M,de Mullett,M,18,Two or More Races,M,True,,28,False,M,April,Thursday,Teen
372-98-8410,2023-12-12 02:32:00,M,Giles,M,11,Two or More Races,M,True,,40,False,M,December,Tuesday,Child
471-87-4670,2024-03-03 20:30:00,M,Creighton,M,51,Two or More Races,M,True,,44,False,M,March,Sunday,Adult
740-85-5462,2023-06-17 23:52:00,M,Mathonnet,M,24,Two or More Races,M,True,,47,False,M,June,Saturday,Adult
748-19-0239,2024-04-22 04:05:00,M,Lared,M,3,Two or More Races,M,True,,54,False,M,April,Monday,Child
306-24-6121,2024-11-03 00:06:00,M,Cocks,M,68,Two or More Races,M,True,,54,False,M,November,Sunday,Senior
378-23-0641,2024-01-25 02:22:00,M,Bradbury,M,11,Two or More Races,M,True,,58,False,M,January,Thursday,Child
201-02-3198,2024-04-28 21:39:00,N,Trump,M,78,Two or More Races,N,True,,16,False,N,April,Sunday,Senior
477-57-9877,2023-04-26 14:09:00,N,Trevor,M,19,Two or More Races,N,True,,17,False,N,April,Wednesday,Adult
663-45-0284,2023-04-10 15:07:00,N,Brick,M,22,Two or More Races,N,True,,40,False,N,April,Monday,Adult
340-30-7357,2024-06-09 17:59:00,N,Gribbin,M,39,Two or More Races,N,True,,53,False,N,June,Sunday,Adult
615-53-7741,2023-08-08 22:27:00,N,Benoit,M,5,Two or More Races,N,True,,56,False,N,August,Tuesday,Child
354-85-0711,2023-11-12 04:16:00,N,Cornelleau,M,58,Two or More Races,N,True,,58,False,N,November,Sunday,Adult
516-86-8847,2023-11-19 10:52:00,O,Knappitt,M,24,Two or More Races,O,True,,10,False,O,November,Sunday,Adult
260-50-0772,2024-12-10 21:07:00,O,Coston,M,1,Two or More Races,O,True,,19,False,O,December,Tuesday,Child
152-95-4374,2023-10-05 21:34:00,O,Parncutt,M,39,Two or More Races,O,True,,36,True,O,October,Thursday,Adult
512-17-6454,2024-03-25 17:23:00,O,Measor,M,21,Two or More Races,O,True,,39,False,O,March,Monday,Adult
540-90-9866,2023-12-10 20:24:00,O,Blumsom,M,44,Two or More Races,O,True,,58,False,O,December,Sunday,Adult
486-61-5733,2024-05-21 19:17:00,P,Brand-Hardy,M,8,Two or More Races,P,True,,33,False,P,May,Tuesday,Child
505-44-9196,2023-01-08 08:58:00,P,Nisot,M,27,Two or More Races,P,True,,48,False,P,January,Sunday,Adult
667-25-2596,2023-10-06 22:41:00,P,Medcraft,M,4,Two or More Races,P,True,,49,False,P,October,Friday,Child
207-51-4043,2023-09-23 13:33:00,P,Fuke,M,34,Two or More Races,P,True,,53,False,P,September,Saturday,Adult
844-34-4827,2024-08-30 08:41:00,Q,Talby,M,77,Two or More Races,Q,True,,20,False,Q,August,Friday,Senior
108-47-3243,2023-04-08 19:45:00,Q,Geikie,M,32,Two or More Races,Q,True,,25,False,Q,April,Saturday,Adult
200-13-6377,2024-12-07 17:23:00,Q,Berryman,M,66,Two or More Races,Q,True,,25,False,Q,December,Saturday,Senior
869-06-1488,2023-04-05 15:38:00,Q,Angel,M,8,Two or More Races,Q,True,,27,True,Q,April,Wednesday,Child
139-35-0163,2024-11-05 05:14:00,Q,Kynoch,M,53,Two or More Races,Q,True,,43,False,Q,November,Tuesday,Adult
688-41-9049,2024-05-01 22:14:00,Q,Westwell,M,17,Two or More Races,Q,True,,48,False,Q,May,Wednesday,Teen
541-44-8484,2024-01-23 10:05:00,Q,Almond,M,8,Two or More Races,Q,True,,53,False,Q,January,Tuesday,Child
625-89-3309,2024-08-09 02:46:00,R,Tschiersch,M,4,Two or More Races,R,True,,34,False,R,August,Friday,Child
200-75-3420,2023-06-26 12:00:00,R,Greaser,M,32,Two or More Races,R,True,,34,False,R,June,Monday,Adult
650-97-0593,2024-06-30 08:18:00,R,Rosten,M,9,Two or More Races,R,True,,57,False,R,June,Sunday,Child
745-51-9971,2024-03-30 09:57:00,S,Melmeth,M,6,Two or More Races,S,True,,11,False,S,March,Saturday,Child
545-41-0302,2023-01-07 02:47:00,S,Jills,M,17,Two or More Races,S,True,,14,False,S,January,Saturday,Teen
835-92-1138,2024-02-04 18:08:00,S,Kibel,M,20,Two or More Races,S,True,,16,False,S,February,Sunday,Adult
380-36-1654,2024-02-23 22:13:00,S,William,M,70,Two or More Races,S,True,,19,False,S,February,Friday,Senior
440-92-8721,2023-05-08 13:53:00,S,Ebbens,M,1,Two or More Races,S,True,,36,False,S,May,Monday,Child
131-97-5369,2024-08-15 07:04:00,S,De Bischof,M,58,Two or More Races,S,True,,40,False,S,August,Thursday,Adult
521-73-3836,2023-03-07 06:09:00,S,Yuill,M,49,Two or More Races,S,True,,52,False,S,March,Tuesday,Adult
432-34-6666,2024-02-29 14:23:00,S,Mapson,M,62,Two or More Races,S,True,,56,False,S,February,Thursday,Senior
505-83-6268,2024-10-25 07:44:00,S,Press,M,47,Two or More Races,S,True,,60,False,S,October,Friday,Adult
507-05-2603,2024-03-18 04:58:00,S,Byllam,M,54,Two or More Races,S,True,,60,False,S,March,Monday,Adult
735-92-5480,2024-09-15 05:50:00,S,Cradey,M,70,Two or More Races,S,True,,60,False,S,September,Sunday,Senior
168-40-6071,2023-09-27 08:44:00,T,McDowell,M,22,Two or More Races,T,True,,14,False,T,September,Wednesday,Adult
620-22-0920,2024-03-13 06:28:00,T,Hursey,M,38,Two or More Races,T,True,,34,False,T,March,Wednesday,Adult
465-75-1783,2023-12-22 02:08:00,T,Gronauer,M,27,Two or More Races,T,True,,38,False,T,December,Friday,Adult
424-08-9152,2024-07-20 11:20:00,U,Pharaoh,M,34,Two or More Races,U,True,,10,False,U,July,Saturday,Adult
794-84-7228,2024-11-07 18:23:00,U,Greed,M,48,Two or More Races,U,True,,22,False,U,November,Thursday,Adult
869-64-3032,2023-11-08 12:17:00,U,Karus,M,16,Two or More Races,U,True,,27,False,U,November,Wednesday,Teen
407-35-0875,2024-08-14 12:21:00,U,Saines,M,44,Two or More Races,U,True,,41,False,U,August,Wednesday,Adult
695-66-2594,2023-03-11 11:06:00,U,Puddicombe,M,75,Two or More Races,U,True,,44,False,U,March,Saturday,Senior
467-25-9553,2023-05-09 02:25:00,V,Bisp,M,32,Two or More Races,V,True,,12,False,V,May,Tuesday,Adult
587-69-3886,2024-10-01 23:58:00,V,Wombwell,M,62,Two or More Races,V,True,,12,False,V,October,Tuesday,Senior
463-53-5459,2023-07-28 06:10:00,V,Josskoviz,M,66,Two or More Races,V,True,,23,False,V,July,Friday,Senior
433-05-4611,2024-02-26 13:58:00,V,Barmadier,M,57,Two or More Races,V,True,,34,False,V,February,Monday,Adult
785-87-9452,2023-03-06 14:54:00,V,Gentle,M,17,Two or More Races,V,True,,40,False,V,March,Monday,Teen
643-12-7293,2024-10-10 08:50:00,V,Hancorn,M,6,Two or More Races,V,True,,42,False,V,October,Thursday,Child
852-26-5911,2023-09-04 22:06:00,V,Foxwell,M,62,Two or More Races,V,True,,47,False,V,September,Monday,Senior
268-42-8258,2024-09-29 02:27:00,W,Hurtic,M,10,Two or More Races,W,True,,24,False,W,September,Sunday,Child
436-58-0592,2024-03-21 07:57:00,W,Thay,M,20,Two or More Races,W,True,,31,False,W,March,Thursday,Adult
613-66-1124,2024-08-20 05:52:00,W,Donovin,M,7,Two or More Races,W,True,,40,False,W,August,Tuesday,Child
177-46-8112,2024-10-18 07:32:00,W,McNerlin,M,40,Two or More Races,W,True,,43,False,W,October,Friday,Adult
833-93-8772,2024-07-07 00:07:00,X,Selwyne,M,46,Two or More Races,X,True,,17,False,X,July,Sunday,Adult
889-96-0217,2024-11-10 05:25:00,X,Fishbourne,M,40,Two or More Races,X,True,,38,False,X,November,Sunday,Adult
400-45-2411,2023-09-04 08:34:00,X,Balden,M,34,Two or More Races,X,True,,43,False,X,September,Monday,Adult
140-49-7915,2023-08-23 21:21:00,X,Stiegar,M,16,Two or More Races,X,True,,49,False,X,August,Wednesday,Teen
792-55-4914,2024-02-26 11:55:00,X,Lytell,M,41,Two or More Races,X,True,,60,False,X,February,Monday,Adult
708-49-4528,2024-06-02 07:22:00,Y,Dillicate,M,31,Two or More Races,Y,True,,10,False,Y,June,Sunday,Adult
713-12-8133,2024-03-31 16:44:00,Y,Comusso,M,37,Two or More Races,Y,True,,10,False,Y,March,Sunday,Adult
611-07-3371,2024-04-10 10:19:00,Y,Dallin,M,69,Two or More Races,Y,True,,30,False,Y,April,Wednesday,Senior
776-46-7862,2024-03-18 06:44:00,Y,Guilfoyle,M,31,Two or More Races,Y,True,,31,False,Y,March,Monday,Adult
437-12-0284,2023-09-05 08:53:00,Y,Tandy,M,53,Two or More Races,Y,True,,31,True,Y,September,Tuesday,Adult
478-39-3852,2024-04-28 15:19:00,Y,Filippucci,M,70,Two or More Races,Y,True,,39,False,Y,April,Sunday,Senior
179-33-1012,2024-08-23 07:45:00,Y,Stockings,M,1,Two or More Races,Y,True,,40,False,Y,August,Friday,Child
181-08-6985,2024-01-21 03:27:00,Y,Laverock,M,28,Two or More Races,Y,True,,44,False,Y,January,Sunday,Adult
475-86-8257,2024-10-13 08:33:00,Y,Annwyl,M,12,Two or More Races,Y,True,,47,False,Y,October,Sunday,Child
284-83-4586,2024-12-01 19:38:00,Y,Stanistreet,M,26,Two or More Races,Y,True,,50,False,Y,December,Sunday,Adult
503-77-7043,2023-08-07 18:32:00,Y,Knoble,M,11,Two or More Races,Y,True,,58,False,Y,August,Monday,Child
789-74-0963,2024-10-20 12:49:00,Z,Hark,M,1,Two or More Races,Z,True,,22,False,Z,October,Sunday,Child
383-79-7807,2024-07-31 17:49:00,Z,Rounds,M,11,Two or More Races,Z,True,,29,False,Z,July,Wednesday,Child
761-63-9036,2024-05-13 16:00:00,Z,Gouldthorpe,M,6,Two or More Races,Z,True,,51,False,Z,May,Monday,Child
206-49-3654,2023-05-26 01:34:00,Z,Ingarfill,M,16,Two or More Races,Z,True,,55,True,Z,May,Friday,Teen
694-36-7479,2023-07-13 00:19:00,Z,Souch,M,75,Two or More Races,Z,True,,55,False,Z,July,Thursday,Senior
453-22-0526,2024-08-22 19:31:00,Z,Banaszczyk,M,78,Two or More Races,Z,True,,55,False,Z,August,Thursday,Senior
473-65-5369,2023-02-10 04:20:00,N,Loader,M,54,Two or More Races,N,True,0.0,26,False,N,February,Friday,Adult
383-99-2729,2024-11-03 08:36:00,P,Waymont,M,77,Two or More Races,P,True,0.0,43,False,P,November,Sunday,Senior
785-67-8305,2024-09-03 02:26:00,S,Bowler,M,2,Two or More Races,S,True,0.0,29,False,S,September,Tuesday,Child
569-71-9134,2023-06-28 06:57:00,S,Dottrell,M,2,Two or More Races,S,True,0.0,60,False,S,June,Wednesday,Child
880-92-3850,2024-01-14 05:56:00,A,Lyne,M,38,Two or More Races,A,True,1.0,37,False,A,January,Sunday,Adult
116-72-8706,2024-08-07 23:11:00,B,Martinson,M,73,Two or More Races,B,True,1.0,20,False,B,August,Wednesday,Senior
284-29-3382,2023-05-06 19:33:00,J,Drew-Clifton,M,25,Two or More Races,J,True,1.0,35,False,J,May,Saturday,Adult
780-41-8910,2023-04-10 13:54:00,N,Storton,M,18,Two or More Races,N,True,1.0,15,False,N,April,Monday,Teen
480-89-1845,2024-02-14 05:28:00,O,Purcer,M,77,Two or More Races,O,True,1.0,12,False,O,February,Wednesday,Senior
615-95-1605,2023-12-29 23:57:00,A,Dulwich,M,48,Two or More Races,A,True,3.0,37,False,A,December,Friday,Adult
669-65-6281,2023-12-06 22:07:00,H,Phillip,M,9,Two or More Races,H,True,3.0,13,False,H,December,Wednesday,Child
202-24-9835,2024-10-06 05:38:00,U,Delnevo,M,55,Two or More Races,U,True,3.0,39,False,U,October,Sunday,Adult
463-20-0140,2024-09-06 13:50:00,V,Devereux,M,28,Two or More Races,V,True,3.0,44,False,V,September,Friday,Adult
482-71-0293,2023-06-28 23:10:00,M,Crudge,M,10,Two or More Races,M,True,4.0,45,False,M,June,Wednesday,Child
660-02-3659,2024-11-01 14:10:00,N,Danilchik,M,60,Two or More Races,N,True,4.0,27,False,N,November,Friday,Adult
205-98-5561,2023-09-22 14:33:00,V,Mazzilli,M,26,Two or More Races,V,True,4.0,56,False,V,September,Friday,Adult
481-53-7133,2024-11-06 07:28:00,X,Willoughey,M,4,Two or More Races,X,True,4.0,18,False,X,November,Wednesday,Child
854-98-6409,2024-04-27 14:38:00,C,Tidbold,M,56,Two or More Races,C,True,5.0,30,False,C,April,Saturday,Adult
716-30-8175,2023-06-24 09:39:00,K,Marchello,M,49,Two or More Races,K,True,5.0,51,False,K,June,Saturday,Adult
821-22-4619,2023-06-23 22:59:00,W,Lalor,M,58,Two or More Races,W,True,5.0,11,False,W,June,Friday,Adult
863-56-7331,2024-03-06 22:03:00,C,Sharper,M,79,Two or More Races,C,True,6.0,58,False,C,March,Wednesday,Senior
279-58-2148,2024-08-31 08:06:00,L,Beeble,M,36,Two or More Races,L,True,6.0,22,False,L,August,Saturday,Adult
199-68-5630,2024-08-15 10:43:00,L,McIlharga,M,60,Two or More Races,L,True,6.0,42,False,L,August,Thursday,Adult
870-58-8114,2024-06-28 16:18:00,M,Works,M,49,Two or More Races,M,True,6.0,13,False,M,June,Friday,Adult
301-26-2921,2023-04-06 14:26:00,N,Orfeur,M,25,Two or More Races,N,True,6.0,27,False,N,April,Thursday,Adult
589-78-2886,2023-12-15 02:53:00,R,Spafford,M,69,Two or More Races,R,True,6.0,41,False,R,December,Friday,Senior
500-49-4724,2024-06-15 23:16:00,X,Lipprose,M,49,Two or More Races,X,True,6.0,24,False,X,June,Saturday,Adult
778-11-6117,2023-07-17 16:51:00,I,Bulward,M,70,Two or More Races,I,True,7.0,55,False,I,July,Monday,Senior
661-57-2793,2023-08-07 00:24:00,W,Clinnick,M,35,Two or More Races,W,True,7.0,27,False,W,August,Monday,Adult
781-76-4333,2023-04-30 03:28:00,A,Frisdick,M,25,Two or More Races,A,True,8.0,53,False,A,April,Sunday,Adult
668-63-4361,2023-07-21 06:54:00,E,Pearde,M,24,Two or More Races,E,True,8.0,27,False,E,July,Friday,Adult
364-59-6845,2024-07-19 05:43:00,M,Stopps,M,60,Two or More Races,M,True,8.0,15,False,M,July,Friday,Adult
723-80-5184,2023-09-11 02:35:00,Q,Cranstone,M,60,Two or More Races,Q,True,8.0,20,False,Q,September,Monday,Adult
676-37-4447,2024-04-04 20:09:00,R,Jiras,M,51,Two or More Races,R,True,8.0,54,False,R,April,Thursday,Adult
155-97-7139,2024-04-24 16:30:00,V,Baseggio,M,33,Two or More Races,V,True,8.0,47,False,V,April,Wednesday,Adult
236-16-8116,2023-09-30 15:16:00,X,Ert,M,41,Two or More Races,X,True,8.0,20,False,X,September,Saturday,Adult
501-36-6469,2024-04-24 11:15:00,Z,Gandar,M,22,Two or More Races,Z,True,8.0,19,False,Z,April,Wednesday,Adult
852-57-5816,2024-03-28 23:43:00,D,Sphinxe,M,14,Two or More Races,D,True,9.0,10,False,D,March,Thursday,Teen
633-04-8648,2023-09-29 05:57:00,M,Paolino,M,74,Two or More Races,M,True,9.0,59,False,M,September,Friday,Senior
156-85-7175,2024-05-16 17:24:00,S,Bumby,M,41,Two or More Races,S,True,9.0,51,False,S,May,Thursday,Adult
638-94-7394,2023-11-30 15:49:00,D,MacTeague,M,37,Two or More Races,D,True,10.0,45,False,D,November,Thursday,Adult
840-81-0704,2024-09-30 05:08:00,Q,McGinlay,M,13,Two or More Races,Q,True,10.0,27,False,Q,September,Monday,Teen
591-32-2487,2024-03-21 01:07:00,U,Kitchingman,M,65,Two or More Races,U,True,10.0,48,False,U,March,Thursday,Senior
894-14-7789,2024-06-03 17:06:00,X,Renzo,M,61,Two or More Races,X,True,10.0,20,False,X,June,Monday,Senior
357-69-5446,2024-03-01 05:57:00,A,Huetson,M,41,Two or More Races,A,True,,57,False,A,March,Friday,Adult
769-78-1792,2023-08-29 06:20:00,B,Mordie,M,33,Two or More Races,B,True,,24,False,B,August,Tuesday,Adult
160-36-8458,2024-06-24 23:36:00,B,Fredi,M,49,Two or More Races,B,True,,60,False,B,June,Monday,Adult
615-29-6442,2024-06-17 22:49:00,E,Statersfield,M,8,Two or More Races,E,True,,25,False,E,June,Monday,Child
822-88-4417,2024-05-02 01:40:00,E,Bertenshaw,M,33,Two or More Races,E,True,,35,False,E,May,Thursday,Adult
182-69-5382,2024-04-09 02:17:00,F,Lott,M,21,Two or More Races,F,True,,12,False,F,April,Tuesday,Adult
129-10-3775,2023-06-22 13:44:00,G,Blaydon,M,11,Two or More Races,G,True,,20,False,G,June,Thursday,Child
691-51-1570,2023-09-27 10:09:00,G,Yitzhak,M,44,Two or More Races,G,True,,35,False,G,September,Wednesday,Adult
270-64-7975,2024-07-07 18:36:00,G,Gunston,M,11,Two or More Races,G,True,,40,False,G,July,Sunday,Child
818-07-9151,2024-08-20 17:49:00,G,Trengrouse,M,15,Two or More Races,G,True,,42,False,G,August,Tuesday,Teen
118-25-0553,2023-11-29 05:42:00,I,Titta,M,3,Two or More Races,I,True,,50,False,I,November,Wednesday,Child
555-22-1922,2023-05-31 07:33:00,J,Layne,M,4,Two or More Races,J,True,,19,True,J,May,Wednesday,Child
534-62-6569,2023-09-15 05:04:00,K,Gaudon,M,13,Two or More Races,K,True,,24,False,K,September,Friday,Teen
372-37-2243,2024-09-22 11:05:00,L,Berendsen,M,22,Two or More Races,L,True,,20,False,L,September,Sunday,Adult
327-24-4976,2023-12-07 23:26:00,L,Kearns,M,39,Two or More Races,L,True,,24,False,L,December,Thursday,Adult
172-88-9711,2024-12-01 21:21:00,L,Fricke,M,61,Two or More Races,L,True,,37,False,L,December,Sunday,Senior
854-70-8374,2023-08-17 20:50:00,M,Gumary,M,13,Two or More Races,M,True,,50,False,M,August,Thursday,Teen
886-46-5748,2023-08-16 22:54:00,O,Conneely,M,19,Two or More Races,O,True,,45,False,O,August,Wednesday,Adult
402-85-5587,2024-01-13 04:08:00,P,Biggen,M,26,Two or More Races,P,True,,42,False,P,January,Saturday,Adult
140-92-4110,2023-09-07 02:15:00,R,Woolger,M,45,Two or More Races,R,True,,12,False,R,September,Thursday,Adult
690-03-4668,2024-03-08 01:27:00,T,Stonard,M,61,Two or More Races,T,True,,18,False,T,March,Friday,Senior
793-25-4580,2024-01-21 15:36:00,T,Chellenham,M,78,Two or More Races,T,True,,23,False,T,January,Sunday,Senior
679-23-8667,2024-03-27 06:32:00,T,Southernwood,M,67,Two or More Races,T,True,,58,False,T,March,Wednesday,Senior
458-91-1637,2024-01-27 00:58:00,V,Shrimpton,M,30,Two or More Races,V,True,,15,False,V,January,Saturday,Adult
293-25-8403,2023-05-10 17:47:00,W,Renn,M,25,Two or More Races,W,True,,49,False,W,May,Wednesday,Adult
651-85-9191,2023-05-22 20:44:00,W,Counihan,M,50,Two or More Races,W,True,,56,True,W,May,Monday,Adult
866-83-2347,2023-01-11 10:53:00,X,Ruff,M,46,Two or More Races,X,True,,12,False,X,January,Wednesday,Adult
394-04-2226,2024-07-30 22:16:00,X,Fargie,M,7,Two or More Races,X,True,,27,False,X,July,Tuesday,Child
431-19-3103,2024-09-07 23:09:00,Z,Verrick,M,17,Two or More Races,Z,True,,17,False,Z,September,Saturday,Teen
475-97-6923,2023-07-09 00:03:00,Z,Aliman,M,45,Two or More Races,Z,True,,39,False,Z,July,Sunday,Adult
713-89-1201,2023-12-18 16:00:00,P,Ringer,M,31,Two or More Races,P,True,0.0,26,False,P,December,Monday,Adult
496-61-3003,2024-09-26 10:01:00,O,Hayter,M,39,Two or More Races,O,True,2.0,21,False,O,September,Thursday,Adult
589-73-5235,2023-10-30 17:11:00,V,Evenden,M,23,Two or More Races,V,True,2.0,16,False,V,October,Monday,Adult
660-54-4475,2023-02-05 06:00:00,U,Duffill,M,34,Two or More Races,U,True,5.0,45,True,U,February,Sunday,Adult
651-53-5303,2023-10-13 09:54:00,Y,Deary,M,65,Two or More Races,Y,True,5.0,25,False,Y,October,Friday,Senior
839-14-7913,2023-05-08 18:58:00,K,Liddiard,M,53,Two or More Races,K,True,7.0,35,False,K,May,Monday,Adult
464-93-5592,2024-03-30 10:13:00,P,Caslane,M,33,Two or More Races,P,True,7.0,19,False,P,March,Saturday,Adult
408-38-1483,2023-12-18 20:16:00,R,Canfer,M,66,Two or More Races,R,True,7.0,39,False,R,December,Monday,Senior
752-04-6939,2023-12-16 20:06:00,P,Ballintyne,M,64,Two or More Races,P,True,8.0,11,False,P,December,Saturday,Senior
776-20-3570,2023-07-27 02:13:00,H,Grigoliis,M,76,Two or More Races,H,True,9.0,44,False,H,July,Thursday,Senior
785-59-9671,2024-08-02 18:52:00,U,Mapston,M,35,Two or More Races,U,True,9.0,42,False,U,August,Friday,Adult
494-29-1509,2024-08-30 02:12:00,V,Dawdary,M,36,Two or More Races,V,True,9.0,23,False,V,August,Friday,Adult
344-30-6145,2024-08-01 18:39:00,Q,Hardaker,M,64,Two or More Races,Q,True,10.0,21,False,Q,August,Thursday,Senior
514-50-5992,2023-09-16 13:45:00,Q,Toffler,M,9,Two or More Races,Q,True,10.0,41,False,Q,September,Saturday,Child
225-31-4539,2024-08-23 16:34:00,W,Wisby,M,56,Two or More Races,W,True,10.0,60,False,W,August,Friday,Adult
878-88-0557,2023-06-29 16:39:00,L,Krzysztof,M,66,Two or More Races,L,True,,22,False,L,June,Thursday,Senior
675-28-6083,2024-04-01 05:36:00,P,Straine,M,33,Two or More Races,P,True,,60,False,P,April,Monday,Adult
508-01-3723,2023-05-16 09:59:00,T,Baudasso,M,42,Two or More Races,T,True,,35,True,T,May,Tuesday,Adult
406-91-4923,2023-04-19 15:29:00,W,Moules,M,63,Two or More Races,W,True,,14,False,W,April,Wednesday,Senior
115-79-7016,2024-12-03 11:53:00,W,Fraser,M,24,Two or More Races,W,True,,57,False,W,December,Tuesday,Adult
408-31-6363,2023-04-13 23:14:00,A,Stowe,M,42,Two or More Races,A,True,6.0,20,False,A,April,Thursday,Adult
227-48-3082,2023-10-23 17:44:00,G,Frantz,M,29,Two or More Races,G,True,8.0,15,False,G,October,Monday,Adult
141-29-4628,2024-05-18 08:54:00,G,Nisius,M,10,Two or More Races,G,True,,55,False,G,May,Saturday,Child
526-88-1708,2024-05-13 02:37:00,V,Vakhlov,M,51,Two or More Races,V,True,,33,False,V,May,Monday,Adult
501-27-9080,2023-04-24 04:56:00,A,Wyard,M,39,White,A,True,,48,False,A,April,Monday,Adult
433-30-7441,2024-07-06 10:43:00,E,Binham,M,37,White,E,True,,12,False,E,July,Saturday,Adult
526-81-5714,2023-04-15 23:11:00,F,Congrave,M,4,White,F,True,,12,False,F,April,Saturday,Child
887-82-9940,2024-10-08 20:56:00,J,Sealy,M,60,White,J,True,,21,False,J,October,Tuesday,Adult
783-67-0223,2023-11-18 01:43:00,L,Gullane,M,30,White,L,True,,56,False,L,November,Saturday,Adult
705-01-0507,2023-07-13 02:59:00,L,Arthurs,M,5,White,L,True,,58,False,L,July,Thursday,Child
115-32-2532,2024-02-16 21:45:00,P,Bowker,M,31,White,P,True,,29,False,P,February,Friday,Adult
205-08-4156,2024-01-14 08:29:00,Q,Tschirasche,M,20,White,Q,True,,30,False,Q,January,Sunday,Adult
310-36-1997,2024-08-01 19:56:00,S,Rennicks,M,69,White,S,True,,34,False,S,August,Thursday,Senior
432-48-3598,2023-10-18 22:45:00,V,Georgins,M,77,White,V,True,,46,False,V,October,Wednesday,Senior
843-67-2984,2024-04-27 18:21:00,F,Maplestone,M,28,White,F,True,0.0,58,False,F,April,Saturday,Adult
183-15-3162,2023-09-30 08:36:00,H,Finby,M,75,White,H,True,5.0,23,False,H,September,Saturday,Senior
635-58-7242,2024-08-22 09:47:00,W,Lancley,M,23,White,W,True,6.0,45,False,W,August,Thursday,Adult
243-38-7373,2024-08-25 07:17:00,B,Pool,M,27,White,B,True,7.0,38,False,B,August,Sunday,Adult
304-65-0090,2024-05-01 23:08:00,M,Caddens,M,57,White,M,True,7.0,17,False,M,May,Wednesday,Adult
281-92-5130,2023-09-13 09:10:00,I,Bendix,M,53,White,I,True,,27,False,I,September,Wednesday,Adult
374-86-5785,2023-05-22 23:09:00,L,MacKim,M,42,White,L,True,,51,True,L,May,Monday,Adult
264-56-3045,2023-10-11 08:08:00,N,Sulley,M,45,White,N,True,,58,False,N,October,Wednesday,Adult
270-42-2156,2024-09-13 04:19:00,Z,Chrippes,M,32,White,Z,True,1.0,24,False,Z,September,Friday,Adult
326-79-7662,2023-02-07 03:30:00,T,Overal,M,48,White,T,True,4.0,14,False,T,February,Tuesday,Adult
377-92-8039,2024-02-02 14:08:00,G,Vogelein,M,61,White,G,True,8.0,58,False,G,February,Friday,Senior
873-79-1304,2024-12-01 10:07:00,A,Eickhoff,M,38,White,A,True,,23,False,A,December,Sunday,Adult
881-53-4471,2024-07-23 13:40:00,A,Jacks,M,50,White,A,True,,41,False,A,July,Tuesday,Adult
417-59-9693,2023-10-16 01:38:00,A,Gillani,M,69,White,A,True,,42,False,A,October,Monday,Senior
276-21-4303,2023-07-27 06:38:00,B,Penwell,M,9,White,B,True,,15,False,B,July,Thursday,Child
897-70-0488,2023-09-10 19:52:00,B,Bowmer,M,1,White,B,True,,26,False,B,September,Sunday,Child
862-70-5127,2023-11-25 11:09:00,B,Prandini,M,52,White,B,True,,47,False,B,November,Saturday,Adult
792-52-7007,2023-09-12 01:06:00,B,Creasey,M,19,White,B,True,,53,False,B,September,Tuesday,Adult
808-32-5113,2024-06-10 18:20:00,C,Ginni,M,57,White,C,True,,27,False,C,June,Monday,Adult
331-62-8519,2024-08-23 09:12:00,C,Embra,M,61,White,C,True,,28,False,C,August,Friday,Senior
133-11-6007,2024-08-02 10:40:00,C,Shervil,M,7,White,C,True,,29,False,C,August,Friday,Child
427-86-0695,2023-12-16 05:04:00,D,Littlewood,M,64,White,D,True,,17,False,D,December,Saturday,Senior
454-13-3336,2023-12-12 23:17:00,D,Ubank,M,57,White,D,True,,31,False,D,December,Tuesday,Adult
641-36-6818,2023-04-05 12:43:00,D,Haszard,M,67,White,D,True,,38,True,D,April,Wednesday,Senior
665-83-3965,2023-02-09 04:14:00,D,Oloshin,M,36,White,D,True,,49,False,D,February,Thursday,Adult
163-30-8422,2023-07-22 11:39:00,E,Birdwhistell,M,17,White,E,True,,31,False,E,July,Saturday,Teen
456-69-5853,2023-06-06 06:00:00,E,Goodfellowe,M,72,White,E,True,,34,False,E,June,Tuesday,Senior
467-75-7746,2024-10-24 00:15:00,E,Lowsely,M,33,White,E,True,,50,False,E,October,Thursday,Adult
875-69-0558,2023-06-07 22:41:00,E,Terrington,M,52,White,E,True,,50,False,E,June,Wednesday,Adult
634-99-3068,2024-07-28 14:16:00,E,Colbridge,M,10,White,E,True,,57,False,E,July,Sunday,Child
755-45-9567,2023-07-13 15:11:00,F,Chainey,M,48,White,F,True,,26,False,F,July,Thursday,Adult
866-62-4550,2024-01-19 08:19:00,F,McBayne,M,7,White,F,True,,28,False,F,January,Friday,Child
769-21-9746,2023-12-24 08:02:00,G,Lightbourn,M,9,White,G,True,,43,False,G,December,Sunday,Child
438-20-3934,2023-06-15 09:14:00,G,Hablet,M,47,White,G,True,,51,False,G,June,Thursday,Adult
177-67-6738,2024-10-03 04:36:00,H,Massy,M,69,White,H,True,,34,False,H,October,Thursday,Senior
689-18-3885,2023-12-15 05:28:00,H,Timperley,M,59,White,H,True,,57,False,H,December,Friday,Adult
808-42-3073,2024-04-20 16:30:00,J,Todari,M,65,White,J,True,,12,False,J,April,Saturday,Senior
686-06-2832,2024-08-02 03:13:00,J,Ghilardi,M,57,White,J,True,,38,False,J,August,Friday,Adult
340-91-1652,2023-06-27 11:42:00,J,Vivien,M,66,White,J,True,,45,False,J,June,Tuesday,Senior
682-32-7258,2023-04-18 04:26:00,J,Knightsbridge,M,28,White,J,True,,46,False,J,April,Tuesday,Adult
669-39-9157,2024-06-08 22:13:00,J,Boustred,M,51,White,J,True,,58,False,J,June,Saturday,Adult
721-80-1480,2023-12-16 13:41:00,K,Golsby,M,70,White,K,True,,27,False,K,December,Saturday,Senior
845-51-5919,2024-08-15 18:19:00,L,Hercock,M,7,White,L,True,,35,False,L,August,Thursday,Child
280-40-2482,2024-01-10 18:58:00,M,Wolseley,M,50,White,M,True,,22,False,M,January,Wednesday,Adult
500-68-7748,2024-05-06 22:22:00,M,Elmhirst,M,5,White,M,True,,25,False,M,May,Monday,Child
443-73-2447,2023-02-12 20:03:00,M,Bradock,M,21,White,M,True,,27,False,M,February,Sunday,Adult
295-99-2730,2023-01-06 08:42:00,M,Ingolotti,M,66,White,M,True,,31,False,M,January,Friday,Senior
656-95-1748,2023-05-19 19:59:00,M,Surgison,M,43,White,M,True,,55,True,M,May,Friday,Adult
208-78-8201,2024-05-31 01:55:00,M,Kitchiner,M,59,White,M,True,,60,False,M,May,Friday,Adult
582-07-3138,2023-09-20 16:48:00,N,Bowshire,M,38,White,N,True,,50,False,N,September,Wednesday,Adult
872-59-7286,2024-06-29 06:00:00,O,Fairlaw,M,23,White,O,True,,11,False,O,June,Saturday,Adult
195-15-7594,2023-07-30 20:16:00,P,Smallshaw,M,28,White,P,True,,44,False,P,July,Sunday,Adult
618-26-1175,2024-09-26 04:32:00,P,Leyman,M,26,White,P,True,,53,False,P,September,Thursday,Adult
137-63-6654,2024-04-13 09:23:00,Q,Logue,M,33,White,Q,True,,12,False,Q,April,Saturday,Adult
177-31-8738,2023-09-27 07:36:00,Q,Scogin,M,38,White,Q,True,,36,False,Q,September,Wednesday,Adult
318-75-8375,2024-12-06 09:52:00,Q,Mesnard,M,51,White,Q,True,,37,False,Q,December,Friday,Adult
724-81-2611,2024-09-14 09:23:00,R,Ollcott,M,66,White,R,True,,25,False,R,September,Saturday,Senior
679-41-7943,2023-08-04 00:22:00,R,Richten,M,68,White,R,True,,33,False,R,August,Friday,Senior
738-01-2456,2024-08-10 01:08:00,R,Portam,M,1,White,R,True,,49,False,R,August,Saturday,Child
533-11-5273,2023-06-04 14:55:00,R,Giacopello,M,11,White,R,True,,51,False,R,June,Sunday,Child
890-40-4074,2024-09-22 02:44:00,R,Akam,M,26,White,R,True,,57,False,R,September,Sunday,Adult
886-56-4454,2024-06-03 10:50:00,T,Gatteridge,M,34,White,T,True,,21,False,T,June,Monday,Adult
559-96-7506,2024-09-25 23:37:00,T,Serle,M,17,White,T,True,,22,False,T,September,Wednesday,Teen
343-44-5828,2023-06-24 06:09:00,T,Sykora,M,39,White,T,True,,37,False,T,June,Saturday,Adult
498-71-1583,2023-10-15 20:06:00,U,Haken,M,18,White,U,True,,13,False,U,October,Sunday,Teen
273-38-6262,2024-04-04 13:03:00,U,Heyburn,M,11,White,U,True,,26,False,U,April,Thursday,Child
448-09-4952,2024-06-18 13:24:00,U,Tease,M,74,White,U,True,,46,False,U,June,Tuesday,Senior
426-75-5201,2023-08-10 07:07:00,V,Beckitt,M,1,White,V,True,,11,False,V,August,Thursday,Child
232-09-9829,2024-09-13 13:37:00,V,Kinzel,M,12,White,V,True,,16,False,V,September,Friday,Child
706-28-9466,2023-07-18 05:01:00,V,Pyke,M,60,White,V,True,,34,False,V,July,Tuesday,Adult
654-95-0119,2024-06-08 09:57:00,W,Joselin,M,15,White,W,True,,19,False,W,June,Saturday,Teen
265-67-6171,2024-10-08 18:37:00,W,Tompkinson,M,53,White,W,True,,19,False,W,October,Tuesday,Adult
708-38-2408,2024-06-13 20:24:00,W,Bust,M,75,White,W,True,,52,False,W,June,Thursday,Senior
452-23-4397,2023-08-09 07:23:00,X,Wallwood,M,43,White,X,True,,12,False,X,August,Wednesday,Adult
264-87-9312,2023-10-07 14:43:00,Y,Goady,M,3,White,Y,True,,17,False,Y,October,Saturday,Child
241-31-1101,2024-08-14 07:40:00,Z,O'Hartnett,M,25,White,Z,True,,12,False,Z,August,Wednesday,Adult
257-76-2460,2023-08-27 06:55:00,Z,Center,M,61,White,Z,True,,21,False,Z,August,Sunday,Senior
884-78-8447,2023-07-17 18:34:00,Z,Falck,M,21,White,Z,True,,24,False,Z,July,Monday,Adult
482-49-4853,2023-08-06 08:18:00,Z,Reaman,M,16,White,Z,True,,51,False,Z,August,Sunday,Teen
242-09-7129,2023-08-19 23:15:00,Z,Mertsching,M,36,White,Z,True,,55,False,Z,August,Saturday,Adult
598-11-7544,2024-04-10 11:04:00,X,Kuhnel,M,29,White,X,True,0.0,30,False,X,April,Wednesday,Adult
197-06-5889,2024-04-16 17:58:00,O,Stillert,M,76,White,O,True,2.0,10,False,O,April,Tuesday,Senior
858-63-0712,2024-10-21 17:30:00,P,Scawen,M,5,White,P,True,2.0,43,False,P,October,Monday,Child
736-49-0121,2023-10-16 02:36:00,Q,Bedborough,M,19,White,Q,True,3.0,13,False,Q,October,Monday,Adult
728-02-9993,2023-04-27 21:27:00,U,Cappell,M,43,White,U,True,3.0,23,False,U,April,Thursday,Adult
782-24-4159,2023-12-15 19:36:00,X,Jaffra,M,50,White,X,True,3.0,11,False,X,December,Friday,Adult
518-17-5917,2024-03-15 14:48:00,Y,Leathes,M,75,White,Y,True,3.0,43,False,Y,March,Friday,Senior
128-48-8963,2024-09-27 03:50:00,I,Varker,M,5,White,I,True,4.0,12,False,I,September,Friday,Child
194-48-5045,2024-09-18 08:27:00,L,Dobrowski,M,6,White,L,True,4.0,13,False,L,September,Wednesday,Child
120-12-5049,2024-05-21 08:48:00,O,Myers,M,40,White,O,True,4.0,40,False,O,May,Tuesday,Adult
278-50-0744,2024-05-13 14:58:00,V,McNellis,M,48,White,V,True,4.0,12,False,V,May,Monday,Adult
829-82-4394,2024-08-05 13:26:00,C,MacGowing,M,46,White,C,True,5.0,48,False,C,August,Monday,Adult
247-10-0203,2024-01-15 03:16:00,F,Elmhirst,M,7,White,F,True,5.0,23,False,F,January,Monday,Child
375-69-3471,2024-07-06 08:47:00,I,Verrico,M,21,White,I,True,5.0,47,False,I,July,Saturday,Adult
400-71-7034,2024-09-19 05:13:00,P,Carrick,M,46,White,P,True,5.0,14,False,P,September,Thursday,Adult
349-17-8032,2024-12-02 03:55:00,J,Milton-White,M,70,White,J,True,6.0,51,False,J,December,Monday,Senior
248-68-6775,2024-05-01 01:44:00,W,Matlock,M,37,White,W,True,6.0,14,False,W,May,Wednesday,Adult
872-56-7401,2024-01-27 07:54:00,Y,Armfield,M,53,White,Y,True,6.0,57,False,Y,January,Saturday,Adult
877-12-7269,2023-12-13 07:45:00,G,Churchill,M,33,White,G,True,7.0,17,False,G,December,Wednesday,Adult
630-70-3180,2023-09-04 13:35:00,O,Hevey,M,39,White,O,True,7.0,36,False,O,September,Monday,Adult
191-38-8114,2024-12-07 13:31:00,O,Romaines,M,52,White,O,True,7.0,50,False,O,December,Saturday,Adult
101-35-7039,2024-08-02 22:15:00,T,Ganter,M,26,White,T,True,7.0,56,False,T,August,Friday,Adult
894-47-3029,2023-10-04 16:23:00,L,McNeachtain,M,29,White,L,True,8.0,48,False,L,October,Wednesday,Adult
104-23-2977,2024-07-29 18:56:00,O,Eslie,M,11,White,O,True,8.0,29,False,O,July,Monday,Child
282-30-8388,2024-10-15 23:18:00,E,Ulyat,M,56,White,E,True,9.0,44,False,E,October,Tuesday,Adult
326-64-7528,2023-04-16 13:38:00,Q,Maskall,M,40,White,Q,True,9.0,15,False,Q,April,Sunday,Adult
864-15-2003,2024-10-14 00:57:00,X,Exley,M,53,White,X,True,9.0,44,False,X,October,Monday,Adult
181-73-8685,2024-12-05 18:07:00,C,Seeking,M,14,White,C,True,10.0,53,False,C,December,Thursday,Teen
230-08-3256,2023-11-07 09:11:00,Q,Spaice,M,35,White,Q,True,10.0,35,False,Q,November,Tuesday,Adult
158-66-6113,2024-09-17 11:08:00,S,Lemmanbie,M,9,White,S,True,10.0,42,False,S,September,Tuesday,Child
722-82-4175,2024-08-13 06:59:00,H,Guess,M,49,White,H,True,,16,False,H,August,Tuesday,Adult
185-30-2557,2024-08-08 01:31:00,J,Riddel,M,59,White,J,True,,36,False,J,August,Thursday,Adult
471-40-0310,2024-01-09 07:41:00,J,Fawckner,M,1,White,J,True,,46,False,J,January,Tuesday,Child
479-72-7618,2023-07-22 23:20:00,P,Caswill,M,76,White,P,True,,60,False,P,July,Saturday,Senior
400-76-7705,2024-01-29 07:14:00,Y,Battleson,M,18,White,Y,True,,18,False,Y,January,Monday,Teen
899-18-1079,2024-08-01 05:08:00,Z,Skeemer,M,25,White,Z,True,,48,False,Z,August,Thursday,Adult
218-34-9028,2024-08-31 19:03:00,W,Lujan,M,52,White,W,True,1.0,33,False,W,August,Saturday,Adult
754-36-2288,2023-05-13 04:43:00,T,Marchment,M,30,White,T,True,4.0,60,True,T,May,Saturday,Adult
380-81-4560,2023-06-09 05:38:00,E,Jorio,M,41,White,E,True,9.0,27,False,E,June,Friday,Adult
373-52-0135,2024-09-24 05:18:00,F,Farman,M,10,White,F,True,9.0,32,False,F,September,Tuesday,Child
247-92-7347,2024-10-25 19:56:00,A,Winslade,M,78,White,A,True,,16,False,A,October,Friday,Senior
346-22-5485,2023-06-10 08:37:00,A,Roland,M,44,White,A,True,,28,False,A,June,Saturday,Adult
523-28-0782,2023-06-18 14:03:00,A,Van Zon,M,43,White,A,True,,35,False,A,June,Sunday,Adult
700-76-1641,2024-09-20 19:28:00,A,Albert,M,5,White,A,True,,40,False,A,September,Friday,Child
119-60-5805,2023-08-15 14:27:00,A,Windas,M,18,White,A,True,,48,False,A,August,Tuesday,Teen
453-39-5194,2024-05-03 16:53:00,B,Daughtry,M,19,White,B,True,,13,False,B,May,Friday,Adult
627-07-2664,2023-07-06 04:09:00,B,Redhills,M,18,White,B,True,,14,False,B,July,Thursday,Teen
586-19-7401,2024-04-01 23:29:00,B,Kieran,M,25,White,B,True,,15,False,B,April,Monday,Adult
351-71-9604,2024-11-10 06:52:00,B,Kearney,M,75,White,B,True,,15,False,B,November,Sunday,Senior
885-13-5256,2023-12-25 11:24:00,B,Baselli,M,52,White,B,True,,29,False,B,December,Monday,Adult
575-40-1753,2023-07-10 01:36:00,B,Stelli,M,42,White,B,True,,43,False,B,July,Monday,Adult
465-15-3314,2023-06-15 22:38:00,B,Grigorescu,M,13,White,B,True,,45,False,B,June,Thursday,Teen
108-35-4145,2023-01-05 10:04:00,B,Brychan,M,79,White,B,True,,48,True,B,January,Thursday,Senior
203-86-5462,2023-12-18 13:16:00,B,Rival,M,16,White,B,True,,50,False,B,December,Monday,Teen
686-80-9830,2024-06-30 12:25:00,C,Lande,M,37,White,C,True,,22,False,C,June,Sunday,Adult
589-25-9796,2024-02-16 05:06:00,C,Powling,M,22,White,C,True,,23,False,C,February,Friday,Adult
643-17-6227,2024-10-04 03:26:00,C,Dummett,M,44,White,C,True,,24,False,C,October,Friday,Adult
349-86-8933,2023-02-08 13:03:00,C,Witham,M,46,White,C,True,,30,False,C,February,Wednesday,Adult
123-98-2462,2024-03-22 07:00:00,C,Brittain,M,65,White,C,True,,33,False,C,March,Friday,Senior
508-48-9648,2024-07-01 04:55:00,C,Rogliero,M,10,White,C,True,,39,False,C,July,Monday,Child
590-50-6357,2024-10-02 12:55:00,C,Garraway,M,75,White,C,True,,39,False,C,October,Wednesday,Senior
766-92-5908,2024-03-09 00:20:00,C,Kimblin,M,16,White,C,True,,46,False,C,March,Saturday,Teen
783-74-8530,2023-12-06 19:47:00,C,Jeffrey,M,46,White,C,True,,58,False,C,December,Wednesday,Adult
150-49-5439,2024-02-14 10:45:00,C,Swalough,M,57,White,C,True,,58,False,C,February,Wednesday,Adult
677-87-5615,2023-11-26 23:16:00,C,Dyshart,M,67,White,C,True,,58,False,C,November,Sunday,Senior
356-33-9826,2024-03-04 13:24:00,D,Depka,M,29,White,D,True,,15,False,D,March,Monday,Adult
242-48-1026,2023-12-24 16:33:00,D,Royce,M,58,White,D,True,,15,False,D,December,Sunday,Adult
882-03-1099,2023-06-14 15:56:00,D,Seager,M,65,White,D,True,,19,False,D,June,Wednesday,Senior
667-92-7386,2023-12-29 20:15:00,D,Tradewell,M,49,White,D,True,,20,False,D,December,Friday,Adult
235-04-5200,2024-10-04 14:45:00,D,Easthope,M,8,White,D,True,,23,False,D,October,Friday,Child
695-67-1022,2023-06-22 04:31:00,D,Novis,M,26,White,D,True,,31,False,D,June,Thursday,Adult
877-63-5604,2024-07-31 06:43:00,D,Pinke,M,50,White,D,True,,40,False,D,July,Wednesday,Adult
375-27-5578,2023-05-13 02:14:00,D,Grimston,M,45,White,D,True,,48,True,D,May,Saturday,Adult
884-62-4452,2024-01-31 09:57:00,D,Tschiersch,M,41,White,D,True,,58,False,D,January,Wednesday,Adult
741-12-7327,2023-12-29 10:52:00,E,Simonelli,M,60,White,E,True,,10,False,E,December,Friday,Adult
860-05-8907,2024-01-01 23:57:00,E,St Clair,M,37,White,E,True,,14,False,E,January,Monday,Adult
784-33-8181,2024-01-28 19:36:00,E,Le - Count,M,43,White,E,True,,16,False,E,January,Sunday,Adult
529-52-0949,2024-06-25 07:21:00,E,Gut,M,67,White,E,True,,19,False,E,June,Tuesday,Senior
244-74-1250,2024-02-17 20:43:00,E,Syrett,M,37,White,E,True,,22,False,E,February,Saturday,Adult
520-29-9827,2023-05-15 19:11:00,E,Keepin,M,21,White,E,True,,23,True,E,May,Monday,Adult
388-44-6892,2023-11-16 20:48:00,E,Burbury,M,1,White,E,True,,24,False,E,November,Thursday,Child
220-94-6602,2023-11-18 22:57:00,E,Abbison,M,44,White,E,True,,28,False,E,November,Saturday,Adult
480-76-5508,2024-07-05 07:38:00,E,Mapledorum,M,70,White,E,True,,30,False,E,July,Friday,Senior
744-75-0386,2024-06-18 19:29:00,E,Pessel,M,22,White,E,True,,34,False,E,June,Tuesday,Adult
627-82-5172,2024-10-23 14:02:00,E,Blackaller,M,31,White,E,True,,37,False,E,October,Wednesday,Adult
106-76-9218,2024-02-28 17:56:00,E,Ruggiero,M,20,White,E,True,,40,False,E,February,Wednesday,Adult
211-82-9691,2024-02-16 21:05:00,E,Yerson,M,19,White,E,True,,42,False,E,February,Friday,Adult
802-13-8458,2023-07-29 05:47:00,E,Knyvett,M,67,White,E,True,,45,False,E,July,Saturday,Senior
655-55-2632,2023-06-08 04:52:00,E,Vlasyuk,M,56,White,E,True,,48,False,E,June,Thursday,Adult
871-78-2945,2023-05-22 05:40:00,F,Claworth,M,56,White,F,True,,20,True,F,May,Monday,Adult
673-82-3180,2024-02-18 23:30:00,F,Judron,M,17,White,F,True,,23,False,F,February,Sunday,Teen
128-39-1496,2024-08-07 03:53:00,F,Cawsby,M,6,White,F,True,,30,False,F,August,Wednesday,Child
790-31-3127,2024-04-10 03:34:00,F,Paoloni,M,55,White,F,True,,31,False,F,April,Wednesday,Adult
506-68-8909,2024-07-13 15:24:00,F,Hundall,M,21,White,F,True,,35,False,F,July,Saturday,Adult
533-35-3293,2024-06-23 14:30:00,F,Jovicic,M,79,White,F,True,,36,False,F,June,Sunday,Senior
398-17-8931,2023-05-25 09:45:00,F,Gregh,M,71,White,F,True,,41,True,F,May,Thursday,Senior
172-61-8782,2024-05-17 07:19:00,F,Rochewell,M,9,White,F,True,,50,False,F,May,Friday,Child
378-90-2956,2024-05-21 15:24:00,F,Stollhofer,M,2,White,F,True,,52,False,F,May,Tuesday,Child
700-43-4239,2024-12-08 08:31:00,F,Spencelayh,M,78,White,F,True,,52,False,F,December,Sunday,Senior
619-23-3246,2024-09-01 03:19:00,F,Tuffield,M,18,White,F,True,,60,False,F,September,Sunday,Teen
121-98-0821,2023-11-18 11:08:00,G,Reams,M,38,White,G,True,,14,False,G,November,Saturday,Adult
601-35-8375,2023-05-07 17:38:00,G,Autrie,M,42,White,G,True,,16,False,G,May,Sunday,Adult
844-16-9098,2023-11-30 20:15:00,G,Geraldo,M,48,White,G,True,,26,False,G,November,Thursday,Adult
230-89-3177,2023-06-05 16:40:00,G,McGreil,M,54,White,G,True,,36,True,G,June,Monday,Adult
344-56-0209,2024-11-10 07:36:00,G,Yeaman,M,1,White,G,True,,41,False,G,November,Sunday,Child
597-13-7907,2023-07-06 10:36:00,G,Maughan,M,22,White,G,True,,43,False,G,July,Thursday,Adult
743-74-5565,2024-05-25 23:59:00,G,Pattullo,M,3,White,G,True,,45,False,G,May,Saturday,Child
892-85-4985,2024-04-15 04:58:00,G,Poppy,M,36,White,G,True,,51,False,G,April,Monday,Adult
732-07-1102,2024-09-25 15:20:00,G,Meckiff,M,2,White,G,True,,55,False,G,September,Wednesday,Child
427-91-7040,2024-10-19 03:51:00,G,Lorant,M,48,White,G,True,,55,False,G,October,Saturday,Adult
753-13-5672,2023-06-08 11:29:00,H,Troyes,M,2,White,H,True,,15,False,H,June,Thursday,Child
447-73-8414,2023-11-08 12:37:00,H,Poulsen,M,11,White,H,True,,18,False,H,November,Wednesday,Child
748-50-8530,2024-07-21 15:21:00,H,Piele,M,10,White,H,True,,26,False,H,July,Sunday,Child
678-07-7445,2024-10-04 21:03:00,H,Rixon,M,45,White,H,True,,30,False,H,October,Friday,Adult
828-46-7426,2024-07-28 08:31:00,H,Stairmond,M,75,White,H,True,,39,False,H,July,Sunday,Senior
793-24-9525,2024-07-29 10:55:00,H,Flint,M,65,White,H,True,,42,False,H,July,Monday,Senior
839-61-9068,2023-09-06 02:47:00,H,Vondrach,M,9,White,H,True,,48,False,H,September,Wednesday,Child
584-52-1321,2024-08-05 07:25:00,H,Winchester,M,21,White,H,True,,53,False,H,August,Monday,Adult
480-67-3848,2023-07-17 17:28:00,H,Gauden,M,59,White,H,True,,57,False,H,July,Monday,Adult
162-53-8400,2024-02-28 12:31:00,I,Wolstenholme,M,56,White,I,True,,12,False,I,February,Wednesday,Adult
307-73-6789,2023-12-22 02:24:00,I,Bryer,M,38,White,I,True,,14,False,I,December,Friday,Adult
877-34-4992,2024-05-07 18:41:00,I,Guidotti,M,17,White,I,True,,15,False,I,May,Tuesday,Teen
835-35-3059,2024-10-05 11:13:00,I,Mailey,M,60,White,I,True,,15,False,I,October,Saturday,Adult
199-16-0670,2024-10-26 23:30:00,I,Grolle,M,55,White,I,True,,18,False,I,October,Saturday,Adult
310-85-7566,2023-09-26 22:44:00,I,Lovstrom,M,20,White,I,True,,22,False,I,September,Tuesday,Adult
221-55-2575,2024-08-10 15:04:00,I,Harcarse,M,54,White,I,True,,23,False,I,August,Saturday,Adult
633-19-4670,2023-09-26 00:13:00,I,Sultan,M,47,White,I,True,,24,False,I,September,Tuesday,Adult
815-95-1401,2023-11-23 20:39:00,I,Manicomb,M,36,White,I,True,,39,False,I,November,Thursday,Adult
198-02-0384,2023-05-13 20:12:00,I,Cline,M,40,White,I,True,,48,True,I,May,Saturday,Adult
705-64-5728,2024-09-07 00:52:00,I,Showell,M,47,White,I,True,,49,False,I,September,Saturday,Adult
203-33-9606,2024-06-30 05:31:00,I,Lenglet,M,18,White,I,True,,51,False,I,June,Sunday,Teen
411-20-5425,2024-08-16 14:01:00,I,Garlic,M,37,White,I,True,,55,False,I,August,Friday,Adult
436-34-7449,2024-05-29 14:25:00,I,Wapplington,M,42,White,I,True,,55,False,I,May,Wednesday,Adult
704-78-7583,2023-04-09 17:41:00,J,Chasen,M,13,White,J,True,,12,False,J,April,Sunday,Teen
157-57-9919,2023-11-15 09:50:00,J,Wrightham,M,65,White,J,True,,16,False,J,November,Wednesday,Senior
499-77-0693,2023-02-07 04:51:00,J,Hirsthouse,M,26,White,J,True,,21,False,J,February,Tuesday,Adult
829-18-5991,2023-07-28 01:50:00,J,Storms,M,19,White,J,True,,27,False,J,July,Friday,Adult
763-50-4006,2024-02-22 23:50:00,J,McReedy,M,5,White,J,True,,33,False,J,February,Thursday,Child
211-79-3733,2023-02-06 07:23:00,J,Keatch,M,38,White,J,True,,47,False,J,February,Monday,Adult
777-08-7046,2023-05-04 04:31:00,J,Follan,M,15,White,J,True,,55,False,J,May,Thursday,Teen
185-01-7702,2023-03-08 19:29:00,J,Foltin,M,68,White,J,True,,56,False,J,March,Wednesday,Senior
667-61-2991,2024-08-25 07:14:00,J,Lamborn,M,35,White,J,True,,60,False,J,August,Sunday,Adult
664-88-5435,2023-11-24 01:58:00,K,Lewington,M,58,White,K,True,,13,False,K,November,Friday,Adult
455-93-7898,2024-01-21 10:23:00,K,MacNeilly,M,18,White,K,True,,20,False,K,January,Sunday,Teen
121-86-3543,2024-08-20 17:42:00,K,Elliker,M,32,White,K,True,,22,False,K,August,Tuesday,Adult
476-32-0713,2023-02-04 13:07:00,K,Bunhill,M,68,White,K,True,,24,False,K,February,Saturday,Senior
298-36-1790,2023-06-19 00:07:00,K,Scole,M,28,White,K,True,,39,False,K,June,Monday,Adult
789-29-4257,2024-07-04 01:25:00,K,Latour,M,63,White,K,True,,39,False,K,July,Thursday,Senior
536-78-3429,2024-12-06 23:24:00,K,Isaac,M,72,White,K,True,,39,False,K,December,Friday,Senior
172-02-6722,2023-05-08 05:10:00,K,O'Siaghail,M,57,White,K,True,,40,False,K,May,Monday,Adult
759-14-6508,2023-05-25 01:04:00,K,Alabone,M,37,White,K,True,,46,True,K,May,Thursday,Adult
182-52-6741,2023-09-26 13:51:00,K,L'Hommee,M,79,White,K,True,,56,False,K,September,Tuesday,Senior
771-98-0838,2023-11-18 12:52:00,L,Weinmann,M,77,White,L,True,,24,False,L,November,Saturday,Senior
476-79-6068,2024-08-30 01:52:00,L,Brosi,M,76,White,L,True,,25,False,L,August,Friday,Senior
102-47-6709,2023-06-17 10:05:00,L,Lovick,M,66,White,L,True,,27,False,L,June,Saturday,Senior
262-40-0374,2024-02-18 15:53:00,L,Stetlye,M,58,White,L,True,,36,False,L,February,Sunday,Adult
336-57-0982,2023-09-11 21:15:00,L,Fulcher,M,25,White,L,True,,37,False,L,September,Monday,Adult
843-42-9690,2023-11-06 06:23:00,L,Mariner,M,32,White,L,True,,50,False,L,November,Monday,Adult
652-78-3085,2023-12-18 10:37:00,M,D'Abbot-Doyle,M,67,White,M,True,,21,False,M,December,Monday,Senior
792-70-4015,2023-05-04 18:06:00,M,Robinett,M,64,White,M,True,,28,False,M,May,Thursday,Senior
202-14-5092,2024-01-14 04:05:00,M,Daout,M,48,White,M,True,,33,False,M,January,Sunday,Adult
231-36-9685,2024-03-01 12:20:00,M,Loche,M,16,White,M,True,,34,False,M,March,Friday,Teen
481-42-7852,2024-04-08 23:22:00,M,Tibbles,M,64,White,M,True,,34,False,M,April,Monday,Senior
397-69-1401,2024-04-15 19:17:00,M,Reggiani,M,3,White,M,True,,35,False,M,April,Monday,Child
413-16-2095,2023-04-19 09:32:00,M,Daborne,M,76,White,M,True,,35,False,M,April,Wednesday,Senior
218-20-9820,2024-05-21 02:42:00,M,Fredi,M,78,White,M,True,,35,False,M,May,Tuesday,Senior
717-69-4042,2024-08-01 20:39:00,M,Roon,M,30,White,M,True,,39,False,M,August,Thursday,Adult
711-65-4874,2024-03-25 17:56:00,M,Holsey,M,40,White,M,True,,39,False,M,March,Monday,Adult
460-56-6642,2024-05-25 23:50:00,M,Carlyon,M,69,White,M,True,,39,False,M,May,Saturday,Senior
211-34-2381,2024-09-22 20:23:00,M,Szymonowicz,M,64,White,M,True,,40,False,M,September,Sunday,Senior
662-33-7487,2024-10-19 08:48:00,M,Fancy,M,56,White,M,True,,47,False,M,October,Saturday,Adult
518-04-0690,2023-05-23 05:01:00,M,Tabourier,M,25,White,M,True,,50,True,M,May,Tuesday,Adult
399-42-9314,2023-11-06 06:08:00,M,Heape,M,36,White,M,True,,51,False,M,November,Monday,Adult
196-08-4706,2023-05-28 16:12:00,M,Wroughton,M,42,White,M,True,,54,True,M,May,Sunday,Adult
627-60-8441,2024-07-30 09:53:00,M,Wyche,M,20,White,M,True,,58,False,M,July,Tuesday,Adult
176-52-4519,2023-04-16 13:02:00,N,Shilleto,M,11,White,N,True,,11,False,N,April,Sunday,Child
847-74-2228,2024-05-08 01:16:00,N,Jan,M,50,White,N,True,,13,False,N,May,Wednesday,Adult
142-53-1650,2024-03-10 13:20:00,N,Deport,M,3,White,N,True,,25,False,N,March,Sunday,Child
581-17-5457,2024-07-07 12:05:00,N,Spridgeon,M,74,White,N,True,,27,False,N,July,Sunday,Senior
849-61-2255,2023-12-07 20:12:00,N,Firmager,M,49,White,N,True,,28,False,N,December,Thursday,Adult
648-45-5096,2023-09-10 19:27:00,N,Lydon,M,27,White,N,True,,40,False,N,September,Sunday,Adult
536-30-5746,2023-07-26 11:48:00,N,Grealey,M,49,White,N,True,,43,False,N,July,Wednesday,Adult
189-23-4255,2023-11-16 21:18:00,N,Reichelt,M,59,White,N,True,,44,False,N,November,Thursday,Adult
296-96-3525,2024-08-13 00:10:00,N,Bertelmot,M,41,White,N,True,,50,False,N,August,Tuesday,Adult
173-31-9553,2023-09-11 12:12:00,N,Napleton,M,74,White,N,True,,59,False,N,September,Monday,Senior
205-33-7598,2023-08-16 12:05:00,O,Penwright,M,19,White,O,True,,15,False,O,August,Wednesday,Adult
567-16-7814,2023-02-07 00:24:00,O,Badrock,M,78,White,O,True,,21,False,O,February,Tuesday,Senior
234-83-4671,2023-10-08 07:04:00,O,Kubera,M,52,White,O,True,,23,False,O,October,Sunday,Adult
717-80-5643,2023-06-17 18:25:00,O,Sculley,M,29,White,O,True,,35,False,O,June,Saturday,Adult
774-50-2972,2023-05-29 23:58:00,O,Nyles,M,45,White,O,True,,39,True,O,May,Monday,Adult
295-48-6682,2023-04-05 01:54:00,O,Agar,M,62,White,O,True,,45,True,O,April,Wednesday,Senior
155-22-9624,2023-10-07 03:13:00,O,Snodden,M,69,White,O,True,,47,False,O,October,Saturday,Senior
107-22-3380,2024-07-28 11:59:00,O,Cottrill,M,20,White,O,True,,52,False,O,July,Sunday,Adult
327-92-4166,2024-03-01 13:56:00,O,Helleckas,M,62,White,O,True,,57,False,O,March,Friday,Senior
255-33-4780,2023-04-23 07:09:00,O,Clemmey,M,8,White,O,True,,59,False,O,April,Sunday,Child
140-29-8809,2023-03-12 02:24:00,O,Burris,M,32,White,O,True,,59,False,O,March,Sunday,Adult
227-40-8894,2024-07-21 02:28:00,P,Smogur,M,66,White,P,True,,10,False,P,July,Sunday,Senior
144-34-5997,2024-07-27 12:37:00,P,Mamwell,M,41,White,P,True,,13,False,P,July,Saturday,Adult
632-25-9926,2024-11-08 06:21:00,P,Bugby,M,25,White,P,True,,14,False,P,November,Friday,Adult
727-81-2340,2024-08-17 06:33:00,P,Capron,M,68,White,P,True,,20,False,P,August,Saturday,Senior
360-19-3301,2024-10-05 11:20:00,P,Oaker,M,3,White,P,True,,27,False,P,October,Saturday,Child
468-02-7614,2023-12-31 21:08:00,P,Dmisek,M,56,White,P,True,,32,False,P,December,Sunday,Adult
392-48-9061,2024-01-13 07:38:00,P,Akeherst,M,4,White,P,True,,41,False,P,January,Saturday,Child
518-94-0881,2024-02-16 03:30:00,P,Cromblehome,M,61,White,P,True,,56,False,P,February,Friday,Senior
632-79-5714,2024-01-26 17:40:00,P,Pinor,M,39,White,P,True,,60,False,P,January,Friday,Adult
244-51-1815,2024-08-28 11:19:00,Q,Wigg,M,69,White,Q,True,,16,False,Q,August,Wednesday,Senior
883-85-2880,2024-05-16 09:43:00,Q,Straniero,M,53,White,Q,True,,19,False,Q,May,Thursday,Adult
318-21-1279,2024-04-16 08:00:00,Q,Costley,M,58,White,Q,True,,26,False,Q,April,Tuesday,Adult
462-93-4459,2024-05-16 19:15:00,Q,O'Henehan,M,66,White,Q,True,,28,False,Q,May,Thursday,Senior
288-47-4512,2024-02-01 21:04:00,Q,Quene,M,56,White,Q,True,,39,False,Q,February,Thursday,Adult
403-56-9380,2024-03-05 00:53:00,Q,Orr,M,60,White,Q,True,,44,False,Q,March,Tuesday,Adult
322-85-6482,2023-06-20 12:55:00,Q,Mithun,M,66,White,Q,True,,46,False,Q,June,Tuesday,Senior
284-78-7721,2024-09-28 05:26:00,Q,Louis,M,37,White,Q,True,,52,False,Q,September,Saturday,Adult
487-70-4415,2024-02-01 03:05:00,Q,Stenbridge,M,2,White,Q,True,,58,False,Q,February,Thursday,Child
439-45-1934,2024-10-17 05:57:00,Q,Repper,M,5,White,Q,True,,58,False,Q,October,Thursday,Child
183-23-8555,2024-06-23 16:35:00,R,Priestnall,M,77,White,R,True,,10,False,R,June,Sunday,Senior
704-52-9351,2024-08-16 02:11:00,R,Stoddart,M,16,White,R,True,,20,False,R,August,Friday,Teen
822-13-3323,2024-07-21 20:22:00,R,Ashbolt,M,14,White,R,True,,32,False,R,July,Sunday,Teen
790-49-4037,2024-09-29 12:31:00,R,Kelemen,M,73,White,R,True,,33,False,R,September,Sunday,Senior
662-04-8561,2023-10-23 16:48:00,R,Bendixen,M,73,White,R,True,,40,False,R,October,Monday,Senior
304-56-9824,2024-12-07 08:24:00,R,Tanfield,M,34,White,R,True,,54,False,R,December,Saturday,Adult
848-91-8634,2024-09-13 07:38:00,R,O'Noland,M,8,White,R,True,,58,False,R,September,Friday,Child
867-81-0165,2024-02-22 06:30:00,R,Bricket,M,47,White,R,True,,58,False,R,February,Thursday,Adult
719-67-4238,2024-10-26 14:18:00,S,Bruck,M,7,White,S,True,,10,False,S,October,Saturday,Child
591-01-9686,2023-08-11 07:34:00,S,Agutter,M,76,White,S,True,,11,False,S,August,Friday,Senior
725-19-8534,2024-06-21 21:12:00,S,Giacometti,M,44,White,S,True,,12,False,S,June,Friday,Adult
166-50-3397,2024-09-09 09:47:00,S,Hebblewaite,M,43,White,S,True,,15,False,S,September,Monday,Adult
195-47-5384,2024-03-04 04:49:00,S,Saltrese,M,34,White,S,True,,20,False,S,March,Monday,Adult
577-11-8469,2023-12-19 09:11:00,S,Atyea,M,55,White,S,True,,33,False,S,December,Tuesday,Adult
826-51-6666,2024-09-05 17:08:00,S,Eddisford,M,51,White,S,True,,43,False,S,September,Thursday,Adult
688-61-2082,2024-02-07 05:57:00,S,Kenan,M,23,White,S,True,,44,False,S,February,Wednesday,Adult
690-77-1528,2023-06-29 14:06:00,S,Brendish,M,61,White,S,True,,46,False,S,June,Thursday,Senior
783-12-5617,2024-01-30 13:14:00,S,Dawidsohn,M,71,White,S,True,,47,False,S,January,Tuesday,Senior
239-18-5713,2024-07-16 16:42:00,S,Scorrer,M,76,White,S,True,,50,False,S,July,Tuesday,Senior
803-80-1729,2023-08-14 23:17:00,S,Jukes,M,36,White,S,True,,51,False,S,August,Monday,Adult
355-48-7016,2023-08-26 01:41:00,S,Chue,M,15,White,S,True,,53,False,S,August,Saturday,Teen
599-28-2215,2024-02-20 04:50:00,S,Houseman,M,11,White,S,True,,55,False,S,February,Tuesday,Child
798-16-6239,2024-04-15 19:39:00,T,Geggus,M,49,White,T,True,,10,False,T,April,Monday,Adult
852-95-0715,2024-09-19 22:37:00,T,Antrim,M,38,White,T,True,,12,False,T,September,Thursday,Adult
879-07-2777,2024-02-24 05:49:00,T,McReynolds,M,32,White,T,True,,14,False,T,February,Saturday,Adult
295-29-3253,2024-07-30 08:43:00,T,Tuffield,M,4,White,T,True,,15,False,T,July,Tuesday,Child
245-93-1809,2023-06-10 00:16:00,T,McGurn,M,20,White,T,True,,15,False,T,June,Saturday,Adult
323-13-0778,2023-09-10 11:56:00,T,O'Luney,M,79,White,T,True,,22,False,T,September,Sunday,Senior
292-43-0162,2023-04-22 13:50:00,T,Mose,M,55,White,T,True,,28,False,T,April,Saturday,Adult
449-11-0502,2023-12-30 22:09:00,T,Kemsley,M,39,White,T,True,,35,False,T,December,Saturday,Adult
825-28-4860,2023-05-27 03:51:00,T,Darnborough,M,29,White,T,True,,36,True,T,May,Saturday,Adult
771-93-7381,2023-05-21 18:43:00,T,Beddow,M,53,White,T,True,,36,True,T,May,Sunday,Adult
153-47-5777,2024-11-04 05:10:00,T,Gardner,M,20,White,T,True,,49,False,T,November,Monday,Adult
533-96-0679,2024-05-08 03:51:00,T,Sagg,M,17,White,T,True,,54,False,T,May,Wednesday,Teen
630-72-4041,2024-07-03 18:55:00,T,Huygens,M,51,White,T,True,,57,False,T,July,Wednesday,Adult
441-25-6841,2024-09-17 14:40:00,U,Dummett,M,9,White,U,True,,11,False,U,September,Tuesday,Child
272-79-7769,2023-05-27 15:23:00,U,Blow,M,48,White,U,True,,11,True,U,May,Saturday,Adult
251-61-0833,2023-02-05 17:28:00,U,Grastye,M,29,White,U,True,,12,True,U,February,Sunday,Adult
145-73-1016,2024-08-30 01:43:00,U,McGinnell,M,20,White,U,True,,19,False,U,August,Friday,Adult
304-40-2890,2024-06-23 22:31:00,U,Grattage,M,23,White,U,True,,19,False,U,June,Sunday,Adult
399-14-1417,2024-02-18 14:05:00,U,Drought,M,58,White,U,True,,21,False,U,February,Sunday,Adult
704-48-9992,2024-08-30 03:21:00,U,Handley,M,15,White,U,True,,24,False,U,August,Friday,Teen
772-41-5673,2023-08-28 19:04:00,U,Saltwell,M,51,White,U,True,,30,False,U,August,Monday,Adult
784-56-8762,2024-10-30 19:50:00,U,Howard - Gater,M,7,White,U,True,,31,False,U,October,Wednesday,Child
163-69-0005,2024-06-29 00:19:00,U,Kalinsky,M,18,White,U,True,,36,False,U,June,Saturday,Teen
559-89-5498,2023-02-12 04:39:00,U,Holmyard,M,39,White,U,True,,37,False,U,February,Sunday,Adult
610-49-9067,2023-07-19 21:09:00,U,Heady,M,54,White,U,True,,49,False,U,July,Wednesday,Adult
382-29-0136,2024-01-08 15:22:00,U,Pacey,M,66,White,U,True,,54,False,U,January,Monday,Senior
766-80-1138,2023-10-07 13:50:00,U,Monckman,M,43,White,U,True,,58,False,U,October,Saturday,Adult
557-58-5294,2023-12-06 02:49:00,U,Mullane,M,77,White,U,True,,59,False,U,December,Wednesday,Senior
675-04-6457,2024-05-03 14:04:00,V,Izod,M,51,White,V,True,,20,False,V,May,Friday,Adult
436-49-0280,2024-06-03 16:10:00,V,Gladdifh,M,4,White,V,True,,21,False,V,June,Monday,Child
400-06-0553,2023-12-11 08:14:00,V,Mourant,M,66,White,V,True,,22,False,V,December,Monday,Senior
219-34-1593,2024-04-01 08:08:00,V,Pyvis,M,61,White,V,True,,25,False,V,April,Monday,Senior
314-49-8117,2024-11-04 04:37:00,V,Joss,M,18,White,V,True,,26,False,V,November,Monday,Teen
252-13-7326,2023-06-26 08:45:00,V,Clemintoni,M,15,White,V,True,,30,False,V,June,Monday,Teen
162-06-9717,2024-07-13 17:03:00,V,Brabon,M,18,White,V,True,,31,False,V,July,Saturday,Teen
858-26-7075,2024-07-01 14:26:00,V,Gedge,M,14,White,V,True,,34,False,V,July,Monday,Teen
609-94-3506,2024-01-28 14:12:00,V,Dexter,M,35,White,V,True,,38,False,V,January,Sunday,Adult
599-49-7187,2024-09-29 05:00:00,V,Ayars,M,49,White,V,True,,42,False,V,September,Sunday,Adult
321-16-5497,2023-06-30 09:33:00,W,Armin,M,74,White,W,True,,12,False,W,June,Friday,Senior
885-03-5752,2023-05-31 15:54:00,W,Boast,M,36,White,W,True,,13,True,W,May,Wednesday,Adult
438-20-7959,2023-06-26 07:57:00,W,Glisenan,M,62,White,W,True,,20,False,W,June,Monday,Senior
343-51-8410,2023-09-21 18:02:00,W,Silverlock,M,36,White,W,True,,28,False,W,September,Thursday,Adult
459-58-9413,2024-01-09 01:51:00,W,Allsworth,M,20,White,W,True,,29,False,W,January,Tuesday,Adult
881-89-6019,2024-07-26 01:48:00,W,Grieger,M,49,White,W,True,,35,False,W,July,Friday,Adult
143-31-5826,2023-04-22 00:44:00,W,Posnette,M,44,White,W,True,,37,False,W,April,Saturday,Adult
221-48-4216,2024-04-20 08:16:00,W,Tomasino,M,54,White,W,True,,47,False,W,April,Saturday,Adult
391-77-8971,2024-04-01 16:22:00,W,Laxon,M,5,White,W,True,,48,False,W,April,Monday,Child
260-14-4032,2023-11-10 16:46:00,W,Rustan,M,53,White,W,True,,51,False,W,November,Friday,Adult
300-76-1975,2024-03-22 18:01:00,W,Tooby,M,19,White,W,True,,54,False,W,March,Friday,Adult
177-26-9806,2024-09-10 08:49:00,X,MacGibbon,M,65,White,X,True,,16,False,X,September,Tuesday,Senior
747-13-8438,2024-03-05 11:40:00,X,East,M,34,White,X,True,,22,False,X,March,Tuesday,Adult
104-11-2614,2023-12-29 07:04:00,X,Jarville,M,27,White,X,True,,24,False,X,December,Friday,Adult
671-25-1372,2023-05-11 07:37:00,X,Lednor,M,70,White,X,True,,36,False,X,May,Thursday,Senior
299-65-4092,2024-09-26 01:41:00,X,Chatto,M,12,White,X,True,,50,False,X,September,Thursday,Child
608-38-2277,2024-10-03 22:23:00,X,Habershon,M,63,White,X,True,,60,False,X,October,Thursday,Senior
112-97-2791,2024-08-24 06:26:00,Y,Raund,M,32,White,Y,True,,18,False,Y,August,Saturday,Adult
872-86-3128,2023-12-25 18:29:00,Y,Hodinton,M,17,White,Y,True,,20,False,Y,December,Monday,Teen
287-14-0375,2024-02-05 04:37:00,Y,McGinney,M,26,White,Y,True,,23,False,Y,February,Monday,Adult
812-08-5257,2023-12-31 19:31:00,Y,Phippin,M,12,White,Y,True,,38,False,Y,December,Sunday,Child
379-93-5865,2023-12-28 13:32:00,Y,McPhillips,M,50,White,Y,True,,38,False,Y,December,Thursday,Adult
280-97-8515,2024-03-08 16:48:00,Y,Tradewell,M,23,White,Y,True,,49,False,Y,March,Friday,Adult
393-27-7025,2024-02-02 19:05:00,Y,MacCarroll,M,28,White,Y,True,,49,False,Y,February,Friday,Adult
631-01-8401,2024-11-09 10:52:00,Y,Ferbrache,M,52,White,Y,True,,58,False,Y,November,Saturday,Adult
481-73-3813,2023-09-24 17:33:00,Z,Allone,M,59,White,Z,True,,16,False,Z,September,Sunday,Adult
538-63-5200,2024-10-24 02:27:00,Z,Warland,M,37,White,Z,True,,18,False,Z,October,Thursday,Adult
709-72-3840,2024-02-25 19:22:00,Z,Simoncello,M,48,White,Z,True,,41,False,Z,February,Sunday,Adult
677-60-4398,2024-01-29 00:46:00,Z,Vasyunin,M,52,White,Z,True,,48,False,Z,January,Monday,Adult
549-53-8725,2023-04-29 10:51:00,Z,Klimshuk,M,15,White,Z,True,,52,False,Z,April,Saturday,Teen
593-97-3404,2024-04-23 09:01:00,Z,Berndsen,M,37,White,Z,True,,57,False,Z,April,Tuesday,Adult
370-15-0510,2023-05-04 09:04:00,G,Orniz,M,23,White,G,True,0.0,26,False,G,May,Thursday,Adult
160-14-3746,2024-02-07 22:36:00,J,Heales,M,16,White,J,True,0.0,24,False,J,February,Wednesday,Teen
884-39-7616,2024-04-22 20:31:00,K,Keighley,M,72,White,K,True,0.0,55,False,K,April,Monday,Senior
222-82-2788,2024-02-19 13:37:00,L,Giannazzo,M,10,White,L,True,0.0,24,False,L,February,Monday,Child
853-37-7420,2024-07-17 05:04:00,P,Bramelt,M,12,White,P,True,0.0,41,False,P,July,Wednesday,Child
269-62-2200,2024-02-01 03:22:00,W,Barzen,M,17,White,W,True,0.0,51,False,W,February,Thursday,Teen
372-46-2168,2023-05-21 15:58:00,B,Deane,M,51,White,B,True,1.0,39,True,B,May,Sunday,Adult
287-50-0289,2023-08-25 07:33:00,E,Whitland,M,17,White,E,True,1.0,55,False,E,August,Friday,Teen
380-36-6893,2023-12-17 04:25:00,F,Yanson,M,22,White,F,True,1.0,52,False,F,December,Sunday,Adult
422-11-6911,2024-06-05 00:23:00,G,Honeyghan,M,8,White,G,True,1.0,47,False,G,June,Wednesday,Child
410-34-9359,2024-06-21 10:26:00,G,Francescotti,M,28,White,G,True,1.0,56,False,G,June,Friday,Adult
368-86-2432,2023-08-21 04:52:00,L,Pearsall,M,25,White,L,True,1.0,33,False,L,August,Monday,Adult
280-20-5879,2023-06-25 22:24:00,L,Diggle,M,30,White,L,True,1.0,39,False,L,June,Sunday,Adult
731-05-5462,2023-10-19 01:00:00,L,Barwack,M,53,White,L,True,1.0,40,False,L,October,Thursday,Adult
641-35-5949,2024-12-08 03:13:00,Q,Tuffey,M,53,White,Q,True,1.0,38,False,Q,December,Sunday,Adult
521-40-0167,2023-12-29 18:57:00,V,Pluvier,M,19,White,V,True,1.0,58,False,V,December,Friday,Adult
755-90-4647,2023-04-25 23:01:00,B,Gwilliam,M,67,White,B,True,2.0,29,False,B,April,Tuesday,Senior
672-14-9431,2024-08-17 23:48:00,C,Kent,M,5,White,C,True,2.0,33,False,C,August,Saturday,Child
575-80-4899,2024-10-02 00:52:00,C,Todaro,M,76,White,C,True,2.0,45,False,C,October,Wednesday,Senior
755-44-0318,2024-02-06 06:55:00,F,Bracco,M,58,White,F,True,2.0,18,False,F,February,Tuesday,Adult
189-58-3826,2023-05-07 15:07:00,G,Alekseev,M,78,White,G,True,2.0,10,False,G,May,Sunday,Senior
177-86-0072,2023-09-28 16:05:00,I,Moen,M,63,White,I,True,2.0,13,False,I,September,Thursday,Senior
209-66-6033,2023-05-07 12:30:00,I,D'Alessandro,M,50,White,I,True,2.0,15,False,I,May,Sunday,Adult
767-96-1062,2023-07-14 18:53:00,M,Navarijo,M,27,White,M,True,2.0,55,False,M,July,Friday,Adult
249-65-1599,2023-12-05 13:29:00,O,Laurenceau,M,49,White,O,True,2.0,55,True,O,December,Tuesday,Adult
120-37-2360,2023-03-07 16:08:00,Q,Carbett,M,65,White,Q,True,2.0,44,False,Q,March,Tuesday,Senior
414-99-7136,2023-11-04 16:15:00,R,Tirrey,M,51,White,R,True,2.0,53,False,R,November,Saturday,Adult
283-49-7447,2024-05-08 06:00:00,V,Rudledge,M,31,White,V,True,2.0,10,False,V,May,Wednesday,Adult
384-16-0821,2024-02-09 11:53:00,V,James,M,13,White,V,True,2.0,45,False,V,February,Friday,Teen
346-75-9980,2024-08-10 07:08:00,W,Tussaine,M,26,White,W,True,2.0,34,False,W,August,Saturday,Adult
731-53-2021,2023-05-05 19:19:00,B,Shah,M,13,White,B,True,3.0,20,True,B,May,Friday,Teen
609-38-6576,2023-09-06 08:06:00,B,Harnes,M,66,White,B,True,3.0,23,False,B,September,Wednesday,Senior
328-99-8282,2024-03-07 09:19:00,R,Hitscher,M,29,White,R,True,3.0,49,False,R,March,Thursday,Adult
705-68-8729,2024-10-14 00:55:00,V,Isoldi,M,15,White,V,True,3.0,28,False,V,October,Monday,Teen
687-64-4420,2023-09-28 06:47:00,W,Mundall,M,13,White,W,True,3.0,54,False,W,September,Thursday,Teen
739-65-5265,2023-10-08 11:21:00,Y,Blakeman,M,12,White,Y,True,3.0,26,False,Y,October,Sunday,Child
100-81-9769,2024-09-03 19:26:00,Y,Moncaster,M,28,White,Y,True,3.0,59,False,Y,September,Tuesday,Adult
234-47-1462,2024-01-30 16:53:00,C,Trainer,M,7,White,C,True,4.0,46,False,C,January,Tuesday,Child
875-15-3130,2023-10-20 09:11:00,H,Jebb,M,29,White,H,True,4.0,23,False,H,October,Friday,Adult
182-46-5147,2023-07-26 06:38:00,I,Simson,M,7,White,I,True,4.0,30,False,I,July,Wednesday,Child
414-05-5287,2023-12-25 10:50:00,I,Satterley,M,57,White,I,True,4.0,31,False,I,December,Monday,Adult
167-90-9984,2024-09-14 20:33:00,J,Clohissy,M,41,White,J,True,4.0,51,False,J,September,Saturday,Adult
795-55-7654,2024-01-28 19:52:00,O,Garlick,M,79,White,O,True,4.0,10,False,O,January,Sunday,Senior
206-75-4960,2023-12-06 22:57:00,P,Meadley,M,53,White,P,True,4.0,14,False,P,December,Wednesday,Adult
706-14-8158,2023-10-23 10:02:00,Q,Higford,M,18,White,Q,True,4.0,35,False,Q,October,Monday,Teen
763-76-9073,2023-11-21 03:32:00,D,Ralph,M,63,White,D,True,5.0,14,False,D,November,Tuesday,Senior
250-43-2257,2023-10-13 12:53:00,H,McBlain,M,27,White,H,True,5.0,12,False,H,October,Friday,Adult
120-58-8955,2023-09-13 05:30:00,N,Grayling,M,69,White,N,True,5.0,10,False,N,September,Wednesday,Senior
721-46-0379,2024-09-16 01:53:00,N,Roots,M,15,White,N,True,5.0,43,False,N,September,Monday,Teen
807-69-0903,2023-01-09 01:54:00,T,Cocker,M,68,White,T,True,5.0,15,False,T,January,Monday,Senior
566-74-1481,2023-04-26 12:11:00,V,Clare,M,6,White,V,True,5.0,10,False,V,April,Wednesday,Child
387-01-8943,2023-08-20 08:40:00,X,Gadson,M,24,White,X,True,5.0,21,False,X,August,Sunday,Adult
107-66-6733,2023-04-19 07:51:00,Y,Padula,M,78,White,Y,True,5.0,35,False,Y,April,Wednesday,Senior
443-64-7889,2024-07-02 16:57:00,C,Ashdown,M,40,White,C,True,6.0,34,False,C,July,Tuesday,Adult
759-48-2045,2023-10-09 06:13:00,K,Kerbey,M,50,White,K,True,6.0,22,False,K,October,Monday,Adult
431-26-3182,2024-10-24 19:23:00,R,Baughan,M,6,White,R,True,6.0,14,False,R,October,Thursday,Child
412-11-8092,2024-04-15 05:04:00,S,Reid,M,41,White,S,True,6.0,51,False,S,April,Monday,Adult
501-47-2075,2023-01-08 09:42:00,W,Dutson,M,51,White,W,True,6.0,20,False,W,January,Sunday,Adult
471-56-8796,2023-12-16 04:22:00,O,Giovannardi,M,46,White,O,True,7.0,49,False,O,December,Saturday,Adult
484-79-5250,2024-09-16 11:57:00,S,Joslow,M,31,White,S,True,7.0,35,False,S,September,Monday,Adult
240-81-9498,2024-05-26 03:00:00,T,Dodell,M,76,White,T,True,7.0,26,False,T,May,Sunday,Senior
162-27-6936,2024-10-08 02:24:00,Z,Strood,M,50,White,Z,True,7.0,12,False,Z,October,Tuesday,Adult
442-41-7832,2023-07-04 06:09:00,A,Nesey,M,10,White,A,True,8.0,17,False,A,July,Tuesday,Child
516-49-3296,2023-09-23 13:00:00,I,Whitney,M,7,White,I,True,8.0,19,False,I,September,Saturday,Child
175-48-0991,2024-07-19 16:43:00,I,Safell,M,11,White,I,True,8.0,46,False,I,July,Friday,Child
619-90-9286,2024-08-03 16:02:00,O,Mateiko,M,67,White,O,True,8.0,15,False,O,August,Saturday,Senior
528-29-5097,2024-02-27 03:34:00,O,Bolmann,M,67,White,O,True,8.0,47,False,O,February,Tuesday,Senior
726-38-4364,2024-01-28 08:54:00,Q,Pickthall,M,46,White,Q,True,8.0,26,False,Q,January,Sunday,Adult
145-19-0752,2024-08-28 20:37:00,U,Cunah,M,76,White,U,True,8.0,14,False,U,August,Wednesday,Senior
517-78-7068,2024-07-22 02:03:00,U,Larvin,M,7,White,U,True,8.0,47,False,U,July,Monday,Child
863-45-9504,2023-11-23 08:29:00,W,Hame,M,44,White,W,True,8.0,51,False,W,November,Thursday,Adult
579-19-0372,2024-04-18 13:50:00,Y,Leibold,M,39,White,Y,True,8.0,35,False,Y,April,Thursday,Adult
126-50-2838,2023-10-11 13:34:00,C,Klulik,M,2,White,C,True,9.0,14,False,C,October,Wednesday,Child
785-52-4020,2023-06-26 11:10:00,C,Heintsch,M,45,White,C,True,9.0,57,False,C,June,Monday,Adult
188-25-8373,2024-08-07 13:17:00,C,Hellicar,M,47,White,C,True,9.0,59,False,C,August,Wednesday,Adult
394-03-8280,2023-10-27 04:16:00,F,Allport,M,63,White,F,True,9.0,47,False,F,October,Friday,Senior
498-09-2825,2024-04-06 23:48:00,I,Watmore,M,43,White,I,True,9.0,12,False,I,April,Saturday,Adult
296-68-1456,2024-12-02 19:08:00,K,Abbati,M,48,White,K,True,9.0,26,False,K,December,Monday,Adult
667-43-0137,2024-04-19 20:21:00,L,Self,M,79,White,L,True,9.0,42,False,L,April,Friday,Senior
169-60-6555,2024-02-23 21:54:00,N,Giral,M,57,White,N,True,9.0,59,False,N,February,Friday,Adult
417-69-4255,2023-07-19 01:25:00,S,Prene,M,64,White,S,True,9.0,16,False,S,July,Wednesday,Senior
649-44-3448,2023-10-21 13:35:00,Z,Worsall,M,36,White,Z,True,9.0,25,False,Z,October,Saturday,Adult
307-89-1652,2024-11-06 01:55:00,D,Eglese,M,3,White,D,True,10.0,54,False,D,November,Wednesday,Child
780-44-8461,2024-05-28 11:08:00,K,Caudelier,M,79,White,K,True,10.0,11,False,K,May,Tuesday,Senior
428-30-2009,2024-03-28 13:01:00,K,Spurriar,M,62,White,K,True,10.0,19,False,K,March,Thursday,Senior
818-18-4154,2024-06-24 16:04:00,K,Gosnold,M,75,White,K,True,10.0,45,False,K,June,Monday,Senior
723-69-3853,2023-10-14 09:32:00,L,Dungate,M,28,White,L,True,10.0,59,False,L,October,Saturday,Adult
150-72-7421,2024-03-05 03:05:00,M,Lister,M,23,White,M,True,10.0,53,False,M,March,Tuesday,Adult
529-55-5610,2023-09-18 09:20:00,M,Taffs,M,67,White,M,True,10.0,59,False,M,September,Monday,Senior
128-42-7299,2023-06-28 03:17:00,Q,Denidge,M,16,White,Q,True,10.0,58,False,Q,June,Wednesday,Teen
779-25-0290,2024-02-25 10:22:00,V,Pratten,M,70,White,V,True,10.0,29,False,V,February,Sunday,Senior
243-85-2527,2023-11-17 07:36:00,W,Grummitt,M,12,White,W,True,10.0,41,False,W,November,Friday,Child
778-04-7220,2023-05-16 11:31:00,Y,Hutfield,M,56,White,Y,True,10.0,12,True,Y,May,Tuesday,Adult
648-86-9843,2024-12-04 11:14:00,Z,Boyington,M,50,White,Z,True,10.0,30,False,Z,December,Wednesday,Adult
116-94-4270,2023-12-20 05:42:00,Z,Twiddle,M,35,White,Z,True,10.0,44,False,Z,December,Wednesday,Adult
450-09-5808,2024-10-08 22:43:00,A,Saladine,M,3,White,A,True,,31,False,A,October,Tuesday,Child
744-52-3785,2024-07-19 08:58:00,A,Josuweit,M,60,White,A,True,,47,False,A,July,Friday,Adult
744-01-1240,2023-04-22 18:46:00,C,Jindrich,M,68,White,C,True,,12,False,C,April,Saturday,Senior
570-14-8462,2024-02-25 05:46:00,C,Meeland,M,24,White,C,True,,20,False,C,February,Sunday,Adult
325-51-1348,2023-11-11 00:10:00,C,Wiltsher,M,33,White,C,True,,37,False,C,November,Saturday,Adult
401-65-8779,2024-10-20 12:24:00,D,Timms,M,58,White,D,True,,21,False,D,October,Sunday,Adult
271-80-8403,2024-05-31 03:11:00,D,Riddoch,M,27,White,D,True,,33,False,D,May,Friday,Adult
804-04-1122,2024-07-02 12:12:00,E,Humpatch,M,79,White,E,True,,12,False,E,July,Tuesday,Senior
171-10-8865,2024-08-15 22:19:00,E,Dugue,M,73,White,E,True,,38,False,E,August,Thursday,Senior
402-60-5865,2024-04-03 11:09:00,E,Lovart,M,57,White,E,True,,56,False,E,April,Wednesday,Adult
631-01-2994,2024-11-10 18:53:00,H,Guinan,M,67,White,H,True,,20,False,H,November,Sunday,Senior
155-92-4223,2023-05-30 20:05:00,I,Sheppey,M,1,White,I,True,,14,True,I,May,Tuesday,Child
803-55-5052,2023-11-19 11:32:00,I,Vinick,M,77,White,I,True,,45,False,I,November,Sunday,Senior
260-70-4444,2024-10-01 13:57:00,I,Temprell,M,46,White,I,True,,47,False,I,October,Tuesday,Adult
741-91-5044,2023-09-19 03:40:00,I,Dallan,M,5,White,I,True,,57,False,I,September,Tuesday,Child
313-71-4006,2024-08-30 12:06:00,I,Lamputt,M,21,White,I,True,,58,False,I,August,Friday,Adult
865-28-1195,2024-09-05 01:41:00,I,Elcy,M,66,White,I,True,,59,False,I,September,Thursday,Senior
670-47-0693,2023-09-24 03:29:00,I,Stockoe,M,60,White,I,True,,60,False,I,September,Sunday,Adult
544-20-1544,2024-10-22 15:41:00,K,Leyrroyd,M,31,White,K,True,,17,False,K,October,Tuesday,Adult
767-80-3235,2024-03-31 15:56:00,K,Jenk,M,53,White,K,True,,56,False,K,March,Sunday,Adult
302-68-9742,2024-01-13 11:39:00,L,Penylton,M,33,White,L,True,,32,False,L,January,Saturday,Adult
612-69-6427,2024-05-22 02:25:00,M,Stockings,M,38,White,M,True,,38,False,M,May,Wednesday,Adult
454-42-3319,2024-12-04 15:04:00,O,Kneaphsey,M,27,White,O,True,,21,False,O,December,Wednesday,Adult
873-58-0383,2023-12-15 11:08:00,O,Hiley,M,57,White,O,True,,23,False,O,December,Friday,Adult
721-25-3053,2024-02-17 21:50:00,O,Saffill,M,31,White,O,True,,49,False,O,February,Saturday,Adult
514-16-0437,2023-05-05 18:02:00,O,Wiggin,M,36,White,O,True,,59,True,O,May,Friday,Adult
236-11-6588,2023-12-20 18:44:00,P,Kibbye,M,9,White,P,True,,17,False,P,December,Wednesday,Child
383-96-0966,2023-05-14 02:21:00,Q,Archbutt,M,19,White,Q,True,,34,True,Q,May,Sunday,Adult
554-45-2268,2024-05-02 16:46:00,Q,Manoelli,M,71,White,Q,True,,47,False,Q,May,Thursday,Senior
113-25-9451,2023-09-10 06:06:00,R,Craigie,M,70,White,R,True,,12,False,R,September,Sunday,Senior
730-54-8361,2024-01-01 13:00:00,R,O'Lennachain,M,59,White,R,True,,45,False,R,January,Monday,Adult
374-46-8007,2024-10-01 17:18:00,R,McLugish,M,11,White,R,True,,60,False,R,October,Tuesday,Child
529-58-1742,2023-12-04 01:56:00,S,Sellman,M,26,White,S,True,,16,False,S,December,Monday,Adult
195-71-9241,2023-08-16 07:41:00,S,Parke,M,67,White,S,True,,17,False,S,August,Wednesday,Senior
303-87-6258,2023-10-31 17:38:00,S,Sandom,M,31,White,S,True,,36,False,S,October,Tuesday,Adult
627-11-7847,2024-09-22 09:36:00,T,Smithies,M,59,White,T,True,,13,False,T,September,Sunday,Adult
654-49-3579,2024-02-23 23:38:00,T,Alessandrucci,M,15,White,T,True,,38,False,T,February,Friday,Teen
337-01-5340,2023-12-30 06:20:00,T,Dicken,M,45,White,T,True,,49,False,T,December,Saturday,Adult
128-67-3156,2023-09-10 14:34:00,V,Kellington,M,77,White,V,True,,19,False,V,September,Sunday,Senior
128-72-0119,2024-07-21 06:09:00,V,Irce,M,51,White,V,True,,27,False,V,July,Sunday,Adult
303-93-1485,2023-10-19 16:57:00,V,Erdes,M,13,White,V,True,,28,False,V,October,Thursday,Teen
888-26-4566,2023-11-17 00:23:00,X,Jerzyk,M,37,White,X,True,,16,False,X,November,Friday,Adult
689-34-0657,2024-10-04 18:43:00,X,Furmonger,M,61,White,X,True,,21,False,X,October,Friday,Senior
831-25-4717,2024-12-07 09:35:00,X,McGriffin,M,31,White,X,True,,58,False,X,December,Saturday,Adult
899-65-7826,2023-11-06 23:39:00,Y,Allan,M,26,White,Y,True,,42,False,Y,November,Monday,Adult
853-93-6417,2023-08-11 06:32:00,Y,O'Feeney,M,76,White,Y,True,,49,False,Y,August,Friday,Senior
297-74-6777,2024-06-30 14:19:00,Z,Bartolomeu,M,33,White,Z,True,,21,False,Z,June,Sunday,Adult
341-43-1062,2024-03-27 12:39:00,Z,Fishlock,M,11,White,Z,True,,35,False,Z,March,Wednesday,Child
537-28-9473,2023-05-18 23:05:00,Z,Losel,M,33,White,Z,True,,48,True,Z,May,Thursday,Adult
503-18-9280,2023-01-09 15:53:00,X,Brightman,M,35,White,X,True,0.0,28,False,X,January,Monday,Adult
866-67-5375,2024-10-20 15:20:00,Q,Duffield,M,27,White,Q,True,1.0,58,False,Q,October,Sunday,Adult
670-84-1971,2024-07-09 18:11:00,U,Goodsell,M,67,White,U,True,1.0,16,False,U,July,Tuesday,Senior
231-43-5762,2024-03-22 23:43:00,X,Northam,M,74,White,X,True,1.0,45,False,X,March,Friday,Senior
289-70-6054,2024-09-28 16:44:00,R,Edworthie,M,32,White,R,True,2.0,22,False,R,September,Saturday,Adult
624-82-0024,2024-05-18 01:08:00,R,Gensavage,M,52,White,R,True,2.0,27,False,R,May,Saturday,Adult
317-19-5775,2024-09-20 06:12:00,C,Fossett,M,39,White,C,True,3.0,32,False,C,September,Friday,Adult
279-67-2224,2024-10-18 00:08:00,H,Gainsboro,M,30,White,H,True,4.0,14,False,H,October,Friday,Adult
409-26-1045,2023-06-18 02:17:00,C,Gannicott,M,58,White,C,True,5.0,46,False,C,June,Sunday,Adult
538-56-3650,2024-01-27 04:21:00,R,Dobell,M,26,White,R,True,6.0,57,False,R,January,Saturday,Adult
405-65-1693,2023-03-08 01:05:00,A,Kobke,M,24,White,A,True,7.0,59,False,A,March,Wednesday,Adult
683-71-6277,2024-10-28 08:29:00,I,Batistelli,M,67,White,I,True,7.0,43,False,I,October,Monday,Senior
662-30-2417,2023-10-26 06:50:00,L,O' Ronan,M,10,White,L,True,7.0,49,False,L,October,Thursday,Child
229-27-7861,2024-10-21 19:51:00,Q,Attwater,M,41,White,Q,True,7.0,10,False,Q,October,Monday,Adult
754-19-7780,2023-11-18 04:14:00,Q,Gregorio,M,1,White,Q,True,7.0,51,False,Q,November,Saturday,Child
513-78-9014,2023-05-04 16:47:00,Y,Clapshaw,M,5,White,Y,True,7.0,56,False,Y,May,Thursday,Child
613-64-3858,2024-03-20 13:16:00,I,Well,M,54,White,I,True,8.0,21,False,I,March,Wednesday,Adult
279-74-0305,2024-02-10 08:22:00,L,Rotte,M,2,White,L,True,8.0,16,False,L,February,Saturday,Child
439-32-1631,2023-12-04 15:25:00,L,Quinton,M,16,White,L,True,8.0,42,False,L,December,Monday,Teen
879-36-5037,2023-09-06 06:14:00,E,Venable,M,65,White,E,True,10.0,33,False,E,September,Wednesday,Senior
100-67-1276,2023-03-11 08:26:00,S,Hallbird,M,55,White,S,True,10.0,11,False,S,March,Saturday,Adult
464-34-7283,2023-08-10 07:14:00,C,Bullocke,M,34,White,C,True,,58,False,C,August,Thursday,Adult
639-25-3650,2023-03-06 09:01:00,J,Feavearyear,M,74,White,J,True,,45,False,J,March,Monday,Senior
199-16-2312,2024-10-17 14:30:00,L,Dohmer,M,51,White,L,True,,18,False,L,October,Thursday,Adult
389-78-9698,2023-06-24 13:44:00,L,Lambkin,M,11,White,L,True,,42,False,L,June,Saturday,Child
226-44-1067,2024-11-04 23:03:00,L,Antoniutti,M,15,White,L,True,,49,False,L,November,Monday,Teen
208-73-8872,2024-02-26 04:42:00,L,Gerran,M,60,White,L,True,,59,False,L,February,Monday,Adult
234-45-3966,2024-10-01 12:09:00,M,Treweek,M,14,White,M,True,,16,False,M,October,Tuesday,Teen
418-18-9350,2024-05-22 21:20:00,R,Whitehorne,M,38,White,R,True,,15,False,R,May,Wednesday,Adult
385-87-1090,2024-03-01 23:33:00,R,Reuben,M,44,White,R,True,,48,False,R,March,Friday,Adult
289-59-5485,2024-09-30 01:45:00,S,Dominelli,M,14,White,S,True,,30,False,S,September,Monday,Teen
244-01-5218,2024-10-05 06:13:00,T,Southwick,M,15,White,T,True,,60,False,T,October,Saturday,Teen
437-12-1504,2023-08-09 11:24:00,V,Ceillier,M,16,White,V,True,,56,False,V,August,Wednesday,Teen
281-80-0574,2024-02-09 00:01:00,Y,Pawelczyk,M,24,White,Y,True,,54,False,Y,February,Friday,Adult
167-31-9013,2023-09-18 10:51:00,R,Laxe,M,13,White,R,True,1.0,39,False,R,September,Monday,Teen
259-09-5907,2023-02-05 21:01:00,U,Kimbrough,M,79,White,U,True,1.0,56,True,U,February,Sunday,Senior
404-07-5929,2023-11-30 17:06:00,J,Rawdall,M,37,White,J,True,2.0,49,False,J,November,Thursday,Adult
365-99-9238,2024-02-14 23:02:00,N,Delbergue,M,42,White,N,True,4.0,39,False,N,February,Wednesday,Adult
135-96-4722,2024-08-01 18:29:00,V,Ganderton,M,78,White,V,True,4.0,49,False,V,August,Thursday,Senior
382-23-4466,2024-07-25 13:08:00,A,Longridge,M,21,White,A,True,5.0,22,False,A,July,Thursday,Adult
815-34-1721,2024-01-28 11:40:00,B,Balwin,M,54,White,B,True,6.0,23,False,B,January,Sunday,Adult
496-40-2289,2024-07-28 18:05:00,Y,Peiser,M,8,White,Y,True,6.0,27,False,Y,July,Sunday,Child
448-60-8500,2024-09-25 15:23:00,O,Josofovitz,M,52,White,O,True,7.0,35,False,O,September,Wednesday,Adult
534-84-2695,2024-07-27 04:12:00,T,Edinborough,M,54,White,T,True,7.0,34,False,T,July,Saturday,Adult
743-65-5099,2024-02-18 11:35:00,M,Peschmann,M,30,White,M,True,8.0,58,False,M,February,Sunday,Adult
258-20-1592,2023-04-28 17:59:00,M,de Bullion,M,2,White,M,True,10.0,56,False,M,April,Friday,Child
636-68-1107,2024-03-27 01:01:00,I,Dannell,M,11,White,I,True,,49,False,I,March,Wednesday,Child
772-16-7370,2024-07-16 13:44:00,P,Minette,M,72,White,P,True,,40,False,P,July,Tuesday,Senior
406-35-8082,2023-08-22 14:53:00,U,Caze,M,4,White,U,True,4.0,44,False,U,August,Tuesday,Child
821-25-7925,2024-08-23 14:32:00,Y,Donovan,NC,73,African American,Y,True,,30,False,Y,August,Friday,Senior
313-21-4953,2024-08-28 17:38:00,J,Spradbrow,NC,42,Asian,J,True,,43,False,J,August,Wednesday,Adult
226-92-3412,2024-06-28 23:12:00,G,Antoniak,NC,19,Asian,G,True,,49,False,G,June,Friday,Adult
412-85-3832,2024-05-16 17:06:00,V,Riccardo,NC,14,Asian,V,True,,36,False,V,May,Thursday,Teen
708-91-2439,2024-05-14 23:43:00,S,Renals,NC,73,Declined to Identify,S,True,1.0,38,False,S,May,Tuesday,Senior
249-47-9666,2024-01-03 08:50:00,Y,Greep,NC,35,White,Y,True,,39,False,Y,January,Wednesday,Adult
